  [1/1182] 0_empty ok
  [2/1182] 0_other ok
  [3/1182] 0_otherbnode ok
  [4/1182] 1dot_pass-noOthers ok
  [5/1182] 1dot-base_pass-noOthers ok
  [6/1182] 1dotSemi_pass-noOthers ok
  [7/1182] 1dotLNex_pass-noOthers ok
  [8/1182] 1dotNS2_pass-noOthers ok
  [9/1182] 1dotNS2SingleComment_pass-noOthers ok
  [10/1182] 1dotLNexSingleComment_pass-noOthers ok
  [11/1182] 1dotLNdefault_pass-noOthers ok
  [12/1182] 1dotNSdefault_pass-noOthers ok
  [13/1182] 1dotLNex-HYPHEN_MINUS_pass-noOthers ok
  [14/1182] 1dot_pass-others_lexicallyEarlier ok
  [15/1182] 1dot_pass-others_lexicallyLater ok
  [16/1182] bnode1dot_pass-others_lexicallyEarlier ok
  [17/1182] 1inversedot_pass-noOthers ok
  [18/1182] 1inversedot_pass-over_lexicallyEarlier ok
  [19/1182] 1inversedot_pass-over_lexicallyLater ok
  [20/1182] 1Adot_pass ok
  [21/1182] 1iri_pass-iri ok
  [22/1182] 1bnode_pass-bnode ok
  [23/1182] 1literal_pass-literal ok
  [24/1182] 1nonliteral_pass-iri ok
  [25/1182] 1focusnonLiteralLength-nonLiteralLength_pass ok
  [26/1182] 1nonliteral_pass-bnode ok
  [27/1182] 1datatype_pass ok
  [28/1182] 1datatypelangString_pass ok
  [29/1182] integer-n1_pass ok
  [30/1182] integer-0_pass ok
  [31/1182] integer-1_pass ok
  [32/1182] integer-p1_pass ok
  [33/1182] decimal-n1_pass ok
  [34/1182] decimal-0_pass ok
  [35/1182] decimal-1_pass ok
  [36/1182] decimal-p1_pass ok
  [37/1182] decimal-n1.0_pass ok
  [38/1182] decimal-p1.0_pass ok
  [39/1182] float-n1_pass ok
  [40/1182] float-0_pass ok
  [41/1182] float-1_pass ok
  [42/1182] float-p1_pass ok
  [43/1182] float-n1.0_pass ok
  [44/1182] float-p1.0_pass ok
  [45/1182] float-1elowercase0_pass ok
  [46/1182] float-1E0_pass ok
  [47/1182] float-NaN_pass ok
  [48/1182] float-INF_pass ok
  [49/1182] float-nINF_pass ok
  [50/1182] double-n1_pass ok
  [51/1182] double-0_pass ok
  [52/1182] double-1_pass ok
  [53/1182] double-p1_pass ok
  [54/1182] double-n1.0_pass ok
  [55/1182] double-p1.0_pass ok
  [56/1182] double-1E0_pass ok
  [57/1182] double-1e0_pass ok
  [58/1182] double-NaN_pass ok
  [59/1182] double-INF_pass ok
  [60/1182] double-nINF_pass ok
  [61/1182] nonPositiveInteger-n1_pass ok
  [62/1182] nonPositiveInteger-0_pass ok
  [63/1182] nonPositiveInteger-p0_pass ok
  [64/1182] nonPositiveInteger-n0_pass ok
  [65/1182] negativeInteger-n1_pass ok
  [66/1182] long-n1_pass ok
  [67/1182] long-0_pass ok
  [68/1182] long-1_pass ok
  [69/1182] long-p1_pass ok
  [70/1182] int-n1_pass ok
  [71/1182] int-0_pass ok
  [72/1182] int-1_pass ok
  [73/1182] int-p1_pass ok
  [74/1182] short-n32768_pass ok
  [75/1182] short-0_pass ok
  [76/1182] short-32767_pass ok
  [77/1182] byte-n128_pass ok
  [78/1182] byte-0_pass ok
  [79/1182] byte-127_pass ok
  [80/1182] nonNegativeInteger-0_pass ok
  [81/1182] nonNegativeInteger-n0_pass ok
  [82/1182] nonNegativeInteger-p0_pass ok
  [83/1182] nonNegativeInteger-1_pass ok
  [84/1182] nonNegativeInteger-p1_pass ok
  [85/1182] unsignedLong-0_pass ok
  [86/1182] unsignedLong-1_pass ok
  [87/1182] unsignedInt-0_pass ok
  [88/1182] unsignedInt-1_pass ok
  [89/1182] unsignedShort-0_pass ok
  [90/1182] unsignedShort-65535_pass ok
  [91/1182] unsignedByte-0_pass ok
  [92/1182] unsignedByte-255_pass ok
  [93/1182] positiveInteger-1_pass ok
  [94/1182] string-empty_pass ok
  [95/1182] string-a_pass ok
  [96/1182] string-0_pass ok
  [97/1182] boolean-true_pass ok
  [98/1182] boolean-false_pass ok
  [99/1182] boolean-0_pass ok
  [100/1182] boolean-1_pass ok
  [101/1182] dateTime-dt_pass ok
  [102/1182] 1card2_pass2 ok
  [103/1182] 1card25_pass2 ok
  [104/1182] 1card25_pass3 ok
  [105/1182] 1card25_pass4 ok
  [106/1182] 1card25_pass5 ok
  [107/1182] 1card2Star_pass2 ok
  [108/1182] 1card2Star_pass3 ok
  [109/1182] 1card2Star_pass6 ok
  [110/1182] 1cardOpt_pass0 ok
  [111/1182] 1cardOpt_pass1 ok
  [112/1182] 1cardPlus_pass1 ok
  [113/1182] 1cardPlus_pass2 ok
  [114/1182] 1cardPlus_pass6 ok
  [115/1182] 1cardStar_pass0 ok
  [116/1182] 1cardStar_pass1 ok
  [117/1182] 1cardStar_pass2 ok
  [118/1182] 1cardStar_pass6 ok
  [119/1182] 1dotRef1_referent,referrer ok
  [120/1182] 1dotRef1_referrer,referent ok
  [121/1182] 1dotRef1_selfReference ok
  [122/1182] 1dotRef1_overMatchesReferent ok
  [123/1182] 1refbnode1_pass ok
  [124/1182] 3circRefS123 ok
  [125/1182] 3circRefPlus1_pass-open ok
  [126/1182] 3circRefPlus1_pass-recursiveData ok
  [127/1182] 1iriRef1_pass-iri ok
  [128/1182] 1bnodeRef1_pass-bnode ok
  [129/1182] 1dotInline1_referrer,referent ok
  [130/1182] 1dotInline1_selfReference ok
  [131/1182] 1dotInline1_overMatchesReferent ok
  [132/1182] 1val1IRIREF_pass ok
  [133/1182] 1val1STRING_LITERAL1_pass ok
  [134/1182] 1val1STRING_LITERAL1_with_all_controls_pass ok
  [135/1182] 1val1STRING_LITERAL1_with_all_punctuation_pass ok
  [136/1182] 1val1STRING_LITERAL1_with_ascii_boundaries_pass ok
  [137/1182] 1val1STRING_LITERAL1_with_UTF8_boundaries_pass ok
  [138/1182] 1val1STRING_LITERAL1_with_ECHAR_escapes_pass ok
  [139/1182] 1val1INTEGER_pass ok
  [140/1182] 1val1DECIMAL_pass ok
  [141/1182] 1val1DOUBLE_pass ok
  [142/1182] 1val1DOUBLElowercase_pass ok
  [143/1182] 1val1LANGTAG_pass ok
  [144/1182] 1val1IRIREFDatatype_pass ok
  [145/1182] 1val1true_pass ok
  [146/1182] 1val1false_pass ok
  [147/1182] 1datatypeLength_pass ok
  [148/1182] 1literalFractiondigits_pass-decimal-short ok
  [149/1182] 1literalFractiondigits_pass-decimal-equal ok
  [150/1182] 1literalFractiondigits_pass-decimal-equalLead ok
  [151/1182] 1literalFractiondigits_pass-decimal-equalTrail ok
  [152/1182] 1literalFractiondigits_pass-decimal-equalLeadTrail ok
  [153/1182] 1literalFractiondigits_pass-integer-short ok
  [154/1182] 1literalFractiondigits_pass-xsd_integer-short ok
  [155/1182] 1literalTotaldigits_pass-decimal-short ok
  [156/1182] 1literalTotaldigits_pass-decimal-equal ok
  [157/1182] 1literalTotaldigits_pass-decimal-equalLead ok
  [158/1182] 1literalTotaldigits_pass-decimal-equalTrail ok
  [159/1182] 1literalTotaldigits_pass-decimal-equalLeadTrail ok
  [160/1182] 1literalTotaldigits_pass-integer-equal ok
  [161/1182] 1literalTotaldigits_pass-xsd_integer-short ok
  [162/1182] 1literalTotaldigits_pass-integer-equalLead ok
  [163/1182] 1literalTotaldigits_pass-integer-equalTrail ok
  [164/1182] 1literalTotaldigits_pass-integer-equalLeadTrail ok
  [165/1182] 1literalTotaldigits_pass-byte-short ok
  [166/1182] 1literalTotaldigits_pass-byte-equal ok
  [167/1182] 1literalMinexclusiveINTEGER_pass-high ok
  [168/1182] 1literalMininclusiveINTEGER_pass-equal ok
  [169/1182] 1literalMininclusiveINTEGER_pass-high ok
  [170/1182] 1literalMaxexclusiveINTEGER_pass-low ok
  [171/1182] 1literalMaxinclusiveINTEGER_pass-low ok
  [172/1182] 1literalMaxinclusiveINTEGER_pass-equal ok
  [173/1182] 1floatMininclusiveINTEGER_pass-equalLead ok
  [174/1182] 1floatMininclusiveINTEGER_pass-equalTrail ok
  [175/1182] 1floatMininclusiveINTEGER_pass-high ok
  [176/1182] 1integerMininclusiveINTEGER_pass-equalLead ok
  [177/1182] 1integerMininclusiveINTEGER_pass-equal ok
  [178/1182] 1integerMininclusiveINTEGER_pass-high ok
  [179/1182] 1floatMininclusiveINTEGERLead_pass-equal ok
  [180/1182] 1integerMininclusiveINTEGER_pass-integer-equal ok
  [181/1182] 1integerMininclusiveINTEGER_pass-integer-high ok
  [182/1182] 1integerMininclusiveINTEGERLead_pass-integer-equal ok
  [183/1182] 1integerMininclusiveINTEGERLead_pass-integer-equalLead ok
  [184/1182] 1integerMininclusiveINTEGERLead_pass-integer-high ok
  [185/1182] 1integerMininclusiveDECIMAL_pass-integer-equal ok
  [186/1182] 1integerMininclusiveDECIMALLeadTrail_pass-integer-equal ok
  [187/1182] 1integerMininclusiveDECIMALLeadTrail_pass-integer-equalLead ok
  [188/1182] 1integerMininclusiveDECIMALLeadTrail_pass-integer-high ok
  [189/1182] 1integerMininclusiveDECIMALint_pass-integer-equal ok
  [190/1182] 1integerMininclusiveDECIMALint_pass-integer-high ok
  [191/1182] 1integerMininclusiveDECIMALintLeadTrail_pass-integer-equal ok
  [192/1182] 1integerMininclusiveDECIMALintLeadTrail_pass-integer-equalLead ok
  [193/1182] 1integerMininclusiveDECIMALintLeadTrail_pass-integer-high ok
  [194/1182] 1integerMininclusiveDOUBLE_pass-integer-equal ok
  [195/1182] 1integerMininclusiveDOUBLELeadTrail_pass-integer-equal ok
  [196/1182] 1integerMininclusiveDOUBLELeadTrail_pass-integer-equalLead ok
  [197/1182] 1integerMininclusiveDOUBLELeadTrail_pass-integer-high ok
  [198/1182] 1integerMininclusiveDOUBLEint_pass-integer-equal ok
  [199/1182] 1integerMininclusiveDOUBLEintLeadTrail_pass-integer-equal ok
  [200/1182] 1integerMininclusiveDOUBLEintLeadTrail_pass-integer-equalLead ok
  [201/1182] 1integerMininclusiveDOUBLEintLeadTrail_pass-integer-high ok
  [202/1182] 1decimalMininclusiveINTEGER_pass-decimal-high ok
  [203/1182] 1decimalMininclusiveINTEGERLead_pass-decimal-high ok
  [204/1182] 1decimalMininclusiveDECIMAL_pass-decimal-equal ok
  [205/1182] 1decimalMininclusiveDECIMAL_pass-decimal-equalLeadTrail ok
  [206/1182] 1decimalMininclusiveDECIMAL_pass-decimal-high ok
  [207/1182] 1decimalMininclusiveDECIMALLeadTrail_pass-decimal-equal ok
  [208/1182] 1decimalMininclusiveDECIMALLeadTrail_pass-decimal-equalLeadTrail ok
  [209/1182] 1decimalMininclusiveDECIMALLeadTrail_pass-decimal-high ok
  [210/1182] 1decimalMininclusiveDECIMALintLeadTrail_pass-decimal-high ok
  [211/1182] 1decimalMininclusiveDOUBLE_pass-decimal-equal ok
  [212/1182] 1decimalMininclusiveDOUBLE_pass-decimal-equalLeadTrail ok
  [213/1182] 1decimalMininclusiveDOUBLELeadTrail_pass-decimal-equal ok
  [214/1182] 1decimalMininclusiveDOUBLELeadTrail_pass-decimal-equalLeadTrail ok
  [215/1182] 1decimalMininclusiveDOUBLELeadTrail_pass-decimal-high ok
  [216/1182] 1decimalMininclusiveDOUBLEintLeadTrail_pass-decimal-high ok
  [217/1182] 1floatMininclusiveINTEGERLead_pass-float-high ok
  [218/1182] 1floatMininclusiveDECIMAL_pass-float-equal ok
  [219/1182] 1floatMininclusiveDECIMAL_pass-float-equalLeadTrail ok
  [220/1182] 1floatMininclusiveDECIMALLeadTrail_pass-float-equal ok
  [221/1182] 1floatMininclusiveDECIMALLeadTrail_pass-float-equalLeadTrail ok
  [222/1182] 1floatMininclusiveDECIMALLeadTrail_pass-float-high ok
  [223/1182] 1floatMininclusiveDECIMALintLeadTrail_pass-float-high ok
  [224/1182] 1floatMininclusiveDOUBLE_pass-float-equal ok
  [225/1182] 1floatMininclusiveDOUBLE_pass-float-equalLeadTrail ok
  [226/1182] 1floatMininclusiveDOUBLELeadTrail_pass-float-equal ok
  [227/1182] 1floatMininclusiveDOUBLELeadTrail_pass-float-equalLeadTrail ok
  [228/1182] 1floatMininclusiveDOUBLELeadTrail_pass-float-high ok
  [229/1182] 1floatMininclusiveDOUBLEintLeadTrail_pass-float-high ok
  [230/1182] 1doubleMininclusiveINTEGERLead_pass-double-high ok
  [231/1182] 1doubleMininclusiveDECIMAL_pass-double-equal ok
  [232/1182] 1doubleMininclusiveDECIMAL_pass-double-equalLeadTrail ok
  [233/1182] 1doubleMininclusiveDECIMALLeadTrail_pass-double-equal ok
  [234/1182] 1doubleMininclusiveDECIMALLeadTrail_pass-double-equalLeadTrail ok
  [235/1182] 1doubleMininclusiveDECIMALLeadTrail_pass-double-high ok
  [236/1182] 1doubleMininclusiveDECIMALintLeadTrail_pass-double-high ok
  [237/1182] 1doubleMininclusiveDOUBLE_pass-double-equal ok
  [238/1182] 1doubleMininclusiveDOUBLE_pass-double-equalLeadTrail ok
  [239/1182] 1doubleMininclusiveDOUBLELeadTrail_pass-double-equal ok
  [240/1182] 1doubleMininclusiveDOUBLELeadTrail_pass-double-equalLeadTrail ok
  [241/1182] 1doubleMininclusiveDOUBLELeadTrail_pass-double-high ok
  [242/1182] 1doubleMininclusiveDOUBLEintLeadTrail_pass-double-high ok
  [243/1182] 1integerMinexclusiveINTEGER_pass-integer-high ok
  [244/1182] 1integerMinexclusiveDECIMALint_pass-integer-high ok
  [245/1182] 1integerMinexclusiveDOUBLEint_pass-integer-high ok
  [246/1182] 1decimalMinexclusiveINTEGER_pass-decimal-high ok
  [247/1182] 1decimalMinexclusiveDECIMAL_pass-decimal-high ok
  [248/1182] 1decimalMinexclusiveDOUBLE_pass-decimal-high ok
  [249/1182] 1floatMinexclusiveINTEGER_pass-float-high ok
  [250/1182] 1floatMinexclusiveDECIMAL_pass-float-high ok
  [251/1182] 1floatMinexclusiveDOUBLE_pass-float-high ok
  [252/1182] 1doubleMinexclusiveINTEGER_pass-double-high ok
  [253/1182] 1doubleMinexclusiveDECIMAL_pass-double-high ok
  [254/1182] 1doubleMinexclusiveDOUBLE_pass-double-high ok
  [255/1182] 1integerMaxinclusiveINTEGER_pass-integer-low ok
  [256/1182] 1integerMaxinclusiveINTEGER_pass-integer-equal ok
  [257/1182] 1integerMaxinclusiveDECIMALint_pass-integer-low ok
  [258/1182] 1integerMaxinclusiveDECIMALint_pass-integer-equal ok
  [259/1182] 1integerMaxinclusiveDOUBLEint_pass-integer-low ok
  [260/1182] 1integerMaxinclusiveDOUBLEint_pass-integer-equal ok
  [261/1182] 1decimalMaxinclusiveINTEGER_pass-decimal-low ok
  [262/1182] 1decimalMaxinclusiveDECIMAL_pass-decimal-low ok
  [263/1182] 1decimalMaxinclusiveDECIMAL_pass-decimal-equal ok
  [264/1182] 1decimalMaxinclusiveDOUBLE_pass-decimal-low ok
  [265/1182] 1decimalMaxinclusiveDOUBLE_pass-decimal-equal ok
  [266/1182] 1floatMaxinclusiveINTEGER_pass-float-low ok
  [267/1182] 1floatMaxinclusiveDECIMAL_pass-float-low ok
  [268/1182] 1floatMaxinclusiveDECIMAL_pass-float-equal ok
  [269/1182] 1floatMaxinclusiveDOUBLE_pass-float-low ok
  [270/1182] 1floatMaxinclusiveDOUBLE_pass-float-equal ok
  [271/1182] 1doubleMaxinclusiveINTEGER_pass-double-low ok
  [272/1182] 1doubleMaxinclusiveDECIMAL_pass-double-low ok
  [273/1182] 1doubleMaxinclusiveDECIMAL_pass-double-equal ok
  [274/1182] 1doubleMaxinclusiveDOUBLE_pass-double-low ok
  [275/1182] 1doubleMaxinclusiveDOUBLE_pass-double-equal ok
  [276/1182] 1integerMaxexclusiveINTEGER_pass-integer-low ok
  [277/1182] 1integerMaxexclusiveDECIMALint_pass-integer-low ok
  [278/1182] 1integerMaxexclusiveDOUBLEint_pass-integer-low ok
  [279/1182] 1decimalMaxexclusiveINTEGER_pass-decimal-low ok
  [280/1182] 1decimalMaxexclusiveDECIMAL_pass-decimal-low ok
  [281/1182] 1decimalMaxexclusiveDOUBLE_pass-decimal-low ok
  [282/1182] 1floatMaxexclusiveINTEGER_pass-float-low ok
  [283/1182] 1floatMaxexclusiveDECIMAL_pass-float-low ok
  [284/1182] 1floatMaxexclusiveDOUBLE_pass-float-low ok
  [285/1182] 1doubleMaxexclusiveINTEGER_pass-double-low ok
  [286/1182] 1doubleMaxexclusiveDECIMAL_pass-double-low ok
  [287/1182] 1doubleMaxexclusiveDOUBLE_pass-double-low ok
  [288/1182] 1Length_pass-lit-equal ok
  [289/1182] 1literalLength_pass-lit-equal ok
  [290/1182] 1iriLength_pass-iri-equal ok
  [291/1182] 1iriRefLength1_pass-iri-equal ok
  [292/1182] 1bnodeLength_pass-bnode-equal ok
  [293/1182] 1nonliteralLength_pass-iri-equal ok
  [294/1182] 1nonliteralLength_pass-bnode-equal ok
  [295/1182] 1literalMinlength_pass-lit-equal ok
  [296/1182] 1literalMinlength_pass-lit-long ok
  [297/1182] 1iriMinlength_pass-iri-equal ok
  [298/1182] 1iriMinlength_pass-iri-long ok
  [299/1182] 1bnodeMinlength_pass-bnode-equal ok
  [300/1182] 1bnodeMinlength_pass-bnode-long ok
  [301/1182] 1nonliteralMinlength_pass-iri-equal ok
  [302/1182] 1nonliteralMinlength_pass-iri-long ok
  [303/1182] 1nonliteralMinlength_pass-bnode-equal ok
  [304/1182] 1nonliteralMinlength_pass-bnode-long ok
  [305/1182] 1literalMaxlength_pass-lit-short ok
  [306/1182] 1literalMaxlength_pass-lit-equal ok
  [307/1182] 1iriMaxlength_pass-iri-short ok
  [308/1182] 1iriMaxlength_pass-iri-equal ok
  [309/1182] 1bnodeMaxlength_pass-bnode-short ok
  [310/1182] 1bnodeMaxlength_pass-bnode-equal ok
  [311/1182] 1nonliteralMaxlength_pass-iri-short ok
  [312/1182] 1nonliteralMaxlength_pass-iri-equal ok
  [313/1182] 1nonliteralMaxlength_pass-bnode-short ok
  [314/1182] 1nonliteralMaxlength_pass-bnode-equal ok
  [315/1182] 1literalPattern_pass-lit-match ok
  [316/1182] 1literalPatterni_pass-lit-match ok
  [317/1182] 1literalPatterni_pass-lit-BC ok
  [318/1182] 1literalPatterni_pass-lit-blowercaseC ok
  [319/1182] 1literalPattern_pass-lit-into ok
  [320/1182] 1literalStartPattern_pass-bc ok
  [321/1182] 1literalPatternEnd_pass-bc ok
  [322/1182] 1literalPattern_pass-bcDollar ok
  [323/1182] 1literalStarPatternEnd_pass-bc ok
  [324/1182] 1literalPattern_pass-CarrotbcDollar ok
  [325/1182] 1literalPattern_with_all_meta_pass ok
  [326/1182] 1literalPattern_with_all_meta_pass-NA ok
  [327/1182] 1literalPattern_with_all_controls_pass ok
  [328/1182] 1literalPattern_with_all_punctuation_pass ok
  [329/1182] 1literalPattern_with_ascii_boundaries_pass ok
  [330/1182] 1literalPattern_with_UTF8_boundaries_pass ok
  [331/1182] 1literalPattern_with_REGEXP_escapes_pass ok
  [332/1182] 1literalPattern_with_REGEXP_escapes_escaped_pass ok
  [333/1182] 1literalPattern_with_REGEXP_escapes_bare_pass ok
  [334/1182] 1literalPattern_with_REGEXP_escapes_pass_bare ok
  [335/1182] 1literalPattern_with_REGEXP_escapes_bare_pass_escapes ok
  [336/1182] 1literalPatternDollar_pass-litDollar-match ok
  [337/1182] 1literalCarrotPatternDollar_pass-CarrotbcDollar ok
  [338/1182] 1iriPattern_pass-iri-match ok
  [339/1182] 1bnodePattern_pass-bnode-match ok
  [340/1182] 1bnodePattern_fail-bnode-long ok
  [341/1182] 1nonliteralPattern_pass-iri-match ok
  [342/1182] 1nonliteralPattern_pass-iri-long ok
  [343/1182] 1nonliteralPattern_pass-bnode-match ok
  [344/1182] 1nonliteralPattern_pass-bnode-long ok
  [345/1182] 1val1dotMinusiri3_pass ok
  [346/1182] 1val1refvsMinusiri3_pass ok
  [347/1182] 1val1dotMinusiriStem3_pass ok
  [348/1182] 1val1iri_passv1 ok
  [349/1182] 1val1iriStem_passv1 ok
  [350/1182] 1val1iriStem_passv1a ok
  [351/1182] 1val1iriStemMinusiri3_passIv ok
  [352/1182] 1val1iriStemMinusiri3_passIv4 ok
  [353/1182] 1val1iriStemMinusiri3_passIv1a ok
  [354/1182] 1val1iriStemMinusiriStem3_passIv ok
  [355/1182] 1val1iriStemMinusiriStem3_passIv4 ok
  [356/1182] 1val1literal_passv ok
  [357/1182] 1val1literalStem_passv1 ok
  [358/1182] 1val1literalStem_passv1a ok
  [359/1182] 1val1literalStemMinusliteral3_passLv ok
  [360/1182] 1val1literalStemMinusliteral3_passLv4 ok
  [361/1182] 1val1literalStemMinusliteral3_passLv1a ok
  [362/1182] 1val1literalStemMinusliteralStem3_passLv ok
  [363/1182] 1val1literalStemMinusliteralStem3_passLv4 ok
  [364/1182] 1val1language_passLAtfr ok
  [365/1182] 1val1emptylanguageStem_passLAtfr ok
  [366/1182] 1val1emptylanguageStemMinuslanguage3_passLAtfr ok
  [367/1182] 1val1emptylanguageStemMinuslanguage3_passLAtfr-be-fbcl ok
  [368/1182] 1val1emptylanguageStemMinuslanguageStem3_LAtfr ok
  [369/1182] 1val1emptylanguageStemMinuslanguageStem3_LAtfrc ok
  [370/1182] 1val1languageStem_passLAtfr ok
  [371/1182] 1val1languageStem_passLAtfr-be ok
  [372/1182] 1val1languageStem_passLAtfr-be-fbcl ok
  [373/1182] 1val1languageStemMinuslanguage3_passLAtfr ok
  [374/1182] 1val1languageStemMinuslanguage3_passLAtfr-FR ok
  [375/1182] 1val1languageStemMinuslanguage3_passLAtfr-be-fbcl ok
  [376/1182] 1val1languageStemMinuslanguageStem3_passLAtfr ok
  [377/1182] 1val1languageStemMinuslanguageStem3_passLAtfr-FR ok
  [378/1182] 1val1languageStemMinuslanguageStem3_passLAtfr-bel ok
  [379/1182] 1dotOne2dot_pass_p1 ok
  [380/1182] 1dotOne2dot_pass_p2p3 ok
  [381/1182] open1dotOneopen2dotcloseclose_pass_p1 ok
  [382/1182] open1dotOneopen2dotcloseclose_pass_p2p3 ok
  [383/1182] openopen1dotOne1dotclose1dotclose_pass_p1p3 ok
  [384/1182] openopen1dotOne1dotclose1dotclose_pass_p2p3 ok
  [385/1182] 1val1vExprRefIRIREF1_pass-lit-equal ok
  [386/1182] 1val1vExprRefbnode1_pass-lit-equal ok
  [387/1182] 1dotShapeAND1dot3X_pass ok
  [388/1182] 1dotRefAND3_passShape1Shape2Shape3 ok
  [389/1182] 1val1vExpr1AND1AND1Ref3_pass ok
  [390/1182] 1val1vExprRefAND3_pass ok
  [391/1182] 1val1vExprAND3_pass ok
  [392/1182] refBNodeORrefIRI_ReflexiveIRI ok
  [393/1182] refBNodeORrefIRI_IntoReflexiveIRI ok
  [394/1182] refBNodeORrefIRI_IntoReflexiveBNode ok
  [395/1182] refBNodeORrefIRI_CyclicIRI_IRI ok
  [396/1182] refBNodeORrefIRI_CyclicIRI_BNode ok
  [397/1182] 1dotRefOR3_passShape1 ok
  [398/1182] 1dotRefOR3_passShape2 ok
  [399/1182] 1dotRefOR3_passShape3 ok
  [400/1182] 1dotRefOR3_passShape1Shape2Shape3 ok
  [401/1182] 1val1vExpr1OR1OR1Ref3_passvc1 ok
  [402/1182] 1val1vExpr1OR1OR1Ref3_passvc2 ok
  [403/1182] 1val1vExpr1OR1OR1Ref3_passvc3 ok
  [404/1182] 1val1vExpr1OR1OR1Ref3_passvc1vc2vc3 ok
  [405/1182] 1val1vExprRefOR3_passvc1 ok
  [406/1182] 1val1vExprRefOR3_passvc2 ok
  [407/1182] 1val1vExprRefOR3_passvc3 ok
  [408/1182] 1val1vExprRefOR3_passvc1vc2vc3 ok
  [409/1182] 1val1vExprOR3_passvc1 ok
  [410/1182] 1val1vExprOR3_passvc2 ok
  [411/1182] 1val1vExprOR3_passvc3 ok
  [412/1182] 1val1vExprOR3_passvc1vc2vc3 ok
  [413/1182] 1NOTIRI_passLv ok
  [414/1182] 1NOTNOTIRI_passIo1 ok
  [415/1182] 1NOTvs_passIo1 ok
  [416/1182] 1NOTNOTvs_passIv1 ok
  [417/1182] 1NOTNOTdot_passIv1 ok
  [418/1182] 1NOTNOTdot_passIo1 ok
  [419/1182] 1_NOTliteral_ANDvs_passIv1 ok
  [420/1182] 1NOT_literalANDvs__passIv1 ok
  [421/1182] 1NOT_literalANDvs__passLv ok
  [422/1182] 1NOTliteralANDvs_passIv1 ok
  [423/1182] 1_NOTvs_ANDvs_passIv2 ok
  [424/1182] 1NOT_vsANDvs__passIv1 ok
  [425/1182] 1NOT_vsANDvs__passIv2 ok
  [426/1182] 1NOT_vsANDvs__passIv3 ok
  [427/1182] 1NOTvsANDvs_passIv2 ok
  [428/1182] 1_NOTliteral_ORvs_passIv1 ok
  [429/1182] 1_NOTliteral_ORvs_passIo1 ok
  [430/1182] 1NOT_literalORvs__passIo1 ok
  [431/1182] 1NOTliteralORvs_passIv1 ok
  [432/1182] 1NOTliteralORvs_passIo1 ok
  [433/1182] 1_NOTvs_ORvs_passIv2 ok
  [434/1182] 1_NOTvs_ORvs_passIv3 ok
  [435/1182] 1NOT_vsORvs__passIv3 ok
  [436/1182] 1NOTvsORvs_passIv2 ok
  [437/1182] 1NOTvsORvs_passIv3 ok
  [438/1182] NOT1NOTvs_passIv1 ok
  [439/1182] NOT1NOTvs_passIv2 ok
  [440/1182] 1val1vExpr1AND1OR1Ref3_pass-vc1vc2 ok
  [441/1182] 1val1vExpr1AND1OR1Ref3_pass-vc1vc2vc3 ok
  [442/1182] 1val1vExpr1AND1OR1Ref3_pass-vc1vc3 ok
  [443/1182] 1val1vExpr1OR1AND1Ref3_pass-vc1 ok
  [444/1182] 1val1vExpr1OR1AND1Ref3_pass-vc1vc3 ok
  [445/1182] 1val1vExpr1OR1AND1Ref3_pass-vc2vc3 ok
  [446/1182] open3Onedotclosecard2_pass-p1X2 ok
  [447/1182] open3Onedotclosecard2_pass-p1p2 ok
  [448/1182] open3Onedotclosecard2_pass-p1p3 ok
  [449/1182] open3Onedotclosecard2_pass-p2p3 ok
  [450/1182] open3Onedotclosecard23_pass-p1X2 ok
  [451/1182] open3Onedotclosecard23_pass-p1X3 ok
  [452/1182] open3Onedotclosecard23_pass-p1p2 ok
  [453/1182] open3Onedotclosecard23_pass-p1p3 ok
  [454/1182] open3Onedotclosecard23_pass-p2p3 ok
  [455/1182] open3Onedotclosecard23_pass-p1p2p3 ok
  [456/1182] open3Eachdotclosecard23_pass-p1p2p3X3 ok
  [457/1182] 1val1vShapeANDRef3_pass ok
  [458/1182] 1dotClosed_pass ok
  [459/1182] FocusIRI2EachBnodeNested2EachIRIRef_pass ok
  [460/1182] 1val1IRIREFExtra1_pass-iri1 ok
  [461/1182] 1val1IRIREFExtra1_pass-iri2 ok
  [462/1182] 1val1IRIREFExtra1Closed_pass-iri1 ok
  [463/1182] 1val1IRIREFExtra1Closed_pass-iri2 ok
  [464/1182] 1val1IRIREFClosedExtra1_pass-iri1 ok
  [465/1182] 1val1IRIREFClosedExtra1_pass-iri2 ok
  [466/1182] 1val2IRIREFPlusExtra1_pass-iri2 ok
  [467/1182] 1val2IRIREFExtra1_pass-iri-bnode ok
  [468/1182] 1val1IRIREFExtra1p2_pass-iri1 ok
  [469/1182] 1val1IRIREFExtra1One_pass-iri1 ok
  [470/1182] 1val1IRIREFExtra1One_pass-iri2 ok
  [471/1182] 1dotExtra1_pass-iri1 ok
  [472/1182] 3EachdotExtra3_pass-iri1 ok
  [473/1182] 3Eachdot3Extra_pass-iri1 ok
  [474/1182] 3EachdotExtra3NLex_pass-iri1 ok
  [475/1182] 3EachdotExtra3_pass-iri2 ok
  [476/1182] 3Eachdot3Extra_pass-iri2 ok
  [477/1182] 3EachdotExtra3NLex_pass-iri2 ok
  [478/1182] startRefIRIREF_pass-noOthers ok
  [479/1182] startRefIRIREF_pass-others_lexicallyEarlier ok
  [480/1182] startRefbnode_pass-noOthers ok
  [481/1182] startInline_pass-noOthers ok
  [482/1182] startEqualSpaceInline_pass-noOthers ok
  [483/1182] startSpaceEqualInline_pass-noOthers ok
  [484/1182] 2EachInclude1_pass ok
  [485/1182] 2EachInclude1-after_pass ok
  [486/1182] 2OneInclude1_pass ok
  [487/1182] 2OneInclude1-after_pass ok
  [488/1182] 1dotAnnotIRIREF_pass ok
  [489/1182] 1dotPlusAnnotIRIREF_pass ok
  [490/1182] 1dotAnnotAIRIREF_pass ok
  [491/1182] 1dotAnnotSTRING_LITERAL1_pass ok
  [492/1182] 1dotAnnot3_pass ok
  [493/1182] 1inversedotAnnot3_pass ok
  [494/1182] 1dotShapeAnnotIRIREF_pass ok
  [495/1182] 1dotShapePlusAnnotIRIREF_pass ok
  [496/1182] 1dotShapeAnnotAIRIREF_pass ok
  [497/1182] 1dotShapeAnnotSTRING_LITERAL1_pass ok
  [498/1182] 1dotCode1_pass ok
  [499/1182] 1dotNoCode1_pass ok
  [500/1182] 1inversedotCode1_pass ok
  [501/1182] 1dotCode3_pass ok
  [502/1182] 1dotNoCode3_pass ok
  [503/1182] 1dotCodeWithEscapes1_pass ok
  [504/1182] 1dotShapeCode1_pass ok
  [505/1182] 1dotShapeNoCode1_pass ok
  [506/1182] open3EachdotcloseCode1-p1p2p3 ok
  [507/1182] startCode1_pass ok
  [508/1182] startNoCode1_pass ok
  [509/1182] startCode1startRef_pass ok
  [510/1182] startCode3_pass ok
  [511/1182] open3Eachdotclosecard23Annot3Code2-p1p2p3X3 ok
  [512/1182] 0focusIRI_empty ok
  [513/1182] 0focusIRI_other ok
  [514/1182] 0focusBNODE_empty ok
  [515/1182] 0focusBNODE_other ok
  [516/1182] 1focusIRI_dot_pass ok
  [517/1182] 1focusBNODE_dot_pass ok
  [518/1182] 1focusnonLiteral-dot_pass-iri-equal ok
  [519/1182] focusdatatype_pass ok
  [520/1182] focusdatatype_pass-empty ok
  [521/1182] focusvs_pass ok
  [522/1182] 1focusvsANDIRI_pass ok
  [523/1182] 1focusvsORdatatype_pass-val ok
  [524/1182] 1focusvsORdatatype_pass-dt ok
  [525/1182] focusNOTRefOR1dot_pass-inOR ok
  [526/1182] focusNOTRefOR1dot_pass-other ok
  [527/1182] 1focusLength-dot_pass-iri-equal ok
  [528/1182] 1focusLength-dot_pass-bnode-equal ok
  [529/1182] 1focusMinLength-dot_pass-iri-equal ok
  [530/1182] 1focusMinLength-dot_pass-iri-long ok
  [531/1182] 1focusMinLength-dot_pass-bnode-equal ok
  [532/1182] 1focusMinLength-dot_pass-bnode-long ok
  [533/1182] 1focusMaxLength-dot_pass-iri-short ok
  [534/1182] 1focusMaxLength-dot_pass-iri-equal ok
  [535/1182] 1focusMaxLength-dot_pass-bnode-short ok
  [536/1182] 1focusMaxLength-dot_pass-bnode-equal ok
  [537/1182] 1focusPattern-dot_pass-iri-match ok
  [538/1182] 1focusPatternB-dot_pass-bnode-match ok
  [539/1182] 1focusPatternB-dot_pass-bnode-long ok
  [540/1182] 1focusIRILength_dot_pass ok
  [541/1182] 1focusBNODELength_dot_pass ok
  [542/1182] 1focusnonLiteralLength-dot_pass-iri-equal ok
  [543/1182] NOT1dotOR2dot_pass-empty ok
  [544/1182] NOT1dotOR2dot_pass-NoShape1 ok
  [545/1182] NOT1dotOR2dot_pass-Shape2 ok
  [546/1182] NOT1dotOR2dotX3_pass-empty ok
  [547/1182] NOT1dotOR2dotX3_pass-NoShape1 ok
  [548/1182] NOT1dotOR2dotX3_pass-Shape2 ok
  [549/1182] NOT1dotOR2dotX3AND1_pass-Shape2 ok
  [550/1182] 1NOTRefOR1dot_pass-inOR ok
  [551/1182] 1NOTRefOR1dot_pass-other ok
  [552/1182] shapeExtern_pass ok
  [553/1182] shapeExternRef_pass ok
  [554/1182] 1dot-relative_pass-short-shape ok
  [555/1182] 1dot-relative_pass-relative-shape ok
  [556/1182] false-lead-excluding-value-shape ok
  [557/1182] nPlus1 ok
  [558/1182] nPlus1-greedy-rewrite ok
  [559/1182] skipped ok
  [560/1182] 2Eachdot ok
  [561/1182] open2Eachdotclosecard25c1dot ok
  [562/1182] PstarT ok
  [563/1182] PTstar ok
  [564/1182] PTstar-greedy-rewrite ok
  [565/1182] PstarTstar ok
  [566/1182] P2T2 ok
  [567/1182] 2RefS1-IS2 ok
  [568/1182] 2RefS2-IS1 ok
  [569/1182] 2RefS1-Icirc ok
  [570/1182] 3circRefS1-IS23 ok
  [571/1182] 3circRefS1-IS23_pass-p1 ok
  [572/1182] 3circRefS1-IS2-IS3 ok
  [573/1182] 3circRefS3-IS12 ok
  [574/1182] 3circRefS123-Icirc ok
  [575/1182] 3circRefS1-Icirc ok
  [576/1182] 3circRefS1-IS2-IS3-IS3 ok
  [577/1182] start2RefS1-IstartS2 ok
  [578/1182] start2RefS2-IstartS1 ok
  [579/1182] 1valExprRef-IV1_pass-lit-equal ok
  [580/1182] 1valExprRefbnode-IV1_pass-lit-equal ok
  [581/1182] 2EachInclude1-IS2_pass ok
  [582/1182] 1list0PlusDot-empty_pass ok
  [583/1182] 1list0PlusDot-list_Iv1,Iv2,Iv3_pass ok
  [584/1182] 1list0PlusDot-list_Iv1,Iv2,Lx_pass ok
  [585/1182] 1list0PlusDot-manualList_Iv1,Iv2,Iv3_pass ok
  [586/1182] 1list0PlusIri-empty_pass ok
  [587/1182] 1list0PlusIri-list_Iv1,Iv2,Iv3_pass ok
  [588/1182] 1list1PlusIri-list_Iv1,Iv2,Iv3_pass ok
  [589/1182] dependent_shape ok
  [590/1182] recursion_example ok
  [591/1182] extends-abstract-multi-empty_pass ok
  [592/1182] extends-abstract-multi-empty_pass-missingOptRef1 ok
  [593/1182] ExtendsRepeatedP-pass ok
  [594/1182] ANDAbstract-pass ok
  [595/1182] AND3G-pass ok
  [596/1182] ExtendAND3G-pass ok
  [597/1182] Extend3G-pass ok
  [598/1182] ExtendANDExtend3GAND3G-pass ok
  [599/1182] ExtendANDExtend3GAND3G-t23 ok
  [600/1182] ExtendANDExtend3GAND3G-t33 ok
  [601/1182] vitals-RESTRICTS-pass_lie-Observation ok
  [602/1182] vitals-RESTRICTS-pass_lie-Vital ok
  [603/1182] vitals-RESTRICTS-pass_lie-BP ok
  [604/1182] vitals-RESTRICTS-pass_lie-PostureVital ok
  [605/1182] vitals-RESTRICTS-pass_lie-ReclinedVital ok
  [606/1182] vitals-RESTRICTS-pass_lie-PostureBP ok
  [607/1182] vitals-RESTRICTS-pass_lie-ReclinedBP ok
  [608/1182] vitals-RESTRICTS-pass_lie-Posture ok
  [609/1182] vitals-RESTRICTS-pass_lie-Reclined ok
  [610/1182] vitals-RESTRICTS-pass_sit-Observation ok
  [611/1182] vitals-RESTRICTS-pass_sit-Vital ok
  [612/1182] vitals-RESTRICTS-pass_sit-BP ok
  [613/1182] vitals-RESTRICTS-pass_sit-PostureVital ok
  [614/1182] vitals-RESTRICTS-pass_sit-PostureBP ok
  [615/1182] vitals-RESTRICTS-pass_sit-Posture ok
  [616/1182] extends-closed-diamond_pass-bottom ok
  [617/1182] extends-closed-3diamond-split_pass-bottom ok
  [618/1182] 1dot_fail-empty ok
  [619/1182] 1dot-base_fail-empty ok
  [620/1182] 1dot_fail-missing ok
  [621/1182] 1dot-base_fail-missing ok
  [622/1182] bnode1dot_fail-missing ok
  [623/1182] 1inversedot_fail-empty ok
  [624/1182] 1inversedot_fail-missing ok
  [625/1182] 1iri_fail-bnode ok
  [626/1182] 1iri_fail-literal ok
  [627/1182] 1bnode_fail-iri ok
  [628/1182] 1bnode_fail-literal ok
  [629/1182] 1literal_fail-iri ok
  [630/1182] 1literal_fail-bnode ok
  [631/1182] 1focusnonLiteralLength-nonLiteralLength_fail-short ok
  [632/1182] 1nonliteral_fail-literal ok
  [633/1182] 1datatype_missing ok
  [634/1182] 1datatype_nonLiteral ok
  [635/1182] 1datatype_langString ok
  [636/1182] 1datatype_wrongDatatype ok
  [637/1182] integer-empty_fail ok
  [638/1182] integer-n1.0_fail ok
  [639/1182] integer-p1.0_fail ok
  [640/1182] integer-1E0_fail ok
  [641/1182] integer-NaN_fail ok
  [642/1182] integer-INF_fail ok
  [643/1182] decimal-empty_fail ok
  [644/1182] decimal-1E0_fail ok
  [645/1182] decimal-NaN_fail ok
  [646/1182] decimal-INF_fail ok
  [647/1182] float-empty_fail ok
  [648/1182] float-pINF_fail ok
  [649/1182] double-empty_fail ok
  [650/1182] double-pINF_fail ok
  [651/1182] nonPositiveInteger-1_fail ok
  [652/1182] nonPositiveInteger-p1_fail ok
  [653/1182] nonPositiveInteger-1a_fail ok
  [654/1182] nonPositiveInteger-a1_fail ok
  [655/1182] negativeInteger-0_fail ok
  [656/1182] negativeInteger-p0_fail ok
  [657/1182] negativeInteger-n0_fail ok
  [658/1182] negativeInteger-1_fail ok
  [659/1182] short-n32769_fail ok
  [660/1182] short-32768_fail ok
  [661/1182] byte-empty_fail ok
  [662/1182] byte-n129_fail ok
  [663/1182] byte-128_fail ok
  [664/1182] nonNegativeInteger-n1_fail ok
  [665/1182] unsignedLong-n1_fail ok
  [666/1182] unsignedInt-n1_fail ok
  [667/1182] unsignedShort-n1_fail ok
  [668/1182] unsignedShort-65536_fail ok
  [669/1182] unsignedByte-n1_fail ok
  [670/1182] unsignedByte-256_fail ok
  [671/1182] positiveInteger-n1_fail ok
  [672/1182] positiveInteger-0_fail ok
  [673/1182] boolean-empty_fail ok
  [674/1182] boolean-TRUE_fail ok
  [675/1182] boolean-FALSE_fail ok
  [676/1182] boolean-tRuE_fail ok
  [677/1182] boolean-fAlSe_fail ok
  [678/1182] boolean-n1_fail ok
  [679/1182] boolean-2_fail ok
  [680/1182] boolean-10_fail ok
  [681/1182] boolean-01_fail ok
  [682/1182] dateTime-empty_fail ok
  [683/1182] dateTime-dT_fail ok
  [684/1182] dateTime-d_fail ok
  [685/1182] 1card2_fail0 ok
  [686/1182] 1card2_fail1 ok
  [687/1182] 1card2_fail3 ok
  [688/1182] 1card25_fail0 ok
  [689/1182] 1card25_fail1 ok
  [690/1182] 1card25_fail6 ok
  [691/1182] 1card2Star_fail0 ok
  [692/1182] 1card2Star_fail1 ok
  [693/1182] 1cardOpt_fail2 ok
  [694/1182] 1cardOpt_pass6 ok
  [695/1182] 1cardPlus_fail0 ok
  [696/1182] 1literalPlus_Is1_Ip1_La,Io1 ok
  [697/1182] 1dotRef1_missingReferent ok
  [698/1182] 1dotRef1_missingSelfReference ok
  [699/1182] 1dotRef1_overReferrer ok
  [700/1182] 1dotRef1_overReferrer,overReferent ok
  [701/1182] 1refbnode1_fail-g1-arc ok
  [702/1182] 1refbnode1_fail-g2-arc ok
  [703/1182] 1iriRef1_fail-bnode ok
  [704/1182] 1bnodeRef1_fail-iri ok
  [705/1182] 1dotInline1_missingReferent ok
  [706/1182] 1dotInline1_missingSelfReference ok
  [707/1182] 1dotInline1_overReferrer ok
  [708/1182] 1dotInline1_overReferrer,overReferent ok
  [709/1182] 1val1IRIREF_v2 ok
  [710/1182] 1val1IRIREF_v1v2 ok
  [711/1182] 1val1STRING_LITERAL1_fail ok
  [712/1182] 1val1STRING_LITERAL1_with_all_controls_fail ok
  [713/1182] 1val1STRING_LITERAL1_with_all_punctuation_fail ok
  [714/1182] 1val1STRING_LITERAL1_with_ascii_boundaries_fail ok
  [715/1182] 1val1STRING_LITERAL1_with_UTF8_boundaries_fail ok
  [716/1182] 1val1STRING_LITERAL1_with_ECHAR_escapes_fail ok
  [717/1182] 1val1INTEGER_Lab ok
  [718/1182] 1val1INTEGER_00 ok
  [719/1182] 1val1DECIMAL_Lab ok
  [720/1182] 1val1DECIMAL_00 ok
  [721/1182] 1val1DOUBLE_0_0e0 ok
  [722/1182] 1val1DOUBLElowercase_fail-0E0 ok
  [723/1182] 1val1DOUBLElowercase_0_0e0 ok
  [724/1182] 1val1LANGTAG_Lab ok
  [725/1182] 1val1LANGTAG_LabLTen ok
  [726/1182] 1val1LANGTAG_LabLTen-fr-jura ok
  [727/1182] 1val1LANGTAG_LaLTen-fr ok
  [728/1182] 1val1IRIREFDatatype_Lab ok
  [729/1182] 1val1IRIREFDatatype_LabDTbloodType999 ok
  [730/1182] 1val1IRIREFDatatype_LaDTbloodType ok
  [731/1182] 1val1true_false ok
  [732/1182] 1val1true_ab ok
  [733/1182] 1val1false_true ok
  [734/1182] 1val1false_ab ok
  [735/1182] 1datatypeLength_fail-missing ok
  [736/1182] 1datatypeLength_fail-wrongDatatype ok
  [737/1182] 1datatypeLength_fail-short ok
  [738/1182] 1datatypeLength_fail-long ok
  [739/1182] 1literalFractiondigits_fail-decimal-long ok
  [740/1182] 1literalFractiondigits_fail-decimal-longLead ok
  [741/1182] 1literalFractiondigits_fail-decimal-longTrail ok
  [742/1182] 1literalFractiondigits_fail-decimal-longLeadTrail ok
  [743/1182] 1literalFractiondigits_fail-float-equal ok
  [744/1182] 1literalFractiondigits_fail-double-equal ok
  [745/1182] 1literalFractiondigits_fail-malformedxsd_decimal-1_23ab ok
  [746/1182] 1literalFractiondigits_fail-malformedxsd_decimal-1_2345ab ok
  [747/1182] 1literalFractiondigits_fail-malformedxsd_integer-1_2345 ok
  [748/1182] 1literalFractiondigits_fail-iri ok
  [749/1182] 1literalFractiondigits_fail-bnode ok
  [750/1182] 1literalTotaldigits_fail-decimal-long ok
  [751/1182] 1literalTotaldigits_fail-decimal-longLead ok
  [752/1182] 1literalTotaldigits_fail-decimal-longTrail ok
  [753/1182] 1literalTotaldigits_fail-decimal-longLeadTrail ok
  [754/1182] 1literalTotaldigits_fail-integer-longLead ok
  [755/1182] 1literalTotaldigits_fail-integer-longTrail ok
  [756/1182] 1literalTotaldigits_fail-integer-longLeadTrail ok
  [757/1182] 1literalTotaldigits_fail-byte-long ok
  [758/1182] 1literalTotaldigits_fail-float-equal ok
  [759/1182] 1literalTotaldigits_fail-double-equal ok
  [760/1182] 1literalTotaldigits_fail-malformedxsd_decimal-1_23ab ok
  [761/1182] 1literalTotaldigits_fail-malformedxsd_decimal-1_2345ab ok
  [762/1182] 1literalTotaldigits_fail-malformedxsd_integer-1_2345 ok
  [763/1182] 1literalTotaldigits_fail-iri ok
  [764/1182] 1literalTotaldigits_fail-bnode ok
  [765/1182] 1literalMinexclusiveINTEGER_fail-low ok
  [766/1182] 1literalMinexclusiveINTEGER_pass-equal ok
  [767/1182] 1literalMininclusiveINTEGER_fail-low ok
  [768/1182] 1literalMaxexclusiveINTEGER_fail-equal ok
  [769/1182] 1literalMaxexclusiveINTEGER_fail-high ok
  [770/1182] 1literalMaxinclusiveINTEGER_fail-high ok
  [771/1182] 1floatMininclusiveINTEGER_fail-low ok
  [772/1182] 1integerMininclusiveINTEGER_fail-low ok
  [773/1182] 1integerMininclusiveINTEGER_fail-integer-low ok
  [774/1182] 1integerMininclusiveINTEGERLead_fail-integer-low ok
  [775/1182] 1integerMininclusiveDECIMALLeadTrail_fail-integer-low ok
  [776/1182] 1integerMininclusiveDECIMALint_fail-integer-low ok
  [777/1182] 1integerMininclusiveDECIMALintLeadTrail_fail-integer-low ok
  [778/1182] 1integerMininclusiveDOUBLELeadTrail_fail-integer-low ok
  [779/1182] 1integerMininclusiveDOUBLEintLeadTrail_fail-integer-low ok
  [780/1182] 1integerMininclusiveINTEGER_fail-decimal-equal ok
  [781/1182] 1integerMininclusiveINTEGER_fail-float-equal ok
  [782/1182] 1integerMininclusiveINTEGER_fail-double-equal ok
  [783/1182] 1integerMininclusiveINTEGER_fail-dateTime-equal ok
  [784/1182] 1integerMininclusiveINTEGER_fail-string-equal ok
  [785/1182] 1integerMininclusiveINTEGER_fail-byte-equal ok
  [786/1182] 1decimalMininclusiveINTEGER_fail-decimal-low ok
  [787/1182] 1decimalMininclusiveINTEGERLead_fail-decimal-low ok
  [788/1182] 1decimalMininclusiveDECIMAL_fail-decimal-low ok
  [789/1182] 1decimalMininclusiveDECIMALLeadTrail_fail-decimal-low ok
  [790/1182] 1decimalMininclusiveDECIMALintLeadTrail_fail-decimal-low ok
  [791/1182] 1decimalMininclusiveDOUBLE_fail-decimal-low ok
  [792/1182] 1decimalMininclusiveDOUBLELeadTrail_fail-decimal-low ok
  [793/1182] 1decimalMininclusiveDOUBLEintLeadTrail_fail-decimal-low ok
  [794/1182] 1decimalMininclusiveDECIMAL_fail-float-equal ok
  [795/1182] 1decimalMininclusiveDECIMAL_fail-double-equal ok
  [796/1182] 1floatMininclusiveINTEGERLead_fail-float-low ok
  [797/1182] 1floatMininclusiveDECIMALLeadTrail_fail-float-low ok
  [798/1182] 1floatMininclusiveDECIMALintLeadTrail_fail-float-low ok
  [799/1182] 1floatMininclusiveDOUBLELeadTrail_fail-float-low ok
  [800/1182] 1floatMininclusiveDOUBLEintLeadTrail_fail-float-low ok
  [801/1182] 1doubleMininclusiveINTEGERLead_fail-double-low ok
  [802/1182] 1doubleMininclusiveDECIMALLeadTrail_fail-double-low ok
  [803/1182] 1doubleMininclusiveDECIMALintLeadTrail_fail-double-low ok
  [804/1182] 1doubleMininclusiveDOUBLELeadTrail_fail-double-low ok
  [805/1182] 1doubleMininclusiveDOUBLEintLeadTrail_fail-double-low ok
  [806/1182] 1integerMinexclusiveINTEGER_fail-integer-low ok
  [807/1182] 1integerMinexclusiveINTEGER_fail-integer-equal ok
  [808/1182] 1integerMinexclusiveDECIMALint_fail-integer-low ok
  [809/1182] 1integerMinexclusiveDECIMALint_fail-integer-equal ok
  [810/1182] 1integerMinexclusiveDOUBLEint_fail-integer-low ok
  [811/1182] 1integerMinexclusiveDOUBLEint_fail-integer-equal ok
  [812/1182] 1decimalMinexclusiveINTEGER_fail-decimal-low ok
  [813/1182] 1decimalMinexclusiveDECIMAL_fail-decimal-low ok
  [814/1182] 1decimalMinexclusiveDECIMAL_fail-decimal-equal ok
  [815/1182] 1decimalMinexclusiveDOUBLE_fail-decimal-low ok
  [816/1182] 1decimalMinexclusiveDOUBLE_fail-decimal-equal ok
  [817/1182] 1decimalMinexclusiveDECIMAL_fail-float-equal ok
  [818/1182] 1decimalMinexclusiveDECIMAL_fail-double-equal ok
  [819/1182] 1floatMinexclusiveINTEGER_fail-float-low ok
  [820/1182] 1floatMinexclusiveDECIMAL_fail-float-low ok
  [821/1182] 1floatMinexclusiveDECIMAL_fail-float-equal ok
  [822/1182] 1floatMinexclusiveDOUBLE_fail-float-low ok
  [823/1182] 1floatMinexclusiveDOUBLE_fail-float-equal ok
  [824/1182] 1doubleMinexclusiveINTEGER_fail-double-low ok
  [825/1182] 1doubleMinexclusiveDECIMAL_fail-double-low ok
  [826/1182] 1doubleMinexclusiveDECIMAL_fail-double-equal ok
  [827/1182] 1doubleMinexclusiveDOUBLE_fail-double-low ok
  [828/1182] 1doubleMinexclusiveDOUBLE_fail-double-equal ok
  [829/1182] 1doubleMinexclusiveDECIMAL_fail-float-equal ok
  [830/1182] 1integerMaxinclusiveINTEGER_fail-integer-high ok
  [831/1182] 1integerMaxinclusiveDECIMALint_fail-integer-high ok
  [832/1182] 1integerMaxinclusiveDOUBLEint_fail-integer-high ok
  [833/1182] 1decimalMaxinclusiveINTEGER_fail-decimal-high ok
  [834/1182] 1decimalMaxinclusiveDECIMAL_fail-decimal-high ok
  [835/1182] 1decimalMaxinclusiveDOUBLE_fail-decimal-high ok
  [836/1182] 1decimalMaxinclusiveDECIMAL_fail-float-equal ok
  [837/1182] 1decimalMaxinclusiveDECIMAL_fail-double-equal ok
  [838/1182] 1floatMaxinclusiveINTEGER_fail-float-high ok
  [839/1182] 1floatMaxinclusiveDECIMAL_fail-float-high ok
  [840/1182] 1floatMaxinclusiveDOUBLE_fail-float-high ok
  [841/1182] 1doubleMaxinclusiveINTEGER_fail-double-high ok
  [842/1182] 1doubleMaxinclusiveDECIMAL_fail-double-high ok
  [843/1182] 1doubleMaxinclusiveDOUBLE_fail-double-high ok
  [844/1182] 1doubleMaxinclusiveDECIMAL_fail-float-equal ok
  [845/1182] 1integerMaxexclusiveINTEGER_fail-integer-equal ok
  [846/1182] 1integerMaxexclusiveINTEGER_fail-integer-high ok
  [847/1182] 1integerMaxexclusiveDECIMALint_fail-integer-equal ok
  [848/1182] 1integerMaxexclusiveDECIMALint_fail-integer-high ok
  [849/1182] 1integerMaxexclusiveDOUBLEint_fail-integer-equal ok
  [850/1182] 1integerMaxexclusiveDOUBLEint_fail-integer-high ok
  [851/1182] 1decimalMaxexclusiveINTEGER_fail-decimal-high ok
  [852/1182] 1decimalMaxexclusiveDECIMAL_fail-decimal-equal ok
  [853/1182] 1decimalMaxexclusiveDECIMAL_fail-decimal-high ok
  [854/1182] 1decimalMaxexclusiveDOUBLE_fail-decimal-equal ok
  [855/1182] 1decimalMaxexclusiveDOUBLE_fail-decimal-high ok
  [856/1182] 1decimalMaxexclusiveDECIMAL_fail-float-equal ok
  [857/1182] 1decimalMaxexclusiveDECIMAL_fail-double-equal ok
  [858/1182] 1decimalMaxexclusivexsd-byte_fail-byte-equal ok
  [859/1182] 1floatMaxexclusiveINTEGER_fail-float-high ok
  [860/1182] 1floatMaxexclusiveDECIMAL_fail-float-high ok
  [861/1182] 1floatMaxexclusiveDOUBLE_fail-float-high ok
  [862/1182] 1doubleMaxexclusiveINTEGER_fail-double-equal ok
  [863/1182] 1doubleMaxexclusiveINTEGER_fail-double-high ok
  [864/1182] 1doubleMaxexclusiveINTEGERLead_fail-double-equal ok
  [865/1182] 1doubleMaxexclusiveDECIMAL_fail-double-equal ok
  [866/1182] 1doubleMaxexclusiveDECIMAL_fail-double-high ok
  [867/1182] 1doubleMaxexclusiveDECIMALLeadTrail_fail-double-equal ok
  [868/1182] 1doubleMaxexclusiveDECIMALint_fail-double-equal ok
  [869/1182] 1doubleMaxexclusiveDECIMALintLeadTrail_fail-double-equal ok
  [870/1182] 1doubleMaxexclusiveDOUBLE_fail-double-equal ok
  [871/1182] 1doubleMaxexclusiveDOUBLE_fail-double-high ok
  [872/1182] 1doubleMaxexclusiveDOUBLELeadTrail_fail-double-equal ok
  [873/1182] 1doubleMaxexclusiveDOUBLEint_fail-double-equal ok
  [874/1182] 1doubleMaxexclusiveDOUBLEintLeadTrail_fail-double-equal ok
  [875/1182] 1Length_fail-lit-short ok
  [876/1182] 1Length_fail-lit-long ok
  [877/1182] 1literalLength_fail-lit-short ok
  [878/1182] 1literalLength_fail-lit-long ok
  [879/1182] 1literalLength_fail-iri-equal ok
  [880/1182] 1literalLength_fail-bnode-equal ok
  [881/1182] 1iriLength_fail-iri-short ok
  [882/1182] 1iriLength_fail-iri-long ok
  [883/1182] 1iriLength_fail-lit-equal ok
  [884/1182] 1iriLength_fail-bnode-equal ok
  [885/1182] 1iriRefLength1_fail-iri-short ok
  [886/1182] 1iriRefLength1_fail-iri-long ok
  [887/1182] 1iriRefLength1_fail-lit-equal ok
  [888/1182] 1iriRefLength1_fail-bnode-equal ok
  [889/1182] 1bnodeLength_fail-bnode-short ok
  [890/1182] 1bnodeLength_fail-bnode-long ok
  [891/1182] 1bnodeLength_fail-lit-equal ok
  [892/1182] 1bnodeLength_fail-iri-equal ok
  [893/1182] 1nonliteralLength_fail-iri-short ok
  [894/1182] 1nonliteralLength_fail-iri-long ok
  [895/1182] 1nonliteralLength_fail-lit-equal ok
  [896/1182] 1nonliteralLength_fail-bnode-short ok
  [897/1182] 1nonliteralLength_fail-bnode-long ok
  [898/1182] 1literalMinlength_fail-lit-short ok
  [899/1182] 1iriMinlength_fail-iri-short ok
  [900/1182] 1bnodeMinlength_fail-bnode-short ok
  [901/1182] 1nonliteralMinlength_fail-iri-short ok
  [902/1182] 1nonliteralMinlength_fail-bnode-short ok
  [903/1182] 1literalMaxlength_fail-lit-long ok
  [904/1182] 1iriMaxlength_fail-iri-long ok
  [905/1182] 1bnodeMaxlength_fail-bnode-long ok
  [906/1182] 1nonliteralMaxlength_fail-iri-long ok
  [907/1182] 1nonliteralMaxlength_fail-bnode-long ok
  [908/1182] 1literalPattern_fail-lit-short ok
  [909/1182] 1literalPattern_fail-ab ok
  [910/1182] 1literalPattern_fail-cd ok
  [911/1182] 1literalPattern19_fail-iri-match ok
  [912/1182] 1literalPattern_fail-bnode-match ok
  [913/1182] 1literalStartPattern_fail-CarrotbcDollar ok
  [914/1182] 1literalPatternEnd_pass-CarrotbcDollar ok
  [915/1182] 1literalPattern_with_all_controls_fail ok
  [916/1182] 1literalPattern_with_all_punctuation_fail ok
  [917/1182] 1literalPattern_with_ascii_boundaries_fail ok
  [918/1182] 1literalPattern_with_UTF8_boundaries_fail ok
  [919/1182] 1literalPattern_with_REGEXP_escapes_fail ok
  [920/1182] 1literalPattern_with_REGEXP_escapes_fail_escaped ok
  [921/1182] 1literalPattern_with_REGEXP_escapes_escaped_fail_escapes ok
  [922/1182] 1literalPattern_with_REGEXP_escapes_escaped_fail_escapes_bare ok
  [923/1182] 1literalPattern_with_REGEXP_escapes_bare_fail_escaped ok
  [924/1182] 1literalPatternEnd_fail-litEnd ok
  [925/1182] 1literalPattern_pass-StartlitEnd-match ok
  [926/1182] 1literalStartPatternEnd_CarrotbcDollar ok
  [927/1182] 1literalCarrotPatternDollar_pass-bc ok
  [928/1182] 1literalPatternabEnd_fail-bnode-match ok
  [929/1182] 1iriPattern_fail-iri-short ok
  [930/1182] 1iriPattern_fail-iri-long ok
  [931/1182] 1iriPattern_fail-lit-match ok
  [932/1182] 1iriPattern_fail-bnode-match ok
  [933/1182] 1bnodePattern_fail-bnode-short ok
  [934/1182] 1bnodePattern_fail-lit-match ok
  [935/1182] 1bnodePattern_fail-iri-match ok
  [936/1182] 1nonliteralPattern_fail-iri-short ok
  [937/1182] 1nonliteralPattern_fail-lit-match ok
  [938/1182] 1nonliteralPattern_fail-bnode-short ok
  [939/1182] 1val1dotMinusiri3_v1 ok
  [940/1182] 1val1dotMinusiri3_v2 ok
  [941/1182] 1val1dotMinusiri3_v3 ok
  [942/1182] 1val1refvsMinusiri3_v1 ok
  [943/1182] 1val1refvsMinusiri3_v2 ok
  [944/1182] 1val1refvsMinusiri3_v3 ok
  [945/1182] 1val1dotMinusiriStem3_v1 ok
  [946/1182] 1val1dotMinusiriStem3_v2 ok
  [947/1182] 1val1dotMinusiriStem3_v3 ok
  [948/1182] 1val1dotMinusiriStem3_v1a ok
  [949/1182] 1val1iri_failv1a ok
  [950/1182] 1val1iriStem_fail ok
  [951/1182] 1val1iriStem_fail-literalIv1 ok
  [952/1182] 1val1iriStemMinusiri3_fail-literalIv4 ok
  [953/1182] 1val1iriStemMinusiri3_v1 ok
  [954/1182] 1val1iriStemMinusiri3_fail-literalIv1 ok
  [955/1182] 1val1iriStemMinusiri3_v2 ok
  [956/1182] 1val1iriStemMinusiri3_v3 ok
  [957/1182] 1val1iriStemMinusiriStem3_v1 ok
  [958/1182] 1val1iriStemMinusiriStem3_v2 ok
  [959/1182] 1val1iriStemMinusiriStem3_v3 ok
  [960/1182] 1val1iriStemMinusiriStem3_v1a ok
  [961/1182] 1val1literal_failv1 ok
  [962/1182] 1val1literalStem_fail ok
  [963/1182] 1val1literaliriStem_fail-Iv1 ok
  [964/1182] 1val1literaliriStemMinusliteraliri3_fail-Iv4 ok
  [965/1182] 1val1literalStemMinusliteral3_v1 ok
  [966/1182] 1val1literaliriStemMinusliteraliri3_fail-Iv1 ok
  [967/1182] 1val1literalStemMinusliteral3_v2 ok
  [968/1182] 1val1literalStemMinusliteral3_v3 ok
  [969/1182] 1val1literalStemMinusliteralStem3_v1 ok
  [970/1182] 1val1literalStemMinusliteralStem3_v2 ok
  [971/1182] 1val1literalStemMinusliteralStem3_v3 ok
  [972/1182] 1val1literalStemMinusliteralStem3_v1a ok
  [973/1182] 1val1language_failLAtfr-be ok
  [974/1182] 1val1emptylanguageStem_fail-literal ok
  [975/1182] 1val1emptylanguageStem_fail-empty ok
  [976/1182] 1val1emptylanguageStem_fail-integer ok
  [977/1182] 1val1emptylanguageStemMinuslanguage3_failLAtfr-be ok
  [978/1182] 1val1emptylanguageStemMinuslanguageStem3_failLAtfr-be ok
  [979/1182] 1val1emptylanguageStemMinuslanguageStem3_LAtfr-be-fbcl ok
  [980/1182] 1val1languageStem_failLAtfrc ok
  [981/1182] 1val1languageStem_fail ok
  [982/1182] 1val1literallanguageStem_failLAtfr ok
  [983/1182] 1val1literallanguageStemMinusliterallanguage3_failLAtfr-FR ok
  [984/1182] 1val1languageStemMinuslanguage3_failLAtfr-be ok
  [985/1182] 1val1literallanguageStemMinusliterallanguage3_failLAtfr-BE ok
  [986/1182] 1val1languageStemMinuslanguage3_failLAtfr-cd ok
  [987/1182] 1val1languageStemMinuslanguage3_failLAtfr-ch ok
  [988/1182] 1val1languageStemMinuslanguageStem3_LAtfrc ok
  [989/1182] 1val1languageStemMinuslanguageStem3_LAtfr-be ok
  [990/1182] 1val1languageStemMinuslanguageStem3_LAtfr-cd ok
  [991/1182] 1val1languageStemMinuslanguageStem3_LAtfr-ch ok
  [992/1182] 1val1languageStemMinuslanguageStem3_LAtfr-be-fbcl ok
  [993/1182] 1dotOne2dot-oneOf_fail_p1p2p3 ok
  [994/1182] 1dotOne2dot-someOf_fail_p1p2p3 ok
  [995/1182] open1dotOneopen2dotcloseclose_fail_p1p2p3 ok
  [996/1182] openopen1dotOne1dotclose1dotclose_fail_p1 ok
  [997/1182] openopen1dotOne1dotclose1dotclose_fail_p3 ok
  [998/1182] openopen1dotOne1dotclose1dotclose_fail_p1p2 ok
  [999/1182] 1val1vExprRefIRIREF1_fail-lit-short ok
  [1000/1182] 1val1vExprRefbnode1_fail-lit-short ok
  [1001/1182] 1dotShapeAND1dot3X_fail ok
  [1002/1182] 1dotRefAND3_failAll ok
  [1003/1182] 1dotRefAND3_failShape2Shape3 ok
  [1004/1182] 1dotRefAND3_failShape1Shape3 ok
  [1005/1182] 1dotRefAND3_failShape1Shape2 ok
  [1006/1182] 1val1vExpr1AND1AND1Ref3_failvc1 ok
  [1007/1182] 1val1vExpr1AND1AND1Ref3_failvc2 ok
  [1008/1182] 1val1vExpr1AND1AND1Ref3_failvc3 ok
  [1009/1182] 1val1vExprRefAND3_failvc1 ok
  [1010/1182] 1val1vExprRefAND3_failvc2 ok
  [1011/1182] 1val1vExprRefAND3_failvc3 ok
  [1012/1182] 1val1vExprAND3_failvc1 ok
  [1013/1182] 1val1vExprAND3_failvc2 ok
  [1014/1182] 1val1vExprAND3_failvc3 ok
  [1015/1182] refBNodeORrefIRI_ReflexiveShortIRI ok
  [1016/1182] refBNodeORrefIRI_CyclicIRI_ShortIRI ok
  [1017/1182] 1dotRefOR3_fail ok
  [1018/1182] 1val1vExpr1OR1OR1Ref3_fail ok
  [1019/1182] 1val1vExprRefOR3_fail ok
  [1020/1182] 1val1vExprOR3_fail ok
  [1021/1182] 1NOTIRI_failIo1 ok
  [1022/1182] 1NOTIRI_failempty ok
  [1023/1182] 1NOTNOTIRI_failLv ok
  [1024/1182] 1NOTvs_failIv1 ok
  [1025/1182] 1NOTvs_failempty ok
  [1026/1182] 1NOTNOTvs_failIo1 ok
  [1027/1182] 1NOTdot_failIv1 ok
  [1028/1182] 1NOTdot_failIo1 ok
  [1029/1182] 1NOTdot_failempty ok
  [1030/1182] 1_NOTliteral_ANDvs_failIo1 ok
  [1031/1182] 1_NOTliteral_ANDvs_failLv ok
  [1032/1182] 1NOTliteralANDvs_failIo1 ok
  [1033/1182] 1NOTliteralANDvs_failLv ok
  [1034/1182] 1_NOTvs_ANDvs_failIv1 ok
  [1035/1182] 1_NOTvs_ANDvs_failIv3 ok
  [1036/1182] 1NOTvsANDvs_failIv1 ok
  [1037/1182] 1NOTvsANDvs_failIv3 ok
  [1038/1182] 1_NOTliteral_ORvs_failLv ok
  [1039/1182] 1NOT_literalORvs__failIv1 ok
  [1040/1182] 1NOT_literalORvs__failLv ok
  [1041/1182] 1NOTliteralORvs_failLv ok
  [1042/1182] 1_NOTvs_ORvs_failIv1 ok
  [1043/1182] 1NOT_vsORvs__failIv1 ok
  [1044/1182] 1NOT_vsORvs__failIv2 ok
  [1045/1182] 1NOTvsORvs_failIv1 ok
  [1046/1182] NOT1NOTvs_failIv3 ok
  [1047/1182] 1val1vExpr1AND1OR1Ref3_failvc1vc3 ok
  [1048/1182] 1val1vExpr1AND1OR1Ref3_failvc2vc3 ok
  [1049/1182] 1val1vExpr1AND1OR1Ref3_failvc1vc2vc3 ok
  [1050/1182] 1val1vExpr1OR1AND1Ref3_failvc1vc2 ok
  [1051/1182] 1val1vExpr1OR1AND1Ref3_failvc1vc3 ok
  [1052/1182] 1val1vExpr1OR1AND1Ref3_failvc1vc2vc3 ok
  [1053/1182] open3Onedotclosecard2_fail-p1 ok
  [1054/1182] open3Onedotclosecard2_fail-p1X3 ok
  [1055/1182] open3Onedotclosecard2_fail-p1X4 ok
  [1056/1182] open3Onedotclosecard2_fail-p1p2p3 ok
  [1057/1182] open3Onedotclosecard23_fail-p1 ok
  [1058/1182] open3Onedotclosecard23_fail-p1X4 ok
  [1059/1182] open4Onedotclosecard23_fail-p1p2p3p4 ok
  [1060/1182] 1dotClosed_fail_lower ok
  [1061/1182] 1dotClosed_fail_higher ok
  [1062/1182] FocusIRI2EachBnodeNested2EachIRIRef_fail ok
  [1063/1182] 1val1IRIREFExtra1Closed_fail-iri2_higher ok
  [1064/1182] 1val1IRIREFClosedExtra1_fail-iri2_higher ok
  [1065/1182] 1val2IRIREFExtra1_fail-iri2 ok
  [1066/1182] 1val1IRIREFExtra1p2_fail-iri2 ok
  [1067/1182] 1dotOne2dotExtra-someOf_pass_p1p2p3 ok
  [1068/1182] 1dotExtra1_fail-iri2 ok
  [1069/1182] startRefIRIREF_fail-missing ok
  [1070/1182] startRefbnode_fail-missing ok
  [1071/1182] startInline_fail-missing ok
  [1072/1182] 1dotAnnotIRIREF_missing ok
  [1073/1182] 1dotAnnot3_missing ok
  [1074/1182] 1inversedotAnnot3_missing ok
  [1075/1182] 1dotShapeAnnotIRIREF_missing ok
  [1076/1182] 1dotCode3fail_abort ok
  [1077/1182] startCode1fail_abort ok
  [1078/1182] startCode1startReffail_abort ok
  [1079/1182] startCode3fail_abort ok
  [1080/1182] 0focusIRI_empty_fail-bnodeFocusLabel ok
  [1081/1182] 0focusIRI_other_fail-bnodeFocusLabel ok
  [1082/1182] 0focusBNODE_empty_fail-iriFocusLabel ok
  [1083/1182] 0focusBNODE_other_fail-iriFocusLabel ok
  [1084/1182] 1focusIRI_dot_fail-bnodeFocusLabel ok
  [1085/1182] 1focusBNODE_dot_fail-iriFocusLabel-equal ok
  [1086/1182] focusdatatype_fail ok
  [1087/1182] focusdatatype_fail-empty ok
  [1088/1182] focusvs_fail ok
  [1089/1182] 1focusvsANDdatatype_fail ok
  [1090/1182] 1focusvsANDIRI_fail ok
  [1091/1182] 1focusvsORdatatype_fail-val ok
  [1092/1182] 1focusvsORdatatype_fail-dt ok
  [1093/1182] focusNOTRefOR1dot_fail-inNOT ok
  [1094/1182] 1focusLength-dot_fail-iri-short ok
  [1095/1182] 1focusLength-dot_fail-iri-long ok
  [1096/1182] 1focusLength-dot_fail-bnode-short ok
  [1097/1182] 1focusLength-dot_fail-bnode-long ok
  [1098/1182] 1focusMinLength-dot_fail-iri-short ok
  [1099/1182] 1focusMinLength-dot_fail-bnode-short ok
  [1100/1182] 1focusMaxLength-dot_fail-iri-long ok
  [1101/1182] 1focusMaxLength-dot_fail-bnode-long ok
  [1102/1182] 1focusPattern-dot_fail-iri-match ok
  [1103/1182] 1focusPattern-dot_fail-iri-short ok
  [1104/1182] 1focusPattern-dot_fail-iri-long ok
  [1105/1182] 1focusPatternB-dot_fail-iri-match ok
  [1106/1182] 1focusPatternB-dot_fail-bnode-short ok
  [1107/1182] 1focusIRILength_dot_fail-bnodeFocusLabel-equal ok
  [1108/1182] 1focusIRILength_dot_fail-short ok
  [1109/1182] 1focusIRILength_dot_fail-long ok
  [1110/1182] 1focusBNODELength_dot_fail-iriFocusLabel-equal ok
  [1111/1182] 1focusBNODELength_dot_fail-short ok
  [1112/1182] 1focusBNODELength_dot_fail-long ok
  [1113/1182] NOT1dotOR2dot_fail-Shape2 ok
  [1114/1182] NOT1dotOR2dotX3_fail-Shape2 ok
  [1115/1182] NOT1dotOR2dotX3AND1_fail-empty ok
  [1116/1182] NOT1dotOR2dotX3AND1_fail-NoShape1 ok
  [1117/1182] NOT1dotOR2dotX3AND1_fail-Shape2 ok
  [1118/1182] 1NOTRefOR1dot_fail-inNOT ok
  [1119/1182] shapeExtern_fail ok
  [1120/1182] shapeExternRef_fail ok
  [1121/1182] 2RefS1-IS2_fail-p2 ok
  [1122/1182] 2RefS1-Icirc_fail-p2 ok
  [1123/1182] 1valExprRef-IV1_fail-lit-short ok
  [1124/1182] 1valExprRefbnode-IV1_fail-lit-short ok
  [1125/1182] 1list0PlusDot-manualList_extraArc_Iv1,Iv2,Iv3_fail ok
  [1126/1182] 1list0PlusDot-manualList_2firsts_Iv1,Iv2,Iv3_fail ok
  [1127/1182] 1list0PlusIri-list_Iv1,Iv2,Lx_fail ok
  [1128/1182] 1list1PlusIri-empty_pass ok
  [1129/1182] 1list1PlusIri-list_Iv1,Iv2,Lx_fail ok
  [1130/1182] node_kind_example ok
  [1131/1182] extends-abstract-multi-empty_fail-missingRef2 ok
  [1132/1182] extends-abstract-multi-empty_fail-Ref1ExtraOR ok
  [1133/1182] extends-abstract-multi-empty_fail-ReferrerExtraP ok
  [1134/1182] extends-abstract-multi-empty_fail-Ref1ExtraP ok
  [1135/1182] extends-abstract-multi-empty_fail-Ref2ExtraP ok
  [1136/1182] ExtendsRepeatedP-fail_vs ok
  [1137/1182] ANDAbstract-fail_G1pattern ok
  [1138/1182] ANDAbstract-fail_pattern ok
  [1139/1182] AND3G-fail_G2pattern ok
  [1140/1182] AND3G-fail_G1Bpattern ok
  [1141/1182] ExtendAND3G-fail_EXTG1 ok
  [1142/1182] ExtendAND3G-fail_ExtraP ok
  [1143/1182] ExtendAND3G-fail_G3pattern ok
  [1144/1182] ExtendAND3G-fail_EXTG1ANDG1 ok
  [1145/1182] ExtendAND3G-fail_EXTG1pattern ok
  [1146/1182] ExtendAND3G-fail_G0 ok
  [1147/1182] Extend3G-t16 ok
  [1148/1182] Extend3G-t17 ok
  [1149/1182] Extend3G-t18 ok
  [1150/1182] Extend3G-t19 ok
  [1151/1182] Extend3G-t20 ok
  [1152/1182] Extend3G-t21 ok
  [1153/1182] ExtendANDExtend3GAND3G-t24 ok
  [1154/1182] ExtendANDExtend3GAND3G-t25 ok
  [1155/1182] ExtendANDExtend3GAND3G-t26 ok
  [1156/1182] ExtendANDExtend3GAND3G-t27 ok
  [1157/1182] ExtendANDExtend3GAND3G-t28 ok
  [1158/1182] ExtendANDExtend3GAND3G-t29 ok
  [1159/1182] ExtendANDExtend3GAND3G-t30 ok
  [1160/1182] ExtendANDExtend3GAND3G-t31 ok
  [1161/1182] ExtendANDExtend3GAND3G-t32 ok
  [1162/1182] ExtendANDExtend3GAND3G-t34 ok
  [1163/1182] ExtendANDExtend3GAND3G-t35 ok
  [1164/1182] vitals-RESTRICTS-fail_sit-ReclinedVital ok
  [1165/1182] vitals-RESTRICTS-fail_sit-ReclinedBP ok
  [1166/1182] vitals-RESTRICTS-fail_sit-Reclined ok
  [1167/1182] extends-closed-diamond_fail-no-G0 ok
  [1168/1182] extends-closed-diamond_fail-no-G0-0 ok
  [1169/1182] extends-closed-diamond_fail-no-G0-1 ok
  [1170/1182] extends-closed-diamond_fail-no_BOTTOM ok
  [1171/1182] extends-closed-diamond_fail-two-G0s ok
  [1172/1182] extends-closed-diamond_fail-two-G0-0s ok
  [1173/1182] extends-closed-diamond_fail-two-BOTTOMS ok
  [1174/1182] extends-closed-3diamond-split_fail-no-G0-0 ok
  [1175/1182] extends-closed-3diamond-split_fail-no-G0-0-0 ok
  [1176/1182] extends-closed-3diamond-split_fail-no-G0_0-0 ok
  [1177/1182] extends-closed-3diamond-split_fail-no_BOTTOM ok
  [1178/1182] extends-closed-3diamond-split_fail-two-G0s ok
  [1179/1182] extends-closed-3diamond-split_fail-two-G0-0s ok
  [1180/1182] extends-closed-3diamond-split_fail-two-BOTTOMS ok
  [1181/1182] 1dot_fail-empty-err ok
  [1182/1182] 2dot_fail-empty-err ok
=== ShEx Validation Manifest Runner (stage 8) ===
Manifest: /home/runner/work/factoidal/factoidal/third_party/testing/shex/validation/manifest.ttl

Totals: 1182 test entries

  PASS: 0_empty
  PASS: 0_other
  PASS: 0_otherbnode
  PASS: 1dot_pass-noOthers
  PASS: 1dot-base_pass-noOthers
  PASS: 1dotSemi_pass-noOthers
  PASS: 1dotLNex_pass-noOthers
  PASS: 1dotNS2_pass-noOthers
  PASS: 1dotNS2SingleComment_pass-noOthers
  PASS: 1dotLNexSingleComment_pass-noOthers
  PASS: 1dotLNdefault_pass-noOthers
  PASS: 1dotNSdefault_pass-noOthers
  PASS: 1dotLNex-HYPHEN_MINUS_pass-noOthers
  PASS: 1dot_pass-others_lexicallyEarlier
  PASS: 1dot_pass-others_lexicallyLater
  PASS: bnode1dot_pass-others_lexicallyEarlier
  PASS: 1inversedot_pass-noOthers
  PASS: 1inversedot_pass-over_lexicallyEarlier
  PASS: 1inversedot_pass-over_lexicallyLater
  PASS: 1Adot_pass
  PASS: 1iri_pass-iri
  PASS: 1bnode_pass-bnode
  PASS: 1literal_pass-literal
  PASS: 1nonliteral_pass-iri
  PASS: 1focusnonLiteralLength-nonLiteralLength_pass
  PASS: 1nonliteral_pass-bnode
  PASS: 1datatype_pass
  PASS: 1datatypelangString_pass
  PASS: integer-n1_pass
  PASS: integer-0_pass
  PASS: integer-1_pass
  PASS: integer-p1_pass
  PASS: decimal-n1_pass
  PASS: decimal-0_pass
  PASS: decimal-1_pass
  PASS: decimal-p1_pass
  PASS: decimal-n1.0_pass
  PASS: decimal-p1.0_pass
  PASS: float-n1_pass
  PASS: float-0_pass
  PASS: float-1_pass
  PASS: float-p1_pass
  PASS: float-n1.0_pass
  PASS: float-p1.0_pass
  PASS: float-1elowercase0_pass
  PASS: float-1E0_pass
  PASS: float-NaN_pass
  PASS: float-INF_pass
  PASS: float-nINF_pass
  PASS: double-n1_pass
  PASS: double-0_pass
  PASS: double-1_pass
  PASS: double-p1_pass
  PASS: double-n1.0_pass
  PASS: double-p1.0_pass
  PASS: double-1E0_pass
  PASS: double-1e0_pass
  PASS: double-NaN_pass
  PASS: double-INF_pass
  PASS: double-nINF_pass
  PASS: nonPositiveInteger-n1_pass
  PASS: nonPositiveInteger-0_pass
  PASS: nonPositiveInteger-p0_pass
  PASS: nonPositiveInteger-n0_pass
  PASS: negativeInteger-n1_pass
  PASS: long-n1_pass
  PASS: long-0_pass
  PASS: long-1_pass
  PASS: long-p1_pass
  PASS: int-n1_pass
  PASS: int-0_pass
  PASS: int-1_pass
  PASS: int-p1_pass
  PASS: short-n32768_pass
  PASS: short-0_pass
  PASS: short-32767_pass
  PASS: byte-n128_pass
  PASS: byte-0_pass
  PASS: byte-127_pass
  PASS: nonNegativeInteger-0_pass
  PASS: nonNegativeInteger-n0_pass
  PASS: nonNegativeInteger-p0_pass
  PASS: nonNegativeInteger-1_pass
  PASS: nonNegativeInteger-p1_pass
  PASS: unsignedLong-0_pass
  PASS: unsignedLong-1_pass
  PASS: unsignedInt-0_pass
  PASS: unsignedInt-1_pass
  PASS: unsignedShort-0_pass
  PASS: unsignedShort-65535_pass
  PASS: unsignedByte-0_pass
  PASS: unsignedByte-255_pass
  PASS: positiveInteger-1_pass
  PASS: string-empty_pass
  PASS: string-a_pass
  PASS: string-0_pass
  PASS: boolean-true_pass
  PASS: boolean-false_pass
  PASS: boolean-0_pass
  PASS: boolean-1_pass
  PASS: dateTime-dt_pass
  PASS: 1card2_pass2
  PASS: 1card25_pass2
  PASS: 1card25_pass3
  PASS: 1card25_pass4
  PASS: 1card25_pass5
  PASS: 1card2Star_pass2
  PASS: 1card2Star_pass3
  PASS: 1card2Star_pass6
  PASS: 1cardOpt_pass0
  PASS: 1cardOpt_pass1
  PASS: 1cardPlus_pass1
  PASS: 1cardPlus_pass2
  PASS: 1cardPlus_pass6
  PASS: 1cardStar_pass0
  PASS: 1cardStar_pass1
  PASS: 1cardStar_pass2
  PASS: 1cardStar_pass6
  PASS: 1dotRef1_referent,referrer
  PASS: 1dotRef1_referrer,referent
  PASS: 1dotRef1_selfReference
  PASS: 1dotRef1_overMatchesReferent
  PASS: 1refbnode1_pass
  PASS: 3circRefS123
  PASS: 3circRefPlus1_pass-open
  PASS: 3circRefPlus1_pass-recursiveData
  PASS: 1iriRef1_pass-iri
  PASS: 1bnodeRef1_pass-bnode
  PASS: 1dotInline1_referrer,referent
  PASS: 1dotInline1_selfReference
  PASS: 1dotInline1_overMatchesReferent
  PASS: 1val1IRIREF_pass
  PASS: 1val1STRING_LITERAL1_pass
  PASS: 1val1STRING_LITERAL1_with_all_controls_pass
  PASS: 1val1STRING_LITERAL1_with_all_punctuation_pass
  PASS: 1val1STRING_LITERAL1_with_ascii_boundaries_pass
  PASS: 1val1STRING_LITERAL1_with_UTF8_boundaries_pass
  PASS: 1val1STRING_LITERAL1_with_ECHAR_escapes_pass
  PASS: 1val1INTEGER_pass
  PASS: 1val1DECIMAL_pass
  PASS: 1val1DOUBLE_pass
  PASS: 1val1DOUBLElowercase_pass
  PASS: 1val1LANGTAG_pass
  PASS: 1val1IRIREFDatatype_pass
  PASS: 1val1true_pass
  PASS: 1val1false_pass
  PASS: 1datatypeLength_pass
  PASS: 1literalFractiondigits_pass-decimal-short
  PASS: 1literalFractiondigits_pass-decimal-equal
  PASS: 1literalFractiondigits_pass-decimal-equalLead
  PASS: 1literalFractiondigits_pass-decimal-equalTrail
  PASS: 1literalFractiondigits_pass-decimal-equalLeadTrail
  PASS: 1literalFractiondigits_pass-integer-short
  PASS: 1literalFractiondigits_pass-xsd_integer-short
  PASS: 1literalTotaldigits_pass-decimal-short
  PASS: 1literalTotaldigits_pass-decimal-equal
  PASS: 1literalTotaldigits_pass-decimal-equalLead
  PASS: 1literalTotaldigits_pass-decimal-equalTrail
  PASS: 1literalTotaldigits_pass-decimal-equalLeadTrail
  PASS: 1literalTotaldigits_pass-integer-equal
  PASS: 1literalTotaldigits_pass-xsd_integer-short
  PASS: 1literalTotaldigits_pass-integer-equalLead
  PASS: 1literalTotaldigits_pass-integer-equalTrail
  PASS: 1literalTotaldigits_pass-integer-equalLeadTrail
  PASS: 1literalTotaldigits_pass-byte-short
  PASS: 1literalTotaldigits_pass-byte-equal
  PASS: 1literalMinexclusiveINTEGER_pass-high
  PASS: 1literalMininclusiveINTEGER_pass-equal
  PASS: 1literalMininclusiveINTEGER_pass-high
  PASS: 1literalMaxexclusiveINTEGER_pass-low
  PASS: 1literalMaxinclusiveINTEGER_pass-low
  PASS: 1literalMaxinclusiveINTEGER_pass-equal
  PASS: 1floatMininclusiveINTEGER_pass-equalLead
  PASS: 1floatMininclusiveINTEGER_pass-equalTrail
  PASS: 1floatMininclusiveINTEGER_pass-high
  PASS: 1integerMininclusiveINTEGER_pass-equalLead
  PASS: 1integerMininclusiveINTEGER_pass-equal
  PASS: 1integerMininclusiveINTEGER_pass-high
  PASS: 1floatMininclusiveINTEGERLead_pass-equal
  PASS: 1integerMininclusiveINTEGER_pass-integer-equal
  PASS: 1integerMininclusiveINTEGER_pass-integer-high
  PASS: 1integerMininclusiveINTEGERLead_pass-integer-equal
  PASS: 1integerMininclusiveINTEGERLead_pass-integer-equalLead
  PASS: 1integerMininclusiveINTEGERLead_pass-integer-high
  PASS: 1integerMininclusiveDECIMAL_pass-integer-equal
  PASS: 1integerMininclusiveDECIMALLeadTrail_pass-integer-equal
  PASS: 1integerMininclusiveDECIMALLeadTrail_pass-integer-equalLead
  PASS: 1integerMininclusiveDECIMALLeadTrail_pass-integer-high
  PASS: 1integerMininclusiveDECIMALint_pass-integer-equal
  PASS: 1integerMininclusiveDECIMALint_pass-integer-high
  PASS: 1integerMininclusiveDECIMALintLeadTrail_pass-integer-equal
  PASS: 1integerMininclusiveDECIMALintLeadTrail_pass-integer-equalLead
  PASS: 1integerMininclusiveDECIMALintLeadTrail_pass-integer-high
  PASS: 1integerMininclusiveDOUBLE_pass-integer-equal
  PASS: 1integerMininclusiveDOUBLELeadTrail_pass-integer-equal
  PASS: 1integerMininclusiveDOUBLELeadTrail_pass-integer-equalLead
  PASS: 1integerMininclusiveDOUBLELeadTrail_pass-integer-high
  PASS: 1integerMininclusiveDOUBLEint_pass-integer-equal
  PASS: 1integerMininclusiveDOUBLEintLeadTrail_pass-integer-equal
  PASS: 1integerMininclusiveDOUBLEintLeadTrail_pass-integer-equalLead
  PASS: 1integerMininclusiveDOUBLEintLeadTrail_pass-integer-high
  PASS: 1decimalMininclusiveINTEGER_pass-decimal-high
  PASS: 1decimalMininclusiveINTEGERLead_pass-decimal-high
  PASS: 1decimalMininclusiveDECIMAL_pass-decimal-equal
  PASS: 1decimalMininclusiveDECIMAL_pass-decimal-equalLeadTrail
  PASS: 1decimalMininclusiveDECIMAL_pass-decimal-high
  PASS: 1decimalMininclusiveDECIMALLeadTrail_pass-decimal-equal
  PASS: 1decimalMininclusiveDECIMALLeadTrail_pass-decimal-equalLeadTrail
  PASS: 1decimalMininclusiveDECIMALLeadTrail_pass-decimal-high
  PASS: 1decimalMininclusiveDECIMALintLeadTrail_pass-decimal-high
  PASS: 1decimalMininclusiveDOUBLE_pass-decimal-equal
  PASS: 1decimalMininclusiveDOUBLE_pass-decimal-equalLeadTrail
  PASS: 1decimalMininclusiveDOUBLELeadTrail_pass-decimal-equal
  PASS: 1decimalMininclusiveDOUBLELeadTrail_pass-decimal-equalLeadTrail
  PASS: 1decimalMininclusiveDOUBLELeadTrail_pass-decimal-high
  PASS: 1decimalMininclusiveDOUBLEintLeadTrail_pass-decimal-high
  PASS: 1floatMininclusiveINTEGERLead_pass-float-high
  PASS: 1floatMininclusiveDECIMAL_pass-float-equal
  PASS: 1floatMininclusiveDECIMAL_pass-float-equalLeadTrail
  PASS: 1floatMininclusiveDECIMALLeadTrail_pass-float-equal
  PASS: 1floatMininclusiveDECIMALLeadTrail_pass-float-equalLeadTrail
  PASS: 1floatMininclusiveDECIMALLeadTrail_pass-float-high
  PASS: 1floatMininclusiveDECIMALintLeadTrail_pass-float-high
  PASS: 1floatMininclusiveDOUBLE_pass-float-equal
  PASS: 1floatMininclusiveDOUBLE_pass-float-equalLeadTrail
  PASS: 1floatMininclusiveDOUBLELeadTrail_pass-float-equal
  PASS: 1floatMininclusiveDOUBLELeadTrail_pass-float-equalLeadTrail
  PASS: 1floatMininclusiveDOUBLELeadTrail_pass-float-high
  PASS: 1floatMininclusiveDOUBLEintLeadTrail_pass-float-high
  PASS: 1doubleMininclusiveINTEGERLead_pass-double-high
  PASS: 1doubleMininclusiveDECIMAL_pass-double-equal
  PASS: 1doubleMininclusiveDECIMAL_pass-double-equalLeadTrail
  PASS: 1doubleMininclusiveDECIMALLeadTrail_pass-double-equal
  PASS: 1doubleMininclusiveDECIMALLeadTrail_pass-double-equalLeadTrail
  PASS: 1doubleMininclusiveDECIMALLeadTrail_pass-double-high
  PASS: 1doubleMininclusiveDECIMALintLeadTrail_pass-double-high
  PASS: 1doubleMininclusiveDOUBLE_pass-double-equal
  PASS: 1doubleMininclusiveDOUBLE_pass-double-equalLeadTrail
  PASS: 1doubleMininclusiveDOUBLELeadTrail_pass-double-equal
  PASS: 1doubleMininclusiveDOUBLELeadTrail_pass-double-equalLeadTrail
  PASS: 1doubleMininclusiveDOUBLELeadTrail_pass-double-high
  PASS: 1doubleMininclusiveDOUBLEintLeadTrail_pass-double-high
  PASS: 1integerMinexclusiveINTEGER_pass-integer-high
  PASS: 1integerMinexclusiveDECIMALint_pass-integer-high
  PASS: 1integerMinexclusiveDOUBLEint_pass-integer-high
  PASS: 1decimalMinexclusiveINTEGER_pass-decimal-high
  PASS: 1decimalMinexclusiveDECIMAL_pass-decimal-high
  PASS: 1decimalMinexclusiveDOUBLE_pass-decimal-high
  PASS: 1floatMinexclusiveINTEGER_pass-float-high
  PASS: 1floatMinexclusiveDECIMAL_pass-float-high
  PASS: 1floatMinexclusiveDOUBLE_pass-float-high
  PASS: 1doubleMinexclusiveINTEGER_pass-double-high
  PASS: 1doubleMinexclusiveDECIMAL_pass-double-high
  PASS: 1doubleMinexclusiveDOUBLE_pass-double-high
  PASS: 1integerMaxinclusiveINTEGER_pass-integer-low
  PASS: 1integerMaxinclusiveINTEGER_pass-integer-equal
  PASS: 1integerMaxinclusiveDECIMALint_pass-integer-low
  PASS: 1integerMaxinclusiveDECIMALint_pass-integer-equal
  PASS: 1integerMaxinclusiveDOUBLEint_pass-integer-low
  PASS: 1integerMaxinclusiveDOUBLEint_pass-integer-equal
  PASS: 1decimalMaxinclusiveINTEGER_pass-decimal-low
  PASS: 1decimalMaxinclusiveDECIMAL_pass-decimal-low
  PASS: 1decimalMaxinclusiveDECIMAL_pass-decimal-equal
  PASS: 1decimalMaxinclusiveDOUBLE_pass-decimal-low
  PASS: 1decimalMaxinclusiveDOUBLE_pass-decimal-equal
  PASS: 1floatMaxinclusiveINTEGER_pass-float-low
  PASS: 1floatMaxinclusiveDECIMAL_pass-float-low
  PASS: 1floatMaxinclusiveDECIMAL_pass-float-equal
  PASS: 1floatMaxinclusiveDOUBLE_pass-float-low
  PASS: 1floatMaxinclusiveDOUBLE_pass-float-equal
  PASS: 1doubleMaxinclusiveINTEGER_pass-double-low
  PASS: 1doubleMaxinclusiveDECIMAL_pass-double-low
  PASS: 1doubleMaxinclusiveDECIMAL_pass-double-equal
  PASS: 1doubleMaxinclusiveDOUBLE_pass-double-low
  PASS: 1doubleMaxinclusiveDOUBLE_pass-double-equal
  PASS: 1integerMaxexclusiveINTEGER_pass-integer-low
  PASS: 1integerMaxexclusiveDECIMALint_pass-integer-low
  PASS: 1integerMaxexclusiveDOUBLEint_pass-integer-low
  PASS: 1decimalMaxexclusiveINTEGER_pass-decimal-low
  PASS: 1decimalMaxexclusiveDECIMAL_pass-decimal-low
  PASS: 1decimalMaxexclusiveDOUBLE_pass-decimal-low
  PASS: 1floatMaxexclusiveINTEGER_pass-float-low
  PASS: 1floatMaxexclusiveDECIMAL_pass-float-low
  PASS: 1floatMaxexclusiveDOUBLE_pass-float-low
  PASS: 1doubleMaxexclusiveINTEGER_pass-double-low
  PASS: 1doubleMaxexclusiveDECIMAL_pass-double-low
  PASS: 1doubleMaxexclusiveDOUBLE_pass-double-low
  PASS: 1Length_pass-lit-equal
  PASS: 1literalLength_pass-lit-equal
  PASS: 1iriLength_pass-iri-equal
  PASS: 1iriRefLength1_pass-iri-equal
  PASS: 1bnodeLength_pass-bnode-equal
  PASS: 1nonliteralLength_pass-iri-equal
  PASS: 1nonliteralLength_pass-bnode-equal
  PASS: 1literalMinlength_pass-lit-equal
  PASS: 1literalMinlength_pass-lit-long
  PASS: 1iriMinlength_pass-iri-equal
  PASS: 1iriMinlength_pass-iri-long
  PASS: 1bnodeMinlength_pass-bnode-equal
  PASS: 1bnodeMinlength_pass-bnode-long
  PASS: 1nonliteralMinlength_pass-iri-equal
  PASS: 1nonliteralMinlength_pass-iri-long
  PASS: 1nonliteralMinlength_pass-bnode-equal
  PASS: 1nonliteralMinlength_pass-bnode-long
  PASS: 1literalMaxlength_pass-lit-short
  PASS: 1literalMaxlength_pass-lit-equal
  PASS: 1iriMaxlength_pass-iri-short
  PASS: 1iriMaxlength_pass-iri-equal
  PASS: 1bnodeMaxlength_pass-bnode-short
  PASS: 1bnodeMaxlength_pass-bnode-equal
  PASS: 1nonliteralMaxlength_pass-iri-short
  PASS: 1nonliteralMaxlength_pass-iri-equal
  PASS: 1nonliteralMaxlength_pass-bnode-short
  PASS: 1nonliteralMaxlength_pass-bnode-equal
  PASS: 1literalPattern_pass-lit-match
  PASS: 1literalPatterni_pass-lit-match
  PASS: 1literalPatterni_pass-lit-BC
  PASS: 1literalPatterni_pass-lit-blowercaseC
  PASS: 1literalPattern_pass-lit-into
  PASS: 1literalStartPattern_pass-bc
  PASS: 1literalPatternEnd_pass-bc
  PASS: 1literalPattern_pass-bcDollar
  PASS: 1literalStarPatternEnd_pass-bc
  PASS: 1literalPattern_pass-CarrotbcDollar
  PASS: 1literalPattern_with_all_meta_pass
  PASS: 1literalPattern_with_all_meta_pass-NA
  PASS: 1literalPattern_with_all_controls_pass
  PASS: 1literalPattern_with_all_punctuation_pass
  PASS: 1literalPattern_with_ascii_boundaries_pass
  PASS: 1literalPattern_with_UTF8_boundaries_pass
  PASS: 1literalPattern_with_REGEXP_escapes_pass
  PASS: 1literalPattern_with_REGEXP_escapes_escaped_pass
  PASS: 1literalPattern_with_REGEXP_escapes_bare_pass
  PASS: 1literalPattern_with_REGEXP_escapes_pass_bare
  PASS: 1literalPattern_with_REGEXP_escapes_bare_pass_escapes
  PASS: 1literalPatternDollar_pass-litDollar-match
  PASS: 1literalCarrotPatternDollar_pass-CarrotbcDollar
  PASS: 1iriPattern_pass-iri-match
  PASS: 1bnodePattern_pass-bnode-match
  PASS: 1bnodePattern_fail-bnode-long
  PASS: 1nonliteralPattern_pass-iri-match
  PASS: 1nonliteralPattern_pass-iri-long
  PASS: 1nonliteralPattern_pass-bnode-match
  PASS: 1nonliteralPattern_pass-bnode-long
  PASS: 1val1dotMinusiri3_pass
  PASS: 1val1refvsMinusiri3_pass
  PASS: 1val1dotMinusiriStem3_pass
  PASS: 1val1iri_passv1
  PASS: 1val1iriStem_passv1
  PASS: 1val1iriStem_passv1a
  PASS: 1val1iriStemMinusiri3_passIv
  PASS: 1val1iriStemMinusiri3_passIv4
  PASS: 1val1iriStemMinusiri3_passIv1a
  PASS: 1val1iriStemMinusiriStem3_passIv
  PASS: 1val1iriStemMinusiriStem3_passIv4
  PASS: 1val1literal_passv
  PASS: 1val1literalStem_passv1
  PASS: 1val1literalStem_passv1a
  PASS: 1val1literalStemMinusliteral3_passLv
  PASS: 1val1literalStemMinusliteral3_passLv4
  PASS: 1val1literalStemMinusliteral3_passLv1a
  PASS: 1val1literalStemMinusliteralStem3_passLv
  PASS: 1val1literalStemMinusliteralStem3_passLv4
  PASS: 1val1language_passLAtfr
  PASS: 1val1emptylanguageStem_passLAtfr
  PASS: 1val1emptylanguageStemMinuslanguage3_passLAtfr
  PASS: 1val1emptylanguageStemMinuslanguage3_passLAtfr-be-fbcl
  PASS: 1val1emptylanguageStemMinuslanguageStem3_LAtfr
  PASS: 1val1emptylanguageStemMinuslanguageStem3_LAtfrc
  PASS: 1val1languageStem_passLAtfr
  PASS: 1val1languageStem_passLAtfr-be
  PASS: 1val1languageStem_passLAtfr-be-fbcl
  PASS: 1val1languageStemMinuslanguage3_passLAtfr
  PASS: 1val1languageStemMinuslanguage3_passLAtfr-FR
  PASS: 1val1languageStemMinuslanguage3_passLAtfr-be-fbcl
  PASS: 1val1languageStemMinuslanguageStem3_passLAtfr
  PASS: 1val1languageStemMinuslanguageStem3_passLAtfr-FR
  PASS: 1val1languageStemMinuslanguageStem3_passLAtfr-bel
  PASS: 1dotOne2dot_pass_p1
  PASS: 1dotOne2dot_pass_p2p3
  PASS: open1dotOneopen2dotcloseclose_pass_p1
  PASS: open1dotOneopen2dotcloseclose_pass_p2p3
  PASS: openopen1dotOne1dotclose1dotclose_pass_p1p3
  PASS: openopen1dotOne1dotclose1dotclose_pass_p2p3
  PASS: 1val1vExprRefIRIREF1_pass-lit-equal
  PASS: 1val1vExprRefbnode1_pass-lit-equal
  PASS: 1dotShapeAND1dot3X_pass
  PASS: 1dotRefAND3_passShape1Shape2Shape3
  PASS: 1val1vExpr1AND1AND1Ref3_pass
  PASS: 1val1vExprRefAND3_pass
  PASS: 1val1vExprAND3_pass
  PASS: refBNodeORrefIRI_ReflexiveIRI
  PASS: refBNodeORrefIRI_IntoReflexiveIRI
  PASS: refBNodeORrefIRI_IntoReflexiveBNode
  PASS: refBNodeORrefIRI_CyclicIRI_IRI
  PASS: refBNodeORrefIRI_CyclicIRI_BNode
  PASS: 1dotRefOR3_passShape1
  PASS: 1dotRefOR3_passShape2
  PASS: 1dotRefOR3_passShape3
  PASS: 1dotRefOR3_passShape1Shape2Shape3
  PASS: 1val1vExpr1OR1OR1Ref3_passvc1
  PASS: 1val1vExpr1OR1OR1Ref3_passvc2
  PASS: 1val1vExpr1OR1OR1Ref3_passvc3
  PASS: 1val1vExpr1OR1OR1Ref3_passvc1vc2vc3
  PASS: 1val1vExprRefOR3_passvc1
  PASS: 1val1vExprRefOR3_passvc2
  PASS: 1val1vExprRefOR3_passvc3
  PASS: 1val1vExprRefOR3_passvc1vc2vc3
  PASS: 1val1vExprOR3_passvc1
  PASS: 1val1vExprOR3_passvc2
  PASS: 1val1vExprOR3_passvc3
  PASS: 1val1vExprOR3_passvc1vc2vc3
  PASS: 1NOTIRI_passLv
  PASS: 1NOTNOTIRI_passIo1
  PASS: 1NOTvs_passIo1
  PASS: 1NOTNOTvs_passIv1
  PASS: 1NOTNOTdot_passIv1
  PASS: 1NOTNOTdot_passIo1
  PASS: 1_NOTliteral_ANDvs_passIv1
  PASS: 1NOT_literalANDvs__passIv1
  PASS: 1NOT_literalANDvs__passLv
  PASS: 1NOTliteralANDvs_passIv1
  PASS: 1_NOTvs_ANDvs_passIv2
  PASS: 1NOT_vsANDvs__passIv1
  PASS: 1NOT_vsANDvs__passIv2
  PASS: 1NOT_vsANDvs__passIv3
  PASS: 1NOTvsANDvs_passIv2
  PASS: 1_NOTliteral_ORvs_passIv1
  PASS: 1_NOTliteral_ORvs_passIo1
  PASS: 1NOT_literalORvs__passIo1
  PASS: 1NOTliteralORvs_passIv1
  PASS: 1NOTliteralORvs_passIo1
  PASS: 1_NOTvs_ORvs_passIv2
  PASS: 1_NOTvs_ORvs_passIv3
  PASS: 1NOT_vsORvs__passIv3
  PASS: 1NOTvsORvs_passIv2
  PASS: 1NOTvsORvs_passIv3
  PASS: NOT1NOTvs_passIv1
  PASS: NOT1NOTvs_passIv2
  PASS: 1val1vExpr1AND1OR1Ref3_pass-vc1vc2
  PASS: 1val1vExpr1AND1OR1Ref3_pass-vc1vc2vc3
  PASS: 1val1vExpr1AND1OR1Ref3_pass-vc1vc3
  PASS: 1val1vExpr1OR1AND1Ref3_pass-vc1
  PASS: 1val1vExpr1OR1AND1Ref3_pass-vc1vc3
  PASS: 1val1vExpr1OR1AND1Ref3_pass-vc2vc3
  PASS: open3Onedotclosecard2_pass-p1X2
  PASS: open3Onedotclosecard2_pass-p1p2
  PASS: open3Onedotclosecard2_pass-p1p3
  PASS: open3Onedotclosecard2_pass-p2p3
  PASS: open3Onedotclosecard23_pass-p1X2
  PASS: open3Onedotclosecard23_pass-p1X3
  PASS: open3Onedotclosecard23_pass-p1p2
  PASS: open3Onedotclosecard23_pass-p1p3
  PASS: open3Onedotclosecard23_pass-p2p3
  PASS: open3Onedotclosecard23_pass-p1p2p3
  PASS: open3Eachdotclosecard23_pass-p1p2p3X3
  PASS: 1val1vShapeANDRef3_pass
  PASS: 1dotClosed_pass
  PASS: FocusIRI2EachBnodeNested2EachIRIRef_pass
  PASS: 1val1IRIREFExtra1_pass-iri1
  PASS: 1val1IRIREFExtra1_pass-iri2
  PASS: 1val1IRIREFExtra1Closed_pass-iri1
  PASS: 1val1IRIREFExtra1Closed_pass-iri2
  PASS: 1val1IRIREFClosedExtra1_pass-iri1
  PASS: 1val1IRIREFClosedExtra1_pass-iri2
  PASS: 1val2IRIREFPlusExtra1_pass-iri2
  PASS: 1val2IRIREFExtra1_pass-iri-bnode
  PASS: 1val1IRIREFExtra1p2_pass-iri1
  PASS: 1val1IRIREFExtra1One_pass-iri1
  PASS: 1val1IRIREFExtra1One_pass-iri2
  PASS: 1dotExtra1_pass-iri1
  PASS: 3EachdotExtra3_pass-iri1
  PASS: 3Eachdot3Extra_pass-iri1
  PASS: 3EachdotExtra3NLex_pass-iri1
  PASS: 3EachdotExtra3_pass-iri2
  PASS: 3Eachdot3Extra_pass-iri2
  PASS: 3EachdotExtra3NLex_pass-iri2
  PASS: startRefIRIREF_pass-noOthers
  PASS: startRefIRIREF_pass-others_lexicallyEarlier
  PASS: startRefbnode_pass-noOthers
  PASS: startInline_pass-noOthers
  PASS: startEqualSpaceInline_pass-noOthers
  PASS: startSpaceEqualInline_pass-noOthers
  PASS: 2EachInclude1_pass
  PASS: 2EachInclude1-after_pass
  PASS: 2OneInclude1_pass
  PASS: 2OneInclude1-after_pass
  PASS: 1dotAnnotIRIREF_pass
  PASS: 1dotPlusAnnotIRIREF_pass
  PASS: 1dotAnnotAIRIREF_pass
  PASS: 1dotAnnotSTRING_LITERAL1_pass
  PASS: 1dotAnnot3_pass
  PASS: 1inversedotAnnot3_pass
  PASS: 1dotShapeAnnotIRIREF_pass
  PASS: 1dotShapePlusAnnotIRIREF_pass
  PASS: 1dotShapeAnnotAIRIREF_pass
  PASS: 1dotShapeAnnotSTRING_LITERAL1_pass
  PASS: 1dotCode1_pass
  PASS: 1dotNoCode1_pass
  PASS: 1inversedotCode1_pass
  PASS: 1dotCode3_pass
  PASS: 1dotNoCode3_pass
  PASS: 1dotCodeWithEscapes1_pass
  PASS: 1dotShapeCode1_pass
  PASS: 1dotShapeNoCode1_pass
  PASS: open3EachdotcloseCode1-p1p2p3
  PASS: startCode1_pass
  PASS: startNoCode1_pass
  PASS: startCode1startRef_pass
  PASS: startCode3_pass
  PASS: open3Eachdotclosecard23Annot3Code2-p1p2p3X3
  PASS: 0focusIRI_empty
  PASS: 0focusIRI_other
  PASS: 0focusBNODE_empty
  PASS: 0focusBNODE_other
  PASS: 1focusIRI_dot_pass
  PASS: 1focusBNODE_dot_pass
  PASS: 1focusnonLiteral-dot_pass-iri-equal
  PASS: focusdatatype_pass
  PASS: focusdatatype_pass-empty
  PASS: focusvs_pass
  PASS: 1focusvsANDIRI_pass
  PASS: 1focusvsORdatatype_pass-val
  PASS: 1focusvsORdatatype_pass-dt
  PASS: focusNOTRefOR1dot_pass-inOR
  PASS: focusNOTRefOR1dot_pass-other
  PASS: 1focusLength-dot_pass-iri-equal
  PASS: 1focusLength-dot_pass-bnode-equal
  PASS: 1focusMinLength-dot_pass-iri-equal
  PASS: 1focusMinLength-dot_pass-iri-long
  PASS: 1focusMinLength-dot_pass-bnode-equal
  PASS: 1focusMinLength-dot_pass-bnode-long
  PASS: 1focusMaxLength-dot_pass-iri-short
  PASS: 1focusMaxLength-dot_pass-iri-equal
  PASS: 1focusMaxLength-dot_pass-bnode-short
  PASS: 1focusMaxLength-dot_pass-bnode-equal
  PASS: 1focusPattern-dot_pass-iri-match
  PASS: 1focusPatternB-dot_pass-bnode-match
  PASS: 1focusPatternB-dot_pass-bnode-long
  PASS: 1focusIRILength_dot_pass
  PASS: 1focusBNODELength_dot_pass
  PASS: 1focusnonLiteralLength-dot_pass-iri-equal
  PASS: NOT1dotOR2dot_pass-empty
  PASS: NOT1dotOR2dot_pass-NoShape1
  PASS: NOT1dotOR2dot_pass-Shape2
  PASS: NOT1dotOR2dotX3_pass-empty
  PASS: NOT1dotOR2dotX3_pass-NoShape1
  PASS: NOT1dotOR2dotX3_pass-Shape2
  PASS: NOT1dotOR2dotX3AND1_pass-Shape2
  PASS: 1NOTRefOR1dot_pass-inOR
  PASS: 1NOTRefOR1dot_pass-other
  PASS: shapeExtern_pass
  PASS: shapeExternRef_pass
  PASS: 1dot-relative_pass-short-shape
  PASS: 1dot-relative_pass-relative-shape
  PASS: false-lead-excluding-value-shape
  PASS: nPlus1
  PASS: nPlus1-greedy-rewrite
  PASS: skipped
  PASS: 2Eachdot
  PASS: open2Eachdotclosecard25c1dot
  PASS: PstarT
  PASS: PTstar
  PASS: PTstar-greedy-rewrite
  PASS: PstarTstar
  PASS: P2T2
  PASS: 2RefS1-IS2
  PASS: 2RefS2-IS1
  PASS: 2RefS1-Icirc
  PASS: 3circRefS1-IS23
  PASS: 3circRefS1-IS23_pass-p1
  PASS: 3circRefS1-IS2-IS3
  PASS: 3circRefS3-IS12
  PASS: 3circRefS123-Icirc
  PASS: 3circRefS1-Icirc
  PASS: 3circRefS1-IS2-IS3-IS3
  PASS: start2RefS1-IstartS2
  PASS: start2RefS2-IstartS1
  PASS: 1valExprRef-IV1_pass-lit-equal
  PASS: 1valExprRefbnode-IV1_pass-lit-equal
  PASS: 2EachInclude1-IS2_pass
  PASS: 1list0PlusDot-empty_pass
  PASS: 1list0PlusDot-list_Iv1,Iv2,Iv3_pass
  PASS: 1list0PlusDot-list_Iv1,Iv2,Lx_pass
  PASS: 1list0PlusDot-manualList_Iv1,Iv2,Iv3_pass
  PASS: 1list0PlusIri-empty_pass
  PASS: 1list0PlusIri-list_Iv1,Iv2,Iv3_pass
  PASS: 1list1PlusIri-list_Iv1,Iv2,Iv3_pass
  PASS: dependent_shape
  PASS: recursion_example
  PASS: extends-abstract-multi-empty_pass
  PASS: extends-abstract-multi-empty_pass-missingOptRef1
  PASS: ExtendsRepeatedP-pass
  PASS: ANDAbstract-pass
  PASS: AND3G-pass
  PASS: ExtendAND3G-pass
  PASS: Extend3G-pass
  PASS: ExtendANDExtend3GAND3G-pass
  PASS: ExtendANDExtend3GAND3G-t23
  PASS: ExtendANDExtend3GAND3G-t33
  PASS: vitals-RESTRICTS-pass_lie-Observation
  PASS: vitals-RESTRICTS-pass_lie-Vital
  PASS: vitals-RESTRICTS-pass_lie-BP
  PASS: vitals-RESTRICTS-pass_lie-PostureVital
  PASS: vitals-RESTRICTS-pass_lie-ReclinedVital
  PASS: vitals-RESTRICTS-pass_lie-PostureBP
  PASS: vitals-RESTRICTS-pass_lie-ReclinedBP
  PASS: vitals-RESTRICTS-pass_lie-Posture
  PASS: vitals-RESTRICTS-pass_lie-Reclined
  PASS: vitals-RESTRICTS-pass_sit-Observation
  PASS: vitals-RESTRICTS-pass_sit-Vital
  PASS: vitals-RESTRICTS-pass_sit-BP
  PASS: vitals-RESTRICTS-pass_sit-PostureVital
  PASS: vitals-RESTRICTS-pass_sit-PostureBP
  PASS: vitals-RESTRICTS-pass_sit-Posture
  PASS: extends-closed-diamond_pass-bottom
  PASS: extends-closed-3diamond-split_pass-bottom
  PASS: 1dot_fail-empty
  PASS: 1dot-base_fail-empty
  PASS: 1dot_fail-missing
  PASS: 1dot-base_fail-missing
  PASS: bnode1dot_fail-missing
  PASS: 1inversedot_fail-empty
  PASS: 1inversedot_fail-missing
  PASS: 1iri_fail-bnode
  PASS: 1iri_fail-literal
  PASS: 1bnode_fail-iri
  PASS: 1bnode_fail-literal
  PASS: 1literal_fail-iri
  PASS: 1literal_fail-bnode
  PASS: 1focusnonLiteralLength-nonLiteralLength_fail-short
  PASS: 1nonliteral_fail-literal
  PASS: 1datatype_missing
  PASS: 1datatype_nonLiteral
  PASS: 1datatype_langString
  PASS: 1datatype_wrongDatatype
  PASS: integer-empty_fail
  PASS: integer-n1.0_fail
  PASS: integer-p1.0_fail
  PASS: integer-1E0_fail
  PASS: integer-NaN_fail
  PASS: integer-INF_fail
  PASS: decimal-empty_fail
  PASS: decimal-1E0_fail
  PASS: decimal-NaN_fail
  PASS: decimal-INF_fail
  PASS: float-empty_fail
  PASS: float-pINF_fail
  PASS: double-empty_fail
  PASS: double-pINF_fail
  PASS: nonPositiveInteger-1_fail
  PASS: nonPositiveInteger-p1_fail
  PASS: nonPositiveInteger-1a_fail
  PASS: nonPositiveInteger-a1_fail
  PASS: negativeInteger-0_fail
  PASS: negativeInteger-p0_fail
  PASS: negativeInteger-n0_fail
  PASS: negativeInteger-1_fail
  PASS: short-n32769_fail
  PASS: short-32768_fail
  PASS: byte-empty_fail
  PASS: byte-n129_fail
  PASS: byte-128_fail
  PASS: nonNegativeInteger-n1_fail
  PASS: unsignedLong-n1_fail
  PASS: unsignedInt-n1_fail
  PASS: unsignedShort-n1_fail
  PASS: unsignedShort-65536_fail
  PASS: unsignedByte-n1_fail
  PASS: unsignedByte-256_fail
  PASS: positiveInteger-n1_fail
  PASS: positiveInteger-0_fail
  PASS: boolean-empty_fail
  PASS: boolean-TRUE_fail
  PASS: boolean-FALSE_fail
  PASS: boolean-tRuE_fail
  PASS: boolean-fAlSe_fail
  PASS: boolean-n1_fail
  PASS: boolean-2_fail
  PASS: boolean-10_fail
  PASS: boolean-01_fail
  PASS: dateTime-empty_fail
  PASS: dateTime-dT_fail
  PASS: dateTime-d_fail
  PASS: 1card2_fail0
  PASS: 1card2_fail1
  PASS: 1card2_fail3
  PASS: 1card25_fail0
  PASS: 1card25_fail1
  PASS: 1card25_fail6
  PASS: 1card2Star_fail0
  PASS: 1card2Star_fail1
  PASS: 1cardOpt_fail2
  PASS: 1cardOpt_pass6
  PASS: 1cardPlus_fail0
  PASS: 1literalPlus_Is1_Ip1_La,Io1
  PASS: 1dotRef1_missingReferent
  PASS: 1dotRef1_missingSelfReference
  PASS: 1dotRef1_overReferrer
  PASS: 1dotRef1_overReferrer,overReferent
  PASS: 1refbnode1_fail-g1-arc
  PASS: 1refbnode1_fail-g2-arc
  PASS: 1iriRef1_fail-bnode
  PASS: 1bnodeRef1_fail-iri
  PASS: 1dotInline1_missingReferent
  PASS: 1dotInline1_missingSelfReference
  PASS: 1dotInline1_overReferrer
  PASS: 1dotInline1_overReferrer,overReferent
  PASS: 1val1IRIREF_v2
  PASS: 1val1IRIREF_v1v2
  PASS: 1val1STRING_LITERAL1_fail
  PASS: 1val1STRING_LITERAL1_with_all_controls_fail
  PASS: 1val1STRING_LITERAL1_with_all_punctuation_fail
  PASS: 1val1STRING_LITERAL1_with_ascii_boundaries_fail
  PASS: 1val1STRING_LITERAL1_with_UTF8_boundaries_fail
  PASS: 1val1STRING_LITERAL1_with_ECHAR_escapes_fail
  PASS: 1val1INTEGER_Lab
  PASS: 1val1INTEGER_00
  PASS: 1val1DECIMAL_Lab
  PASS: 1val1DECIMAL_00
  PASS: 1val1DOUBLE_0_0e0
  PASS: 1val1DOUBLElowercase_fail-0E0
  PASS: 1val1DOUBLElowercase_0_0e0
  PASS: 1val1LANGTAG_Lab
  PASS: 1val1LANGTAG_LabLTen
  PASS: 1val1LANGTAG_LabLTen-fr-jura
  PASS: 1val1LANGTAG_LaLTen-fr
  PASS: 1val1IRIREFDatatype_Lab
  PASS: 1val1IRIREFDatatype_LabDTbloodType999
  PASS: 1val1IRIREFDatatype_LaDTbloodType
  PASS: 1val1true_false
  PASS: 1val1true_ab
  PASS: 1val1false_true
  PASS: 1val1false_ab
  PASS: 1datatypeLength_fail-missing
  PASS: 1datatypeLength_fail-wrongDatatype
  PASS: 1datatypeLength_fail-short
  PASS: 1datatypeLength_fail-long
  PASS: 1literalFractiondigits_fail-decimal-long
  PASS: 1literalFractiondigits_fail-decimal-longLead
  PASS: 1literalFractiondigits_fail-decimal-longTrail
  PASS: 1literalFractiondigits_fail-decimal-longLeadTrail
  PASS: 1literalFractiondigits_fail-float-equal
  PASS: 1literalFractiondigits_fail-double-equal
  PASS: 1literalFractiondigits_fail-malformedxsd_decimal-1_23ab
  PASS: 1literalFractiondigits_fail-malformedxsd_decimal-1_2345ab
  PASS: 1literalFractiondigits_fail-malformedxsd_integer-1_2345
  PASS: 1literalFractiondigits_fail-iri
  PASS: 1literalFractiondigits_fail-bnode
  PASS: 1literalTotaldigits_fail-decimal-long
  PASS: 1literalTotaldigits_fail-decimal-longLead
  PASS: 1literalTotaldigits_fail-decimal-longTrail
  PASS: 1literalTotaldigits_fail-decimal-longLeadTrail
  PASS: 1literalTotaldigits_fail-integer-longLead
  PASS: 1literalTotaldigits_fail-integer-longTrail
  PASS: 1literalTotaldigits_fail-integer-longLeadTrail
  PASS: 1literalTotaldigits_fail-byte-long
  PASS: 1literalTotaldigits_fail-float-equal
  PASS: 1literalTotaldigits_fail-double-equal
  PASS: 1literalTotaldigits_fail-malformedxsd_decimal-1_23ab
  PASS: 1literalTotaldigits_fail-malformedxsd_decimal-1_2345ab
  PASS: 1literalTotaldigits_fail-malformedxsd_integer-1_2345
  PASS: 1literalTotaldigits_fail-iri
  PASS: 1literalTotaldigits_fail-bnode
  PASS: 1literalMinexclusiveINTEGER_fail-low
  PASS: 1literalMinexclusiveINTEGER_pass-equal
  PASS: 1literalMininclusiveINTEGER_fail-low
  PASS: 1literalMaxexclusiveINTEGER_fail-equal
  PASS: 1literalMaxexclusiveINTEGER_fail-high
  PASS: 1literalMaxinclusiveINTEGER_fail-high
  PASS: 1floatMininclusiveINTEGER_fail-low
  PASS: 1integerMininclusiveINTEGER_fail-low
  PASS: 1integerMininclusiveINTEGER_fail-integer-low
  PASS: 1integerMininclusiveINTEGERLead_fail-integer-low
  PASS: 1integerMininclusiveDECIMALLeadTrail_fail-integer-low
  PASS: 1integerMininclusiveDECIMALint_fail-integer-low
  PASS: 1integerMininclusiveDECIMALintLeadTrail_fail-integer-low
  PASS: 1integerMininclusiveDOUBLELeadTrail_fail-integer-low
  PASS: 1integerMininclusiveDOUBLEintLeadTrail_fail-integer-low
  PASS: 1integerMininclusiveINTEGER_fail-decimal-equal
  PASS: 1integerMininclusiveINTEGER_fail-float-equal
  PASS: 1integerMininclusiveINTEGER_fail-double-equal
  PASS: 1integerMininclusiveINTEGER_fail-dateTime-equal
  PASS: 1integerMininclusiveINTEGER_fail-string-equal
  PASS: 1integerMininclusiveINTEGER_fail-byte-equal
  PASS: 1decimalMininclusiveINTEGER_fail-decimal-low
  PASS: 1decimalMininclusiveINTEGERLead_fail-decimal-low
  PASS: 1decimalMininclusiveDECIMAL_fail-decimal-low
  PASS: 1decimalMininclusiveDECIMALLeadTrail_fail-decimal-low
  PASS: 1decimalMininclusiveDECIMALintLeadTrail_fail-decimal-low
  PASS: 1decimalMininclusiveDOUBLE_fail-decimal-low
  PASS: 1decimalMininclusiveDOUBLELeadTrail_fail-decimal-low
  PASS: 1decimalMininclusiveDOUBLEintLeadTrail_fail-decimal-low
  PASS: 1decimalMininclusiveDECIMAL_fail-float-equal
  PASS: 1decimalMininclusiveDECIMAL_fail-double-equal
  PASS: 1floatMininclusiveINTEGERLead_fail-float-low
  PASS: 1floatMininclusiveDECIMALLeadTrail_fail-float-low
  PASS: 1floatMininclusiveDECIMALintLeadTrail_fail-float-low
  PASS: 1floatMininclusiveDOUBLELeadTrail_fail-float-low
  PASS: 1floatMininclusiveDOUBLEintLeadTrail_fail-float-low
  PASS: 1doubleMininclusiveINTEGERLead_fail-double-low
  PASS: 1doubleMininclusiveDECIMALLeadTrail_fail-double-low
  PASS: 1doubleMininclusiveDECIMALintLeadTrail_fail-double-low
  PASS: 1doubleMininclusiveDOUBLELeadTrail_fail-double-low
  PASS: 1doubleMininclusiveDOUBLEintLeadTrail_fail-double-low
  PASS: 1integerMinexclusiveINTEGER_fail-integer-low
  PASS: 1integerMinexclusiveINTEGER_fail-integer-equal
  PASS: 1integerMinexclusiveDECIMALint_fail-integer-low
  PASS: 1integerMinexclusiveDECIMALint_fail-integer-equal
  PASS: 1integerMinexclusiveDOUBLEint_fail-integer-low
  PASS: 1integerMinexclusiveDOUBLEint_fail-integer-equal
  PASS: 1decimalMinexclusiveINTEGER_fail-decimal-low
  PASS: 1decimalMinexclusiveDECIMAL_fail-decimal-low
  PASS: 1decimalMinexclusiveDECIMAL_fail-decimal-equal
  PASS: 1decimalMinexclusiveDOUBLE_fail-decimal-low
  PASS: 1decimalMinexclusiveDOUBLE_fail-decimal-equal
  PASS: 1decimalMinexclusiveDECIMAL_fail-float-equal
  PASS: 1decimalMinexclusiveDECIMAL_fail-double-equal
  PASS: 1floatMinexclusiveINTEGER_fail-float-low
  PASS: 1floatMinexclusiveDECIMAL_fail-float-low
  PASS: 1floatMinexclusiveDECIMAL_fail-float-equal
  PASS: 1floatMinexclusiveDOUBLE_fail-float-low
  PASS: 1floatMinexclusiveDOUBLE_fail-float-equal
  PASS: 1doubleMinexclusiveINTEGER_fail-double-low
  PASS: 1doubleMinexclusiveDECIMAL_fail-double-low
  PASS: 1doubleMinexclusiveDECIMAL_fail-double-equal
  PASS: 1doubleMinexclusiveDOUBLE_fail-double-low
  PASS: 1doubleMinexclusiveDOUBLE_fail-double-equal
  PASS: 1doubleMinexclusiveDECIMAL_fail-float-equal
  PASS: 1integerMaxinclusiveINTEGER_fail-integer-high
  PASS: 1integerMaxinclusiveDECIMALint_fail-integer-high
  PASS: 1integerMaxinclusiveDOUBLEint_fail-integer-high
  PASS: 1decimalMaxinclusiveINTEGER_fail-decimal-high
  PASS: 1decimalMaxinclusiveDECIMAL_fail-decimal-high
  PASS: 1decimalMaxinclusiveDOUBLE_fail-decimal-high
  PASS: 1decimalMaxinclusiveDECIMAL_fail-float-equal
  PASS: 1decimalMaxinclusiveDECIMAL_fail-double-equal
  PASS: 1floatMaxinclusiveINTEGER_fail-float-high
  PASS: 1floatMaxinclusiveDECIMAL_fail-float-high
  PASS: 1floatMaxinclusiveDOUBLE_fail-float-high
  PASS: 1doubleMaxinclusiveINTEGER_fail-double-high
  PASS: 1doubleMaxinclusiveDECIMAL_fail-double-high
  PASS: 1doubleMaxinclusiveDOUBLE_fail-double-high
  PASS: 1doubleMaxinclusiveDECIMAL_fail-float-equal
  PASS: 1integerMaxexclusiveINTEGER_fail-integer-equal
  PASS: 1integerMaxexclusiveINTEGER_fail-integer-high
  PASS: 1integerMaxexclusiveDECIMALint_fail-integer-equal
  PASS: 1integerMaxexclusiveDECIMALint_fail-integer-high
  PASS: 1integerMaxexclusiveDOUBLEint_fail-integer-equal
  PASS: 1integerMaxexclusiveDOUBLEint_fail-integer-high
  PASS: 1decimalMaxexclusiveINTEGER_fail-decimal-high
  PASS: 1decimalMaxexclusiveDECIMAL_fail-decimal-equal
  PASS: 1decimalMaxexclusiveDECIMAL_fail-decimal-high
  PASS: 1decimalMaxexclusiveDOUBLE_fail-decimal-equal
  PASS: 1decimalMaxexclusiveDOUBLE_fail-decimal-high
  PASS: 1decimalMaxexclusiveDECIMAL_fail-float-equal
  PASS: 1decimalMaxexclusiveDECIMAL_fail-double-equal
  PASS: 1decimalMaxexclusivexsd-byte_fail-byte-equal
  PASS: 1floatMaxexclusiveINTEGER_fail-float-high
  PASS: 1floatMaxexclusiveDECIMAL_fail-float-high
  PASS: 1floatMaxexclusiveDOUBLE_fail-float-high
  PASS: 1doubleMaxexclusiveINTEGER_fail-double-equal
  PASS: 1doubleMaxexclusiveINTEGER_fail-double-high
  PASS: 1doubleMaxexclusiveINTEGERLead_fail-double-equal
  PASS: 1doubleMaxexclusiveDECIMAL_fail-double-equal
  PASS: 1doubleMaxexclusiveDECIMAL_fail-double-high
  PASS: 1doubleMaxexclusiveDECIMALLeadTrail_fail-double-equal
  PASS: 1doubleMaxexclusiveDECIMALint_fail-double-equal
  PASS: 1doubleMaxexclusiveDECIMALintLeadTrail_fail-double-equal
  PASS: 1doubleMaxexclusiveDOUBLE_fail-double-equal
  PASS: 1doubleMaxexclusiveDOUBLE_fail-double-high
  PASS: 1doubleMaxexclusiveDOUBLELeadTrail_fail-double-equal
  PASS: 1doubleMaxexclusiveDOUBLEint_fail-double-equal
  PASS: 1doubleMaxexclusiveDOUBLEintLeadTrail_fail-double-equal
  PASS: 1Length_fail-lit-short
  PASS: 1Length_fail-lit-long
  PASS: 1literalLength_fail-lit-short
  PASS: 1literalLength_fail-lit-long
  PASS: 1literalLength_fail-iri-equal
  PASS: 1literalLength_fail-bnode-equal
  PASS: 1iriLength_fail-iri-short
  PASS: 1iriLength_fail-iri-long
  PASS: 1iriLength_fail-lit-equal
  PASS: 1iriLength_fail-bnode-equal
  PASS: 1iriRefLength1_fail-iri-short
  PASS: 1iriRefLength1_fail-iri-long
  PASS: 1iriRefLength1_fail-lit-equal
  PASS: 1iriRefLength1_fail-bnode-equal
  PASS: 1bnodeLength_fail-bnode-short
  PASS: 1bnodeLength_fail-bnode-long
  PASS: 1bnodeLength_fail-lit-equal
  PASS: 1bnodeLength_fail-iri-equal
  PASS: 1nonliteralLength_fail-iri-short
  PASS: 1nonliteralLength_fail-iri-long
  PASS: 1nonliteralLength_fail-lit-equal
  PASS: 1nonliteralLength_fail-bnode-short
  PASS: 1nonliteralLength_fail-bnode-long
  PASS: 1literalMinlength_fail-lit-short
  PASS: 1iriMinlength_fail-iri-short
  PASS: 1bnodeMinlength_fail-bnode-short
  PASS: 1nonliteralMinlength_fail-iri-short
  PASS: 1nonliteralMinlength_fail-bnode-short
  PASS: 1literalMaxlength_fail-lit-long
  PASS: 1iriMaxlength_fail-iri-long
  PASS: 1bnodeMaxlength_fail-bnode-long
  PASS: 1nonliteralMaxlength_fail-iri-long
  PASS: 1nonliteralMaxlength_fail-bnode-long
  PASS: 1literalPattern_fail-lit-short
  PASS: 1literalPattern_fail-ab
  PASS: 1literalPattern_fail-cd
  PASS: 1literalPattern19_fail-iri-match
  PASS: 1literalPattern_fail-bnode-match
  PASS: 1literalStartPattern_fail-CarrotbcDollar
  PASS: 1literalPatternEnd_pass-CarrotbcDollar
  PASS: 1literalPattern_with_all_controls_fail
  PASS: 1literalPattern_with_all_punctuation_fail
  PASS: 1literalPattern_with_ascii_boundaries_fail
  PASS: 1literalPattern_with_UTF8_boundaries_fail
  PASS: 1literalPattern_with_REGEXP_escapes_fail
  PASS: 1literalPattern_with_REGEXP_escapes_fail_escaped
  PASS: 1literalPattern_with_REGEXP_escapes_escaped_fail_escapes
  PASS: 1literalPattern_with_REGEXP_escapes_escaped_fail_escapes_bare
  PASS: 1literalPattern_with_REGEXP_escapes_bare_fail_escaped
  PASS: 1literalPatternEnd_fail-litEnd
  PASS: 1literalPattern_pass-StartlitEnd-match
  PASS: 1literalStartPatternEnd_CarrotbcDollar
  PASS: 1literalCarrotPatternDollar_pass-bc
  PASS: 1literalPatternabEnd_fail-bnode-match
  PASS: 1iriPattern_fail-iri-short
  PASS: 1iriPattern_fail-iri-long
  PASS: 1iriPattern_fail-lit-match
  PASS: 1iriPattern_fail-bnode-match
  PASS: 1bnodePattern_fail-bnode-short
  PASS: 1bnodePattern_fail-lit-match
  PASS: 1bnodePattern_fail-iri-match
  PASS: 1nonliteralPattern_fail-iri-short
  PASS: 1nonliteralPattern_fail-lit-match
  PASS: 1nonliteralPattern_fail-bnode-short
  PASS: 1val1dotMinusiri3_v1
  PASS: 1val1dotMinusiri3_v2
  PASS: 1val1dotMinusiri3_v3
  PASS: 1val1refvsMinusiri3_v1
  PASS: 1val1refvsMinusiri3_v2
  PASS: 1val1refvsMinusiri3_v3
  PASS: 1val1dotMinusiriStem3_v1
  PASS: 1val1dotMinusiriStem3_v2
  PASS: 1val1dotMinusiriStem3_v3
  PASS: 1val1dotMinusiriStem3_v1a
  PASS: 1val1iri_failv1a
  PASS: 1val1iriStem_fail
  PASS: 1val1iriStem_fail-literalIv1
  PASS: 1val1iriStemMinusiri3_fail-literalIv4
  PASS: 1val1iriStemMinusiri3_v1
  PASS: 1val1iriStemMinusiri3_fail-literalIv1
  PASS: 1val1iriStemMinusiri3_v2
  PASS: 1val1iriStemMinusiri3_v3
  PASS: 1val1iriStemMinusiriStem3_v1
  PASS: 1val1iriStemMinusiriStem3_v2
  PASS: 1val1iriStemMinusiriStem3_v3
  PASS: 1val1iriStemMinusiriStem3_v1a
  PASS: 1val1literal_failv1
  PASS: 1val1literalStem_fail
  PASS: 1val1literaliriStem_fail-Iv1
  PASS: 1val1literaliriStemMinusliteraliri3_fail-Iv4
  PASS: 1val1literalStemMinusliteral3_v1
  PASS: 1val1literaliriStemMinusliteraliri3_fail-Iv1
  PASS: 1val1literalStemMinusliteral3_v2
  PASS: 1val1literalStemMinusliteral3_v3
  PASS: 1val1literalStemMinusliteralStem3_v1
  PASS: 1val1literalStemMinusliteralStem3_v2
  PASS: 1val1literalStemMinusliteralStem3_v3
  PASS: 1val1literalStemMinusliteralStem3_v1a
  PASS: 1val1language_failLAtfr-be
  PASS: 1val1emptylanguageStem_fail-literal
  PASS: 1val1emptylanguageStem_fail-empty
  PASS: 1val1emptylanguageStem_fail-integer
  PASS: 1val1emptylanguageStemMinuslanguage3_failLAtfr-be
  PASS: 1val1emptylanguageStemMinuslanguageStem3_failLAtfr-be
  PASS: 1val1emptylanguageStemMinuslanguageStem3_LAtfr-be-fbcl
  PASS: 1val1languageStem_failLAtfrc
  PASS: 1val1languageStem_fail
  PASS: 1val1literallanguageStem_failLAtfr
  PASS: 1val1literallanguageStemMinusliterallanguage3_failLAtfr-FR
  PASS: 1val1languageStemMinuslanguage3_failLAtfr-be
  PASS: 1val1literallanguageStemMinusliterallanguage3_failLAtfr-BE
  PASS: 1val1languageStemMinuslanguage3_failLAtfr-cd
  PASS: 1val1languageStemMinuslanguage3_failLAtfr-ch
  PASS: 1val1languageStemMinuslanguageStem3_LAtfrc
  PASS: 1val1languageStemMinuslanguageStem3_LAtfr-be
  PASS: 1val1languageStemMinuslanguageStem3_LAtfr-cd
  PASS: 1val1languageStemMinuslanguageStem3_LAtfr-ch
  PASS: 1val1languageStemMinuslanguageStem3_LAtfr-be-fbcl
  PASS: 1dotOne2dot-oneOf_fail_p1p2p3
  PASS: 1dotOne2dot-someOf_fail_p1p2p3
  PASS: open1dotOneopen2dotcloseclose_fail_p1p2p3
  PASS: openopen1dotOne1dotclose1dotclose_fail_p1
  PASS: openopen1dotOne1dotclose1dotclose_fail_p3
  PASS: openopen1dotOne1dotclose1dotclose_fail_p1p2
  PASS: 1val1vExprRefIRIREF1_fail-lit-short
  PASS: 1val1vExprRefbnode1_fail-lit-short
  PASS: 1dotShapeAND1dot3X_fail
  PASS: 1dotRefAND3_failAll
  PASS: 1dotRefAND3_failShape2Shape3
  PASS: 1dotRefAND3_failShape1Shape3
  PASS: 1dotRefAND3_failShape1Shape2
  PASS: 1val1vExpr1AND1AND1Ref3_failvc1
  PASS: 1val1vExpr1AND1AND1Ref3_failvc2
  PASS: 1val1vExpr1AND1AND1Ref3_failvc3
  PASS: 1val1vExprRefAND3_failvc1
  PASS: 1val1vExprRefAND3_failvc2
  PASS: 1val1vExprRefAND3_failvc3
  PASS: 1val1vExprAND3_failvc1
  PASS: 1val1vExprAND3_failvc2
  PASS: 1val1vExprAND3_failvc3
  PASS: refBNodeORrefIRI_ReflexiveShortIRI
  PASS: refBNodeORrefIRI_CyclicIRI_ShortIRI
  PASS: 1dotRefOR3_fail
  PASS: 1val1vExpr1OR1OR1Ref3_fail
  PASS: 1val1vExprRefOR3_fail
  PASS: 1val1vExprOR3_fail
  PASS: 1NOTIRI_failIo1
  PASS: 1NOTIRI_failempty
  PASS: 1NOTNOTIRI_failLv
  PASS: 1NOTvs_failIv1
  PASS: 1NOTvs_failempty
  PASS: 1NOTNOTvs_failIo1
  PASS: 1NOTdot_failIv1
  PASS: 1NOTdot_failIo1
  PASS: 1NOTdot_failempty
  PASS: 1_NOTliteral_ANDvs_failIo1
  PASS: 1_NOTliteral_ANDvs_failLv
  PASS: 1NOTliteralANDvs_failIo1
  PASS: 1NOTliteralANDvs_failLv
  PASS: 1_NOTvs_ANDvs_failIv1
  PASS: 1_NOTvs_ANDvs_failIv3
  PASS: 1NOTvsANDvs_failIv1
  PASS: 1NOTvsANDvs_failIv3
  PASS: 1_NOTliteral_ORvs_failLv
  PASS: 1NOT_literalORvs__failIv1
  PASS: 1NOT_literalORvs__failLv
  PASS: 1NOTliteralORvs_failLv
  PASS: 1_NOTvs_ORvs_failIv1
  PASS: 1NOT_vsORvs__failIv1
  PASS: 1NOT_vsORvs__failIv2
  PASS: 1NOTvsORvs_failIv1
  PASS: NOT1NOTvs_failIv3
  PASS: 1val1vExpr1AND1OR1Ref3_failvc1vc3
  PASS: 1val1vExpr1AND1OR1Ref3_failvc2vc3
  PASS: 1val1vExpr1AND1OR1Ref3_failvc1vc2vc3
  PASS: 1val1vExpr1OR1AND1Ref3_failvc1vc2
  PASS: 1val1vExpr1OR1AND1Ref3_failvc1vc3
  PASS: 1val1vExpr1OR1AND1Ref3_failvc1vc2vc3
  PASS: open3Onedotclosecard2_fail-p1
  PASS: open3Onedotclosecard2_fail-p1X3
  PASS: open3Onedotclosecard2_fail-p1X4
  PASS: open3Onedotclosecard2_fail-p1p2p3
  PASS: open3Onedotclosecard23_fail-p1
  PASS: open3Onedotclosecard23_fail-p1X4
  PASS: open4Onedotclosecard23_fail-p1p2p3p4
  PASS: 1dotClosed_fail_lower
  PASS: 1dotClosed_fail_higher
  PASS: FocusIRI2EachBnodeNested2EachIRIRef_fail
  PASS: 1val1IRIREFExtra1Closed_fail-iri2_higher
  PASS: 1val1IRIREFClosedExtra1_fail-iri2_higher
  PASS: 1val2IRIREFExtra1_fail-iri2
  PASS: 1val1IRIREFExtra1p2_fail-iri2
  PASS: 1dotOne2dotExtra-someOf_pass_p1p2p3
  PASS: 1dotExtra1_fail-iri2
  PASS: startRefIRIREF_fail-missing
  PASS: startRefbnode_fail-missing
  PASS: startInline_fail-missing
  PASS: 1dotAnnotIRIREF_missing
  PASS: 1dotAnnot3_missing
  PASS: 1inversedotAnnot3_missing
  PASS: 1dotShapeAnnotIRIREF_missing
  PASS: 1dotCode3fail_abort
  PASS: startCode1fail_abort
  PASS: startCode1startReffail_abort
  PASS: startCode3fail_abort
  PASS: 0focusIRI_empty_fail-bnodeFocusLabel
  PASS: 0focusIRI_other_fail-bnodeFocusLabel
  PASS: 0focusBNODE_empty_fail-iriFocusLabel
  PASS: 0focusBNODE_other_fail-iriFocusLabel
  PASS: 1focusIRI_dot_fail-bnodeFocusLabel
  PASS: 1focusBNODE_dot_fail-iriFocusLabel-equal
  PASS: focusdatatype_fail
  PASS: focusdatatype_fail-empty
  PASS: focusvs_fail
  PASS: 1focusvsANDdatatype_fail
  PASS: 1focusvsANDIRI_fail
  PASS: 1focusvsORdatatype_fail-val
  PASS: 1focusvsORdatatype_fail-dt
  PASS: focusNOTRefOR1dot_fail-inNOT
  PASS: 1focusLength-dot_fail-iri-short
  PASS: 1focusLength-dot_fail-iri-long
  PASS: 1focusLength-dot_fail-bnode-short
  PASS: 1focusLength-dot_fail-bnode-long
  PASS: 1focusMinLength-dot_fail-iri-short
  PASS: 1focusMinLength-dot_fail-bnode-short
  PASS: 1focusMaxLength-dot_fail-iri-long
  PASS: 1focusMaxLength-dot_fail-bnode-long
  PASS: 1focusPattern-dot_fail-iri-match
  PASS: 1focusPattern-dot_fail-iri-short
  PASS: 1focusPattern-dot_fail-iri-long
  PASS: 1focusPatternB-dot_fail-iri-match
  PASS: 1focusPatternB-dot_fail-bnode-short
  PASS: 1focusIRILength_dot_fail-bnodeFocusLabel-equal
  PASS: 1focusIRILength_dot_fail-short
  PASS: 1focusIRILength_dot_fail-long
  PASS: 1focusBNODELength_dot_fail-iriFocusLabel-equal
  PASS: 1focusBNODELength_dot_fail-short
  PASS: 1focusBNODELength_dot_fail-long
  PASS: NOT1dotOR2dot_fail-Shape2
  PASS: NOT1dotOR2dotX3_fail-Shape2
  PASS: NOT1dotOR2dotX3AND1_fail-empty
  PASS: NOT1dotOR2dotX3AND1_fail-NoShape1
  PASS: NOT1dotOR2dotX3AND1_fail-Shape2
  PASS: 1NOTRefOR1dot_fail-inNOT
  PASS: shapeExtern_fail
  PASS: shapeExternRef_fail
  PASS: 2RefS1-IS2_fail-p2
  PASS: 2RefS1-Icirc_fail-p2
  PASS: 1valExprRef-IV1_fail-lit-short
  PASS: 1valExprRefbnode-IV1_fail-lit-short
  PASS: 1list0PlusDot-manualList_extraArc_Iv1,Iv2,Iv3_fail
  PASS: 1list0PlusDot-manualList_2firsts_Iv1,Iv2,Iv3_fail
  PASS: 1list0PlusIri-list_Iv1,Iv2,Lx_fail
  PASS: 1list1PlusIri-empty_pass
  PASS: 1list1PlusIri-list_Iv1,Iv2,Lx_fail
  PASS: node_kind_example
  PASS: extends-abstract-multi-empty_fail-missingRef2
  PASS: extends-abstract-multi-empty_fail-Ref1ExtraOR
  PASS: extends-abstract-multi-empty_fail-ReferrerExtraP
  PASS: extends-abstract-multi-empty_fail-Ref1ExtraP
  PASS: extends-abstract-multi-empty_fail-Ref2ExtraP
  PASS: ExtendsRepeatedP-fail_vs
  PASS: ANDAbstract-fail_G1pattern
  PASS: ANDAbstract-fail_pattern
  PASS: AND3G-fail_G2pattern
  PASS: AND3G-fail_G1Bpattern
  PASS: ExtendAND3G-fail_EXTG1
  PASS: ExtendAND3G-fail_ExtraP
  PASS: ExtendAND3G-fail_G3pattern
  PASS: ExtendAND3G-fail_EXTG1ANDG1
  PASS: ExtendAND3G-fail_EXTG1pattern
  PASS: ExtendAND3G-fail_G0
  PASS: Extend3G-t16
  PASS: Extend3G-t17
  PASS: Extend3G-t18
  PASS: Extend3G-t19
  PASS: Extend3G-t20
  PASS: Extend3G-t21
  PASS: ExtendANDExtend3GAND3G-t24
  PASS: ExtendANDExtend3GAND3G-t25
  PASS: ExtendANDExtend3GAND3G-t26
  PASS: ExtendANDExtend3GAND3G-t27
  PASS: ExtendANDExtend3GAND3G-t28
  PASS: ExtendANDExtend3GAND3G-t29
  PASS: ExtendANDExtend3GAND3G-t30
  PASS: ExtendANDExtend3GAND3G-t31
  PASS: ExtendANDExtend3GAND3G-t32
  PASS: ExtendANDExtend3GAND3G-t34
  PASS: ExtendANDExtend3GAND3G-t35
  PASS: vitals-RESTRICTS-fail_sit-ReclinedVital
  PASS: vitals-RESTRICTS-fail_sit-ReclinedBP
  PASS: vitals-RESTRICTS-fail_sit-Reclined
  PASS: extends-closed-diamond_fail-no-G0
  PASS: extends-closed-diamond_fail-no-G0-0
  PASS: extends-closed-diamond_fail-no-G0-1
  PASS: extends-closed-diamond_fail-no_BOTTOM
  PASS: extends-closed-diamond_fail-two-G0s
  PASS: extends-closed-diamond_fail-two-G0-0s
  PASS: extends-closed-diamond_fail-two-BOTTOMS
  PASS: extends-closed-3diamond-split_fail-no-G0-0
  PASS: extends-closed-3diamond-split_fail-no-G0-0-0
  PASS: extends-closed-3diamond-split_fail-no-G0_0-0
  PASS: extends-closed-3diamond-split_fail-no_BOTTOM
  PASS: extends-closed-3diamond-split_fail-two-G0s
  PASS: extends-closed-3diamond-split_fail-two-G0-0s
  PASS: extends-closed-3diamond-split_fail-two-BOTTOMS
  PASS: 1dot_fail-empty-err
  PASS: 2dot_fail-empty-err

========================================
TOTAL: 1182 pass, 0 mismatch, 0 local-override, 0 deferred, 0 skipped (out of 1182)
========================================
shex-validation (pass/fail compat): 1182 pass, 0 fail (out of 1182)
shex-validation: 1182 pass, 0 fail, 0 local-override, 0 deferred, 0 skipped (out of 1182)
