=== F* → OCaml → JavaScript Pipeline ===

--- Step 2: Compile native OCaml ---
  Parquet/Zstd stub: enabled (-ccopt -I/usr/include -cclib -L/usr/lib/x86_64-linux-gnu -lzstd)
  HACL* crypto stubs: enabled (Ed25519 + SHA-256, vendored C)
  Platform: linux-x86_64
findlib: [WARNING] Interface digestif.cmi occurs in several directories: /root/.opam/fstar/lib/digestif/c, /root/.opam/fstar/lib/digestif
ocamlfind: [WARNING] Package `threads': Linking problems may arise because of the missing -thread or -vmthread switch
/usr/bin/ld: /usr/lib/ocaml/libasmrun.a(unix.n.o): in function `caml_dlopen':
(.text.caml_dlopen+0x13): warning: Using 'dlopen' in statically linked applications requires at runtime the shared libraries from the glibc version used for linking
/usr/bin/ld: /usr/lib/ocaml/libunix.a(getgr.o): in function `unix_getgrgid':
(.text.unix_getgrgid+0x22): warning: Using 'getgrgid' in statically linked applications requires at runtime the shared libraries from the glibc version used for linking
/usr/bin/ld: /usr/lib/ocaml/libunix.a(getgr.o): in function `unix_getgrnam':
(.text.unix_getgrnam+0x28): warning: Using 'getgrnam' in statically linked applications requires at runtime the shared libraries from the glibc version used for linking
/usr/bin/ld: /usr/lib/ocaml/libunix.a(initgroups.o): in function `unix_initgroups':
(.text.unix_initgroups+0x23): warning: Using 'initgroups' in statically linked applications requires at runtime the shared libraries from the glibc version used for linking
/usr/bin/ld: /usr/lib/ocaml/libunix.a(getaddrinfo.o): in function `unix_getaddrinfo':
(.text.unix_getaddrinfo+0x249): warning: Using 'getaddrinfo' in statically linked applications requires at runtime the shared libraries from the glibc version used for linking
/usr/bin/ld: /usr/lib/ocaml/libunix.a(gethost.o): in function `unix_gethostbyaddr':
(.text.unix_gethostbyaddr+0x69): warning: Using 'gethostbyaddr_r' in statically linked applications requires at runtime the shared libraries from the glibc version used for linking
/usr/bin/ld: /usr/lib/ocaml/libunix.a(gethost.o): in function `unix_gethostbyname':
(.text.unix_gethostbyname+0x71): warning: Using 'gethostbyname_r' in statically linked applications requires at runtime the shared libraries from the glibc version used for linking
/usr/bin/ld: /usr/lib/ocaml/libunix.a(getproto.o): in function `unix_getprotobynumber':
(.text.unix_getprotobynumber+0xc): warning: Using 'getprotobynumber' in statically linked applications requires at runtime the shared libraries from the glibc version used for linking
/usr/bin/ld: /usr/lib/ocaml/libunix.a(getproto.o): in function `unix_getprotobyname':
(.text.unix_getprotobyname+0x15): warning: Using 'getprotobyname' in statically linked applications requires at runtime the shared libraries from the glibc version used for linking
/usr/bin/ld: /usr/lib/ocaml/libunix.a(getpw.o): in function `unix_getpwnam':
(.text.unix_getpwnam+0x28): warning: Using 'getpwnam' in statically linked applications requires at runtime the shared libraries from the glibc version used for linking
/usr/bin/ld: /usr/lib/ocaml/libunix.a(getpw.o): in function `unix_getpwuid':
(.text.unix_getpwuid+0x22): warning: Using 'getpwuid' in statically linked applications requires at runtime the shared libraries from the glibc version used for linking
/usr/bin/ld: /usr/lib/ocaml/libunix.a(getserv.o): in function `unix_getservbyname':
(.text.unix_getservbyname+0x2c): warning: Using 'getservbyname' in statically linked applications requires at runtime the shared libraries from the glibc version used for linking
/usr/bin/ld: /usr/lib/ocaml/libunix.a(getserv.o): in function `unix_getservbyport':
(.text.unix_getservbyport+0x2d): warning: Using 'getservbyport' in statically linked applications requires at runtime the shared libraries from the glibc version used for linking
  Built: bin/linux-x86_64/w3c_runner (14420728 bytes)
findlib: [WARNING] Interface digestif.cmi occurs in several directories: /root/.opam/fstar/lib/digestif/c, /root/.opam/fstar/lib/digestif
/usr/bin/ld: /usr/lib/ocaml/libasmrun.a(unix.n.o): in function `caml_dlopen':
(.text.caml_dlopen+0x13): warning: Using 'dlopen' in statically linked applications requires at runtime the shared libraries from the glibc version used for linking
/usr/bin/ld: /usr/lib/ocaml/libunix.a(getgr.o): in function `unix_getgrgid':
(.text.unix_getgrgid+0x22): warning: Using 'getgrgid' in statically linked applications requires at runtime the shared libraries from the glibc version used for linking
/usr/bin/ld: /usr/lib/ocaml/libunix.a(getgr.o): in function `unix_getgrnam':
(.text.unix_getgrnam+0x28): warning: Using 'getgrnam' in statically linked applications requires at runtime the shared libraries from the glibc version used for linking
/usr/bin/ld: /usr/lib/ocaml/libunix.a(initgroups.o): in function `unix_initgroups':
(.text.unix_initgroups+0x23): warning: Using 'initgroups' in statically linked applications requires at runtime the shared libraries from the glibc version used for linking
/usr/bin/ld: /usr/lib/ocaml/libunix.a(getaddrinfo.o): in function `unix_getaddrinfo':
(.text.unix_getaddrinfo+0x249): warning: Using 'getaddrinfo' in statically linked applications requires at runtime the shared libraries from the glibc version used for linking
/usr/bin/ld: /usr/lib/ocaml/libunix.a(gethost.o): in function `unix_gethostbyaddr':
(.text.unix_gethostbyaddr+0x69): warning: Using 'gethostbyaddr_r' in statically linked applications requires at runtime the shared libraries from the glibc version used for linking
/usr/bin/ld: /usr/lib/ocaml/libunix.a(gethost.o): in function `unix_gethostbyname':
(.text.unix_gethostbyname+0x71): warning: Using 'gethostbyname_r' in statically linked applications requires at runtime the shared libraries from the glibc version used for linking
/usr/bin/ld: /usr/lib/ocaml/libunix.a(getproto.o): in function `unix_getprotobynumber':
(.text.unix_getprotobynumber+0xc): warning: Using 'getprotobynumber' in statically linked applications requires at runtime the shared libraries from the glibc version used for linking
/usr/bin/ld: /usr/lib/ocaml/libunix.a(getproto.o): in function `unix_getprotobyname':
(.text.unix_getprotobyname+0x15): warning: Using 'getprotobyname' in statically linked applications requires at runtime the shared libraries from the glibc version used for linking
/usr/bin/ld: /usr/lib/ocaml/libunix.a(getpw.o): in function `unix_getpwnam':
(.text.unix_getpwnam+0x28): warning: Using 'getpwnam' in statically linked applications requires at runtime the shared libraries from the glibc version used for linking
/usr/bin/ld: /usr/lib/ocaml/libunix.a(getpw.o): in function `unix_getpwuid':
(.text.unix_getpwuid+0x22): warning: Using 'getpwuid' in statically linked applications requires at runtime the shared libraries from the glibc version used for linking
/usr/bin/ld: /usr/lib/ocaml/libunix.a(getserv.o): in function `unix_getservbyname':
(.text.unix_getservbyname+0x2c): warning: Using 'getservbyname' in statically linked applications requires at runtime the shared libraries from the glibc version used for linking
/usr/bin/ld: /usr/lib/ocaml/libunix.a(getserv.o): in function `unix_getservbyport':
(.text.unix_getservbyport+0x2d): warning: Using 'getservbyport' in statically linked applications requires at runtime the shared libraries from the glibc version used for linking
  Built: bin/linux-x86_64/factoidal (16576632 bytes)
findlib: [WARNING] Interface digestif.cmi occurs in several directories: /root/.opam/fstar/lib/digestif/c, /root/.opam/fstar/lib/digestif
/usr/bin/ld: /usr/lib/ocaml/libasmrun.a(unix.n.o): in function `caml_dlopen':
(.text.caml_dlopen+0x13): warning: Using 'dlopen' in statically linked applications requires at runtime the shared libraries from the glibc version used for linking
/usr/bin/ld: /usr/lib/ocaml/libunix.a(getgr.o): in function `unix_getgrgid':
(.text.unix_getgrgid+0x22): warning: Using 'getgrgid' in statically linked applications requires at runtime the shared libraries from the glibc version used for linking
/usr/bin/ld: /usr/lib/ocaml/libunix.a(getgr.o): in function `unix_getgrnam':
(.text.unix_getgrnam+0x28): warning: Using 'getgrnam' in statically linked applications requires at runtime the shared libraries from the glibc version used for linking
/usr/bin/ld: /usr/lib/ocaml/libunix.a(initgroups.o): in function `unix_initgroups':
(.text.unix_initgroups+0x23): warning: Using 'initgroups' in statically linked applications requires at runtime the shared libraries from the glibc version used for linking
/usr/bin/ld: /usr/lib/ocaml/libunix.a(getaddrinfo.o): in function `unix_getaddrinfo':
(.text.unix_getaddrinfo+0x249): warning: Using 'getaddrinfo' in statically linked applications requires at runtime the shared libraries from the glibc version used for linking
/usr/bin/ld: /usr/lib/ocaml/libunix.a(gethost.o): in function `unix_gethostbyaddr':
(.text.unix_gethostbyaddr+0x69): warning: Using 'gethostbyaddr_r' in statically linked applications requires at runtime the shared libraries from the glibc version used for linking
/usr/bin/ld: /usr/lib/ocaml/libunix.a(gethost.o): in function `unix_gethostbyname':
(.text.unix_gethostbyname+0x71): warning: Using 'gethostbyname_r' in statically linked applications requires at runtime the shared libraries from the glibc version used for linking
/usr/bin/ld: /usr/lib/ocaml/libunix.a(getproto.o): in function `unix_getprotobynumber':
(.text.unix_getprotobynumber+0xc): warning: Using 'getprotobynumber' in statically linked applications requires at runtime the shared libraries from the glibc version used for linking
/usr/bin/ld: /usr/lib/ocaml/libunix.a(getproto.o): in function `unix_getprotobyname':
(.text.unix_getprotobyname+0x15): warning: Using 'getprotobyname' in statically linked applications requires at runtime the shared libraries from the glibc version used for linking
/usr/bin/ld: /usr/lib/ocaml/libunix.a(getpw.o): in function `unix_getpwnam':
(.text.unix_getpwnam+0x28): warning: Using 'getpwnam' in statically linked applications requires at runtime the shared libraries from the glibc version used for linking
/usr/bin/ld: /usr/lib/ocaml/libunix.a(getpw.o): in function `unix_getpwuid':
(.text.unix_getpwuid+0x22): warning: Using 'getpwuid' in statically linked applications requires at runtime the shared libraries from the glibc version used for linking
/usr/bin/ld: /usr/lib/ocaml/libunix.a(getserv.o): in function `unix_getservbyname':
(.text.unix_getservbyname+0x2c): warning: Using 'getservbyname' in statically linked applications requires at runtime the shared libraries from the glibc version used for linking
/usr/bin/ld: /usr/lib/ocaml/libunix.a(getserv.o): in function `unix_getservbyport':
(.text.unix_getservbyport+0x2d): warning: Using 'getservbyport' in statically linked applications requires at runtime the shared libraries from the glibc version used for linking
  Built: bin/linux-x86_64/factoidal-http (16214288 bytes)
findlib: [WARNING] Interface digestif.cmi occurs in several directories: /root/.opam/fstar/lib/digestif/c, /root/.opam/fstar/lib/digestif
ocamlfind: [WARNING] Package `threads': Linking problems may arise because of the missing -thread or -vmthread switch
/usr/bin/ld: /usr/lib/ocaml/libasmrun.a(unix.n.o): in function `caml_dlopen':
(.text.caml_dlopen+0x13): warning: Using 'dlopen' in statically linked applications requires at runtime the shared libraries from the glibc version used for linking
/usr/bin/ld: /usr/lib/ocaml/libunix.a(getgr.o): in function `unix_getgrgid':
(.text.unix_getgrgid+0x22): warning: Using 'getgrgid' in statically linked applications requires at runtime the shared libraries from the glibc version used for linking
/usr/bin/ld: /usr/lib/ocaml/libunix.a(getgr.o): in function `unix_getgrnam':
(.text.unix_getgrnam+0x28): warning: Using 'getgrnam' in statically linked applications requires at runtime the shared libraries from the glibc version used for linking
/usr/bin/ld: /usr/lib/ocaml/libunix.a(initgroups.o): in function `unix_initgroups':
(.text.unix_initgroups+0x23): warning: Using 'initgroups' in statically linked applications requires at runtime the shared libraries from the glibc version used for linking
/usr/bin/ld: /usr/lib/ocaml/libunix.a(getaddrinfo.o): in function `unix_getaddrinfo':
(.text.unix_getaddrinfo+0x249): warning: Using 'getaddrinfo' in statically linked applications requires at runtime the shared libraries from the glibc version used for linking
/usr/bin/ld: /usr/lib/ocaml/libunix.a(gethost.o): in function `unix_gethostbyaddr':
(.text.unix_gethostbyaddr+0x69): warning: Using 'gethostbyaddr_r' in statically linked applications requires at runtime the shared libraries from the glibc version used for linking
/usr/bin/ld: /usr/lib/ocaml/libunix.a(gethost.o): in function `unix_gethostbyname':
(.text.unix_gethostbyname+0x71): warning: Using 'gethostbyname_r' in statically linked applications requires at runtime the shared libraries from the glibc version used for linking
/usr/bin/ld: /usr/lib/ocaml/libunix.a(getproto.o): in function `unix_getprotobynumber':
(.text.unix_getprotobynumber+0xc): warning: Using 'getprotobynumber' in statically linked applications requires at runtime the shared libraries from the glibc version used for linking
/usr/bin/ld: /usr/lib/ocaml/libunix.a(getproto.o): in function `unix_getprotobyname':
(.text.unix_getprotobyname+0x15): warning: Using 'getprotobyname' in statically linked applications requires at runtime the shared libraries from the glibc version used for linking
/usr/bin/ld: /usr/lib/ocaml/libunix.a(getpw.o): in function `unix_getpwnam':
(.text.unix_getpwnam+0x28): warning: Using 'getpwnam' in statically linked applications requires at runtime the shared libraries from the glibc version used for linking
/usr/bin/ld: /usr/lib/ocaml/libunix.a(getpw.o): in function `unix_getpwuid':
(.text.unix_getpwuid+0x22): warning: Using 'getpwuid' in statically linked applications requires at runtime the shared libraries from the glibc version used for linking
/usr/bin/ld: /usr/lib/ocaml/libunix.a(getserv.o): in function `unix_getservbyname':
(.text.unix_getservbyname+0x2c): warning: Using 'getservbyname' in statically linked applications requires at runtime the shared libraries from the glibc version used for linking
/usr/bin/ld: /usr/lib/ocaml/libunix.a(getserv.o): in function `unix_getservbyport':
(.text.unix_getservbyport+0x2d): warning: Using 'getservbyport' in statically linked applications requires at runtime the shared libraries from the glibc version used for linking
  Built: bin/linux-x86_64/owl_runner (14318880 bytes)
findlib: [WARNING] Interface digestif.cmi occurs in several directories: /root/.opam/fstar/lib/digestif/c, /root/.opam/fstar/lib/digestif
ocamlfind: [WARNING] Package `threads': Linking problems may arise because of the missing -thread or -vmthread switch
/usr/bin/ld: /usr/lib/ocaml/libasmrun.a(unix.n.o): in function `caml_dlopen':
(.text.caml_dlopen+0x13): warning: Using 'dlopen' in statically linked applications requires at runtime the shared libraries from the glibc version used for linking
/usr/bin/ld: /usr/lib/ocaml/libunix.a(getgr.o): in function `unix_getgrgid':
(.text.unix_getgrgid+0x22): warning: Using 'getgrgid' in statically linked applications requires at runtime the shared libraries from the glibc version used for linking
/usr/bin/ld: /usr/lib/ocaml/libunix.a(getgr.o): in function `unix_getgrnam':
(.text.unix_getgrnam+0x28): warning: Using 'getgrnam' in statically linked applications requires at runtime the shared libraries from the glibc version used for linking
/usr/bin/ld: /usr/lib/ocaml/libunix.a(initgroups.o): in function `unix_initgroups':
(.text.unix_initgroups+0x23): warning: Using 'initgroups' in statically linked applications requires at runtime the shared libraries from the glibc version used for linking
/usr/bin/ld: /usr/lib/ocaml/libunix.a(getaddrinfo.o): in function `unix_getaddrinfo':
(.text.unix_getaddrinfo+0x249): warning: Using 'getaddrinfo' in statically linked applications requires at runtime the shared libraries from the glibc version used for linking
/usr/bin/ld: /usr/lib/ocaml/libunix.a(gethost.o): in function `unix_gethostbyaddr':
(.text.unix_gethostbyaddr+0x69): warning: Using 'gethostbyaddr_r' in statically linked applications requires at runtime the shared libraries from the glibc version used for linking
/usr/bin/ld: /usr/lib/ocaml/libunix.a(gethost.o): in function `unix_gethostbyname':
(.text.unix_gethostbyname+0x71): warning: Using 'gethostbyname_r' in statically linked applications requires at runtime the shared libraries from the glibc version used for linking
/usr/bin/ld: /usr/lib/ocaml/libunix.a(getproto.o): in function `unix_getprotobynumber':
(.text.unix_getprotobynumber+0xc): warning: Using 'getprotobynumber' in statically linked applications requires at runtime the shared libraries from the glibc version used for linking
/usr/bin/ld: /usr/lib/ocaml/libunix.a(getproto.o): in function `unix_getprotobyname':
(.text.unix_getprotobyname+0x15): warning: Using 'getprotobyname' in statically linked applications requires at runtime the shared libraries from the glibc version used for linking
/usr/bin/ld: /usr/lib/ocaml/libunix.a(getpw.o): in function `unix_getpwnam':
(.text.unix_getpwnam+0x28): warning: Using 'getpwnam' in statically linked applications requires at runtime the shared libraries from the glibc version used for linking
/usr/bin/ld: /usr/lib/ocaml/libunix.a(getpw.o): in function `unix_getpwuid':
(.text.unix_getpwuid+0x22): warning: Using 'getpwuid' in statically linked applications requires at runtime the shared libraries from the glibc version used for linking
/usr/bin/ld: /usr/lib/ocaml/libunix.a(getserv.o): in function `unix_getservbyname':
(.text.unix_getservbyname+0x2c): warning: Using 'getservbyname' in statically linked applications requires at runtime the shared libraries from the glibc version used for linking
/usr/bin/ld: /usr/lib/ocaml/libunix.a(getserv.o): in function `unix_getservbyport':
(.text.unix_getservbyport+0x2d): warning: Using 'getservbyport' in statically linked applications requires at runtime the shared libraries from the glibc version used for linking
  Built: bin/linux-x86_64/rdfc10_runner (14247224 bytes)
findlib: [WARNING] Interface digestif.cmi occurs in several directories: /root/.opam/fstar/lib/digestif/c, /root/.opam/fstar/lib/digestif
ocamlfind: [WARNING] Package `threads': Linking problems may arise because of the missing -thread or -vmthread switch
/usr/bin/ld: /usr/lib/ocaml/libasmrun.a(unix.n.o): in function `caml_dlopen':
(.text.caml_dlopen+0x13): warning: Using 'dlopen' in statically linked applications requires at runtime the shared libraries from the glibc version used for linking
/usr/bin/ld: /usr/lib/ocaml/libunix.a(getgr.o): in function `unix_getgrgid':
(.text.unix_getgrgid+0x22): warning: Using 'getgrgid' in statically linked applications requires at runtime the shared libraries from the glibc version used for linking
/usr/bin/ld: /usr/lib/ocaml/libunix.a(getgr.o): in function `unix_getgrnam':
(.text.unix_getgrnam+0x28): warning: Using 'getgrnam' in statically linked applications requires at runtime the shared libraries from the glibc version used for linking
/usr/bin/ld: /usr/lib/ocaml/libunix.a(initgroups.o): in function `unix_initgroups':
(.text.unix_initgroups+0x23): warning: Using 'initgroups' in statically linked applications requires at runtime the shared libraries from the glibc version used for linking
/usr/bin/ld: /usr/lib/ocaml/libunix.a(getaddrinfo.o): in function `unix_getaddrinfo':
(.text.unix_getaddrinfo+0x249): warning: Using 'getaddrinfo' in statically linked applications requires at runtime the shared libraries from the glibc version used for linking
/usr/bin/ld: /usr/lib/ocaml/libunix.a(gethost.o): in function `unix_gethostbyaddr':
(.text.unix_gethostbyaddr+0x69): warning: Using 'gethostbyaddr_r' in statically linked applications requires at runtime the shared libraries from the glibc version used for linking
/usr/bin/ld: /usr/lib/ocaml/libunix.a(gethost.o): in function `unix_gethostbyname':
(.text.unix_gethostbyname+0x71): warning: Using 'gethostbyname_r' in statically linked applications requires at runtime the shared libraries from the glibc version used for linking
/usr/bin/ld: /usr/lib/ocaml/libunix.a(getproto.o): in function `unix_getprotobynumber':
(.text.unix_getprotobynumber+0xc): warning: Using 'getprotobynumber' in statically linked applications requires at runtime the shared libraries from the glibc version used for linking
/usr/bin/ld: /usr/lib/ocaml/libunix.a(getproto.o): in function `unix_getprotobyname':
(.text.unix_getprotobyname+0x15): warning: Using 'getprotobyname' in statically linked applications requires at runtime the shared libraries from the glibc version used for linking
/usr/bin/ld: /usr/lib/ocaml/libunix.a(getpw.o): in function `unix_getpwnam':
(.text.unix_getpwnam+0x28): warning: Using 'getpwnam' in statically linked applications requires at runtime the shared libraries from the glibc version used for linking
/usr/bin/ld: /usr/lib/ocaml/libunix.a(getpw.o): in function `unix_getpwuid':
(.text.unix_getpwuid+0x22): warning: Using 'getpwuid' in statically linked applications requires at runtime the shared libraries from the glibc version used for linking
/usr/bin/ld: /usr/lib/ocaml/libunix.a(getserv.o): in function `unix_getservbyname':
(.text.unix_getservbyname+0x2c): warning: Using 'getservbyname' in statically linked applications requires at runtime the shared libraries from the glibc version used for linking
/usr/bin/ld: /usr/lib/ocaml/libunix.a(getserv.o): in function `unix_getservbyport':
(.text.unix_getservbyport+0x2d): warning: Using 'getservbyport' in statically linked applications requires at runtime the shared libraries from the glibc version used for linking
  Built: bin/linux-x86_64/grddl_runner (14251352 bytes)
findlib: [WARNING] Interface digestif.cmi occurs in several directories: /root/.opam/fstar/lib/digestif/c, /root/.opam/fstar/lib/digestif
ocamlfind: [WARNING] Package `threads': Linking problems may arise because of the missing -thread or -vmthread switch
/usr/bin/ld: /usr/lib/ocaml/libasmrun.a(unix.n.o): in function `caml_dlopen':
(.text.caml_dlopen+0x13): warning: Using 'dlopen' in statically linked applications requires at runtime the shared libraries from the glibc version used for linking
/usr/bin/ld: /usr/lib/ocaml/libunix.a(getgr.o): in function `unix_getgrgid':
(.text.unix_getgrgid+0x22): warning: Using 'getgrgid' in statically linked applications requires at runtime the shared libraries from the glibc version used for linking
/usr/bin/ld: /usr/lib/ocaml/libunix.a(getgr.o): in function `unix_getgrnam':
(.text.unix_getgrnam+0x28): warning: Using 'getgrnam' in statically linked applications requires at runtime the shared libraries from the glibc version used for linking
/usr/bin/ld: /usr/lib/ocaml/libunix.a(initgroups.o): in function `unix_initgroups':
(.text.unix_initgroups+0x23): warning: Using 'initgroups' in statically linked applications requires at runtime the shared libraries from the glibc version used for linking
/usr/bin/ld: /usr/lib/ocaml/libunix.a(getaddrinfo.o): in function `unix_getaddrinfo':
(.text.unix_getaddrinfo+0x249): warning: Using 'getaddrinfo' in statically linked applications requires at runtime the shared libraries from the glibc version used for linking
/usr/bin/ld: /usr/lib/ocaml/libunix.a(gethost.o): in function `unix_gethostbyaddr':
(.text.unix_gethostbyaddr+0x69): warning: Using 'gethostbyaddr_r' in statically linked applications requires at runtime the shared libraries from the glibc version used for linking
/usr/bin/ld: /usr/lib/ocaml/libunix.a(gethost.o): in function `unix_gethostbyname':
(.text.unix_gethostbyname+0x71): warning: Using 'gethostbyname_r' in statically linked applications requires at runtime the shared libraries from the glibc version used for linking
/usr/bin/ld: /usr/lib/ocaml/libunix.a(getproto.o): in function `unix_getprotobynumber':
(.text.unix_getprotobynumber+0xc): warning: Using 'getprotobynumber' in statically linked applications requires at runtime the shared libraries from the glibc version used for linking
/usr/bin/ld: /usr/lib/ocaml/libunix.a(getproto.o): in function `unix_getprotobyname':
(.text.unix_getprotobyname+0x15): warning: Using 'getprotobyname' in statically linked applications requires at runtime the shared libraries from the glibc version used for linking
/usr/bin/ld: /usr/lib/ocaml/libunix.a(getpw.o): in function `unix_getpwnam':
(.text.unix_getpwnam+0x28): warning: Using 'getpwnam' in statically linked applications requires at runtime the shared libraries from the glibc version used for linking
/usr/bin/ld: /usr/lib/ocaml/libunix.a(getpw.o): in function `unix_getpwuid':
(.text.unix_getpwuid+0x22): warning: Using 'getpwuid' in statically linked applications requires at runtime the shared libraries from the glibc version used for linking
/usr/bin/ld: /usr/lib/ocaml/libunix.a(getserv.o): in function `unix_getservbyname':
(.text.unix_getservbyname+0x2c): warning: Using 'getservbyname' in statically linked applications requires at runtime the shared libraries from the glibc version used for linking
/usr/bin/ld: /usr/lib/ocaml/libunix.a(getserv.o): in function `unix_getservbyport':
(.text.unix_getservbyport+0x2d): warning: Using 'getservbyport' in statically linked applications requires at runtime the shared libraries from the glibc version used for linking
  Built: bin/linux-x86_64/jsonld_runner (14247632 bytes)
findlib: [WARNING] Interface digestif.cmi occurs in several directories: /root/.opam/fstar/lib/digestif/c, /root/.opam/fstar/lib/digestif
ocamlfind: [WARNING] Package `threads': Linking problems may arise because of the missing -thread or -vmthread switch
/usr/bin/ld: /usr/lib/ocaml/libasmrun.a(unix.n.o): in function `caml_dlopen':
(.text.caml_dlopen+0x13): warning: Using 'dlopen' in statically linked applications requires at runtime the shared libraries from the glibc version used for linking
/usr/bin/ld: /usr/lib/ocaml/libunix.a(getgr.o): in function `unix_getgrgid':
(.text.unix_getgrgid+0x22): warning: Using 'getgrgid' in statically linked applications requires at runtime the shared libraries from the glibc version used for linking
/usr/bin/ld: /usr/lib/ocaml/libunix.a(getgr.o): in function `unix_getgrnam':
(.text.unix_getgrnam+0x28): warning: Using 'getgrnam' in statically linked applications requires at runtime the shared libraries from the glibc version used for linking
/usr/bin/ld: /usr/lib/ocaml/libunix.a(initgroups.o): in function `unix_initgroups':
(.text.unix_initgroups+0x23): warning: Using 'initgroups' in statically linked applications requires at runtime the shared libraries from the glibc version used for linking
/usr/bin/ld: /usr/lib/ocaml/libunix.a(getaddrinfo.o): in function `unix_getaddrinfo':
(.text.unix_getaddrinfo+0x249): warning: Using 'getaddrinfo' in statically linked applications requires at runtime the shared libraries from the glibc version used for linking
/usr/bin/ld: /usr/lib/ocaml/libunix.a(gethost.o): in function `unix_gethostbyaddr':
(.text.unix_gethostbyaddr+0x69): warning: Using 'gethostbyaddr_r' in statically linked applications requires at runtime the shared libraries from the glibc version used for linking
/usr/bin/ld: /usr/lib/ocaml/libunix.a(gethost.o): in function `unix_gethostbyname':
(.text.unix_gethostbyname+0x71): warning: Using 'gethostbyname_r' in statically linked applications requires at runtime the shared libraries from the glibc version used for linking
/usr/bin/ld: /usr/lib/ocaml/libunix.a(getproto.o): in function `unix_getprotobynumber':
(.text.unix_getprotobynumber+0xc): warning: Using 'getprotobynumber' in statically linked applications requires at runtime the shared libraries from the glibc version used for linking
/usr/bin/ld: /usr/lib/ocaml/libunix.a(getproto.o): in function `unix_getprotobyname':
(.text.unix_getprotobyname+0x15): warning: Using 'getprotobyname' in statically linked applications requires at runtime the shared libraries from the glibc version used for linking
/usr/bin/ld: /usr/lib/ocaml/libunix.a(getpw.o): in function `unix_getpwnam':
(.text.unix_getpwnam+0x28): warning: Using 'getpwnam' in statically linked applications requires at runtime the shared libraries from the glibc version used for linking
/usr/bin/ld: /usr/lib/ocaml/libunix.a(getpw.o): in function `unix_getpwuid':
(.text.unix_getpwuid+0x22): warning: Using 'getpwuid' in statically linked applications requires at runtime the shared libraries from the glibc version used for linking
/usr/bin/ld: /usr/lib/ocaml/libunix.a(getserv.o): in function `unix_getservbyname':
(.text.unix_getservbyname+0x2c): warning: Using 'getservbyname' in statically linked applications requires at runtime the shared libraries from the glibc version used for linking
/usr/bin/ld: /usr/lib/ocaml/libunix.a(getserv.o): in function `unix_getservbyport':
(.text.unix_getservbyport+0x2d): warning: Using 'getservbyport' in statically linked applications requires at runtime the shared libraries from the glibc version used for linking
  Built: bin/linux-x86_64/jsonld_html_runner (14245504 bytes)
findlib: [WARNING] Interface digestif.cmi occurs in several directories: /root/.opam/fstar/lib/digestif/c, /root/.opam/fstar/lib/digestif
ocamlfind: [WARNING] Package `threads': Linking problems may arise because of the missing -thread or -vmthread switch
/usr/bin/ld: /usr/lib/ocaml/libasmrun.a(unix.n.o): in function `caml_dlopen':
(.text.caml_dlopen+0x13): warning: Using 'dlopen' in statically linked applications requires at runtime the shared libraries from the glibc version used for linking
/usr/bin/ld: /usr/lib/ocaml/libunix.a(getgr.o): in function `unix_getgrgid':
(.text.unix_getgrgid+0x22): warning: Using 'getgrgid' in statically linked applications requires at runtime the shared libraries from the glibc version used for linking
/usr/bin/ld: /usr/lib/ocaml/libunix.a(getgr.o): in function `unix_getgrnam':
(.text.unix_getgrnam+0x28): warning: Using 'getgrnam' in statically linked applications requires at runtime the shared libraries from the glibc version used for linking
/usr/bin/ld: /usr/lib/ocaml/libunix.a(initgroups.o): in function `unix_initgroups':
(.text.unix_initgroups+0x23): warning: Using 'initgroups' in statically linked applications requires at runtime the shared libraries from the glibc version used for linking
/usr/bin/ld: /usr/lib/ocaml/libunix.a(getaddrinfo.o): in function `unix_getaddrinfo':
(.text.unix_getaddrinfo+0x249): warning: Using 'getaddrinfo' in statically linked applications requires at runtime the shared libraries from the glibc version used for linking
/usr/bin/ld: /usr/lib/ocaml/libunix.a(gethost.o): in function `unix_gethostbyaddr':
(.text.unix_gethostbyaddr+0x69): warning: Using 'gethostbyaddr_r' in statically linked applications requires at runtime the shared libraries from the glibc version used for linking
/usr/bin/ld: /usr/lib/ocaml/libunix.a(gethost.o): in function `unix_gethostbyname':
(.text.unix_gethostbyname+0x71): warning: Using 'gethostbyname_r' in statically linked applications requires at runtime the shared libraries from the glibc version used for linking
/usr/bin/ld: /usr/lib/ocaml/libunix.a(getproto.o): in function `unix_getprotobynumber':
(.text.unix_getprotobynumber+0xc): warning: Using 'getprotobynumber' in statically linked applications requires at runtime the shared libraries from the glibc version used for linking
/usr/bin/ld: /usr/lib/ocaml/libunix.a(getproto.o): in function `unix_getprotobyname':
(.text.unix_getprotobyname+0x15): warning: Using 'getprotobyname' in statically linked applications requires at runtime the shared libraries from the glibc version used for linking
/usr/bin/ld: /usr/lib/ocaml/libunix.a(getpw.o): in function `unix_getpwnam':
(.text.unix_getpwnam+0x28): warning: Using 'getpwnam' in statically linked applications requires at runtime the shared libraries from the glibc version used for linking
/usr/bin/ld: /usr/lib/ocaml/libunix.a(getpw.o): in function `unix_getpwuid':
(.text.unix_getpwuid+0x22): warning: Using 'getpwuid' in statically linked applications requires at runtime the shared libraries from the glibc version used for linking
/usr/bin/ld: /usr/lib/ocaml/libunix.a(getserv.o): in function `unix_getservbyname':
(.text.unix_getservbyname+0x2c): warning: Using 'getservbyname' in statically linked applications requires at runtime the shared libraries from the glibc version used for linking
/usr/bin/ld: /usr/lib/ocaml/libunix.a(getserv.o): in function `unix_getservbyport':
(.text.unix_getservbyport+0x2d): warning: Using 'getservbyport' in statically linked applications requires at runtime the shared libraries from the glibc version used for linking
  Built: bin/linux-x86_64/jsonld_fromrdf_runner (14244168 bytes)
findlib: [WARNING] Interface digestif.cmi occurs in several directories: /root/.opam/fstar/lib/digestif/c, /root/.opam/fstar/lib/digestif
ocamlfind: [WARNING] Package `threads': Linking problems may arise because of the missing -thread or -vmthread switch
/usr/bin/ld: /usr/lib/ocaml/libasmrun.a(unix.n.o): in function `caml_dlopen':
(.text.caml_dlopen+0x13): warning: Using 'dlopen' in statically linked applications requires at runtime the shared libraries from the glibc version used for linking
/usr/bin/ld: /usr/lib/ocaml/libunix.a(getgr.o): in function `unix_getgrgid':
(.text.unix_getgrgid+0x22): warning: Using 'getgrgid' in statically linked applications requires at runtime the shared libraries from the glibc version used for linking
/usr/bin/ld: /usr/lib/ocaml/libunix.a(getgr.o): in function `unix_getgrnam':
(.text.unix_getgrnam+0x28): warning: Using 'getgrnam' in statically linked applications requires at runtime the shared libraries from the glibc version used for linking
/usr/bin/ld: /usr/lib/ocaml/libunix.a(initgroups.o): in function `unix_initgroups':
(.text.unix_initgroups+0x23): warning: Using 'initgroups' in statically linked applications requires at runtime the shared libraries from the glibc version used for linking
/usr/bin/ld: /usr/lib/ocaml/libunix.a(getaddrinfo.o): in function `unix_getaddrinfo':
(.text.unix_getaddrinfo+0x249): warning: Using 'getaddrinfo' in statically linked applications requires at runtime the shared libraries from the glibc version used for linking
/usr/bin/ld: /usr/lib/ocaml/libunix.a(gethost.o): in function `unix_gethostbyaddr':
(.text.unix_gethostbyaddr+0x69): warning: Using 'gethostbyaddr_r' in statically linked applications requires at runtime the shared libraries from the glibc version used for linking
/usr/bin/ld: /usr/lib/ocaml/libunix.a(gethost.o): in function `unix_gethostbyname':
(.text.unix_gethostbyname+0x71): warning: Using 'gethostbyname_r' in statically linked applications requires at runtime the shared libraries from the glibc version used for linking
/usr/bin/ld: /usr/lib/ocaml/libunix.a(getproto.o): in function `unix_getprotobynumber':
(.text.unix_getprotobynumber+0xc): warning: Using 'getprotobynumber' in statically linked applications requires at runtime the shared libraries from the glibc version used for linking
/usr/bin/ld: /usr/lib/ocaml/libunix.a(getproto.o): in function `unix_getprotobyname':
(.text.unix_getprotobyname+0x15): warning: Using 'getprotobyname' in statically linked applications requires at runtime the shared libraries from the glibc version used for linking
/usr/bin/ld: /usr/lib/ocaml/libunix.a(getpw.o): in function `unix_getpwnam':
(.text.unix_getpwnam+0x28): warning: Using 'getpwnam' in statically linked applications requires at runtime the shared libraries from the glibc version used for linking
/usr/bin/ld: /usr/lib/ocaml/libunix.a(getpw.o): in function `unix_getpwuid':
(.text.unix_getpwuid+0x22): warning: Using 'getpwuid' in statically linked applications requires at runtime the shared libraries from the glibc version used for linking
/usr/bin/ld: /usr/lib/ocaml/libunix.a(getserv.o): in function `unix_getservbyname':
(.text.unix_getservbyname+0x2c): warning: Using 'getservbyname' in statically linked applications requires at runtime the shared libraries from the glibc version used for linking
/usr/bin/ld: /usr/lib/ocaml/libunix.a(getserv.o): in function `unix_getservbyport':
(.text.unix_getservbyport+0x2d): warning: Using 'getservbyport' in statically linked applications requires at runtime the shared libraries from the glibc version used for linking
  Built: bin/linux-x86_64/jsonld_expand_runner (14248512 bytes)
findlib: [WARNING] Interface digestif.cmi occurs in several directories: /root/.opam/fstar/lib/digestif/c, /root/.opam/fstar/lib/digestif
ocamlfind: [WARNING] Package `threads': Linking problems may arise because of the missing -thread or -vmthread switch
/usr/bin/ld: /usr/lib/ocaml/libasmrun.a(unix.n.o): in function `caml_dlopen':
(.text.caml_dlopen+0x13): warning: Using 'dlopen' in statically linked applications requires at runtime the shared libraries from the glibc version used for linking
/usr/bin/ld: /usr/lib/ocaml/libunix.a(getgr.o): in function `unix_getgrgid':
(.text.unix_getgrgid+0x22): warning: Using 'getgrgid' in statically linked applications requires at runtime the shared libraries from the glibc version used for linking
/usr/bin/ld: /usr/lib/ocaml/libunix.a(getgr.o): in function `unix_getgrnam':
(.text.unix_getgrnam+0x28): warning: Using 'getgrnam' in statically linked applications requires at runtime the shared libraries from the glibc version used for linking
/usr/bin/ld: /usr/lib/ocaml/libunix.a(initgroups.o): in function `unix_initgroups':
(.text.unix_initgroups+0x23): warning: Using 'initgroups' in statically linked applications requires at runtime the shared libraries from the glibc version used for linking
/usr/bin/ld: /usr/lib/ocaml/libunix.a(getaddrinfo.o): in function `unix_getaddrinfo':
(.text.unix_getaddrinfo+0x249): warning: Using 'getaddrinfo' in statically linked applications requires at runtime the shared libraries from the glibc version used for linking
/usr/bin/ld: /usr/lib/ocaml/libunix.a(gethost.o): in function `unix_gethostbyaddr':
(.text.unix_gethostbyaddr+0x69): warning: Using 'gethostbyaddr_r' in statically linked applications requires at runtime the shared libraries from the glibc version used for linking
/usr/bin/ld: /usr/lib/ocaml/libunix.a(gethost.o): in function `unix_gethostbyname':
(.text.unix_gethostbyname+0x71): warning: Using 'gethostbyname_r' in statically linked applications requires at runtime the shared libraries from the glibc version used for linking
/usr/bin/ld: /usr/lib/ocaml/libunix.a(getproto.o): in function `unix_getprotobynumber':
(.text.unix_getprotobynumber+0xc): warning: Using 'getprotobynumber' in statically linked applications requires at runtime the shared libraries from the glibc version used for linking
/usr/bin/ld: /usr/lib/ocaml/libunix.a(getproto.o): in function `unix_getprotobyname':
(.text.unix_getprotobyname+0x15): warning: Using 'getprotobyname' in statically linked applications requires at runtime the shared libraries from the glibc version used for linking
/usr/bin/ld: /usr/lib/ocaml/libunix.a(getpw.o): in function `unix_getpwnam':
(.text.unix_getpwnam+0x28): warning: Using 'getpwnam' in statically linked applications requires at runtime the shared libraries from the glibc version used for linking
/usr/bin/ld: /usr/lib/ocaml/libunix.a(getpw.o): in function `unix_getpwuid':
(.text.unix_getpwuid+0x22): warning: Using 'getpwuid' in statically linked applications requires at runtime the shared libraries from the glibc version used for linking
/usr/bin/ld: /usr/lib/ocaml/libunix.a(getserv.o): in function `unix_getservbyname':
(.text.unix_getservbyname+0x2c): warning: Using 'getservbyname' in statically linked applications requires at runtime the shared libraries from the glibc version used for linking
/usr/bin/ld: /usr/lib/ocaml/libunix.a(getserv.o): in function `unix_getservbyport':
(.text.unix_getservbyport+0x2d): warning: Using 'getservbyport' in statically linked applications requires at runtime the shared libraries from the glibc version used for linking
  Built: bin/linux-x86_64/jsonld_compact_runner (14256352 bytes)
findlib: [WARNING] Interface digestif.cmi occurs in several directories: /root/.opam/fstar/lib/digestif/c, /root/.opam/fstar/lib/digestif
ocamlfind: [WARNING] Package `threads': Linking problems may arise because of the missing -thread or -vmthread switch
/usr/bin/ld: /usr/lib/ocaml/libasmrun.a(unix.n.o): in function `caml_dlopen':
(.text.caml_dlopen+0x13): warning: Using 'dlopen' in statically linked applications requires at runtime the shared libraries from the glibc version used for linking
/usr/bin/ld: /usr/lib/ocaml/libunix.a(getgr.o): in function `unix_getgrgid':
(.text.unix_getgrgid+0x22): warning: Using 'getgrgid' in statically linked applications requires at runtime the shared libraries from the glibc version used for linking
/usr/bin/ld: /usr/lib/ocaml/libunix.a(getgr.o): in function `unix_getgrnam':
(.text.unix_getgrnam+0x28): warning: Using 'getgrnam' in statically linked applications requires at runtime the shared libraries from the glibc version used for linking
/usr/bin/ld: /usr/lib/ocaml/libunix.a(initgroups.o): in function `unix_initgroups':
(.text.unix_initgroups+0x23): warning: Using 'initgroups' in statically linked applications requires at runtime the shared libraries from the glibc version used for linking
/usr/bin/ld: /usr/lib/ocaml/libunix.a(getaddrinfo.o): in function `unix_getaddrinfo':
(.text.unix_getaddrinfo+0x249): warning: Using 'getaddrinfo' in statically linked applications requires at runtime the shared libraries from the glibc version used for linking
/usr/bin/ld: /usr/lib/ocaml/libunix.a(gethost.o): in function `unix_gethostbyaddr':
(.text.unix_gethostbyaddr+0x69): warning: Using 'gethostbyaddr_r' in statically linked applications requires at runtime the shared libraries from the glibc version used for linking
/usr/bin/ld: /usr/lib/ocaml/libunix.a(gethost.o): in function `unix_gethostbyname':
(.text.unix_gethostbyname+0x71): warning: Using 'gethostbyname_r' in statically linked applications requires at runtime the shared libraries from the glibc version used for linking
/usr/bin/ld: /usr/lib/ocaml/libunix.a(getproto.o): in function `unix_getprotobynumber':
(.text.unix_getprotobynumber+0xc): warning: Using 'getprotobynumber' in statically linked applications requires at runtime the shared libraries from the glibc version used for linking
/usr/bin/ld: /usr/lib/ocaml/libunix.a(getproto.o): in function `unix_getprotobyname':
(.text.unix_getprotobyname+0x15): warning: Using 'getprotobyname' in statically linked applications requires at runtime the shared libraries from the glibc version used for linking
/usr/bin/ld: /usr/lib/ocaml/libunix.a(getpw.o): in function `unix_getpwnam':
(.text.unix_getpwnam+0x28): warning: Using 'getpwnam' in statically linked applications requires at runtime the shared libraries from the glibc version used for linking
/usr/bin/ld: /usr/lib/ocaml/libunix.a(getpw.o): in function `unix_getpwuid':
(.text.unix_getpwuid+0x22): warning: Using 'getpwuid' in statically linked applications requires at runtime the shared libraries from the glibc version used for linking
/usr/bin/ld: /usr/lib/ocaml/libunix.a(getserv.o): in function `unix_getservbyname':
(.text.unix_getservbyname+0x2c): warning: Using 'getservbyname' in statically linked applications requires at runtime the shared libraries from the glibc version used for linking
/usr/bin/ld: /usr/lib/ocaml/libunix.a(getserv.o): in function `unix_getservbyport':
(.text.unix_getservbyport+0x2d): warning: Using 'getservbyport' in statically linked applications requires at runtime the shared libraries from the glibc version used for linking
  Built: bin/linux-x86_64/jsonld_flatten_runner (14249496 bytes)
findlib: [WARNING] Interface digestif.cmi occurs in several directories: /root/.opam/fstar/lib/digestif/c, /root/.opam/fstar/lib/digestif
ocamlfind: [WARNING] Package `threads': Linking problems may arise because of the missing -thread or -vmthread switch
/usr/bin/ld: /usr/lib/ocaml/libasmrun.a(unix.n.o): in function `caml_dlopen':
(.text.caml_dlopen+0x13): warning: Using 'dlopen' in statically linked applications requires at runtime the shared libraries from the glibc version used for linking
/usr/bin/ld: /usr/lib/ocaml/libunix.a(getgr.o): in function `unix_getgrgid':
(.text.unix_getgrgid+0x22): warning: Using 'getgrgid' in statically linked applications requires at runtime the shared libraries from the glibc version used for linking
/usr/bin/ld: /usr/lib/ocaml/libunix.a(getgr.o): in function `unix_getgrnam':
(.text.unix_getgrnam+0x28): warning: Using 'getgrnam' in statically linked applications requires at runtime the shared libraries from the glibc version used for linking
/usr/bin/ld: /usr/lib/ocaml/libunix.a(initgroups.o): in function `unix_initgroups':
(.text.unix_initgroups+0x23): warning: Using 'initgroups' in statically linked applications requires at runtime the shared libraries from the glibc version used for linking
/usr/bin/ld: /usr/lib/ocaml/libunix.a(getaddrinfo.o): in function `unix_getaddrinfo':
(.text.unix_getaddrinfo+0x249): warning: Using 'getaddrinfo' in statically linked applications requires at runtime the shared libraries from the glibc version used for linking
/usr/bin/ld: /usr/lib/ocaml/libunix.a(gethost.o): in function `unix_gethostbyaddr':
(.text.unix_gethostbyaddr+0x69): warning: Using 'gethostbyaddr_r' in statically linked applications requires at runtime the shared libraries from the glibc version used for linking
/usr/bin/ld: /usr/lib/ocaml/libunix.a(gethost.o): in function `unix_gethostbyname':
(.text.unix_gethostbyname+0x71): warning: Using 'gethostbyname_r' in statically linked applications requires at runtime the shared libraries from the glibc version used for linking
/usr/bin/ld: /usr/lib/ocaml/libunix.a(getproto.o): in function `unix_getprotobynumber':
(.text.unix_getprotobynumber+0xc): warning: Using 'getprotobynumber' in statically linked applications requires at runtime the shared libraries from the glibc version used for linking
/usr/bin/ld: /usr/lib/ocaml/libunix.a(getproto.o): in function `unix_getprotobyname':
(.text.unix_getprotobyname+0x15): warning: Using 'getprotobyname' in statically linked applications requires at runtime the shared libraries from the glibc version used for linking
/usr/bin/ld: /usr/lib/ocaml/libunix.a(getpw.o): in function `unix_getpwnam':
(.text.unix_getpwnam+0x28): warning: Using 'getpwnam' in statically linked applications requires at runtime the shared libraries from the glibc version used for linking
/usr/bin/ld: /usr/lib/ocaml/libunix.a(getpw.o): in function `unix_getpwuid':
(.text.unix_getpwuid+0x22): warning: Using 'getpwuid' in statically linked applications requires at runtime the shared libraries from the glibc version used for linking
/usr/bin/ld: /usr/lib/ocaml/libunix.a(getserv.o): in function `unix_getservbyname':
(.text.unix_getservbyname+0x2c): warning: Using 'getservbyname' in statically linked applications requires at runtime the shared libraries from the glibc version used for linking
/usr/bin/ld: /usr/lib/ocaml/libunix.a(getserv.o): in function `unix_getservbyport':
(.text.unix_getservbyport+0x2d): warning: Using 'getservbyport' in statically linked applications requires at runtime the shared libraries from the glibc version used for linking
  Built: bin/linux-x86_64/jsonld_frame_runner (14239440 bytes)
findlib: [WARNING] Interface digestif.cmi occurs in several directories: /root/.opam/fstar/lib/digestif/c, /root/.opam/fstar/lib/digestif
ocamlfind: [WARNING] Package `threads': Linking problems may arise because of the missing -thread or -vmthread switch
/usr/bin/ld: /usr/lib/ocaml/libasmrun.a(unix.n.o): in function `caml_dlopen':
(.text.caml_dlopen+0x13): warning: Using 'dlopen' in statically linked applications requires at runtime the shared libraries from the glibc version used for linking
/usr/bin/ld: /usr/lib/ocaml/libunix.a(getgr.o): in function `unix_getgrgid':
(.text.unix_getgrgid+0x22): warning: Using 'getgrgid' in statically linked applications requires at runtime the shared libraries from the glibc version used for linking
/usr/bin/ld: /usr/lib/ocaml/libunix.a(getgr.o): in function `unix_getgrnam':
(.text.unix_getgrnam+0x28): warning: Using 'getgrnam' in statically linked applications requires at runtime the shared libraries from the glibc version used for linking
/usr/bin/ld: /usr/lib/ocaml/libunix.a(initgroups.o): in function `unix_initgroups':
(.text.unix_initgroups+0x23): warning: Using 'initgroups' in statically linked applications requires at runtime the shared libraries from the glibc version used for linking
/usr/bin/ld: /usr/lib/ocaml/libunix.a(getaddrinfo.o): in function `unix_getaddrinfo':
(.text.unix_getaddrinfo+0x249): warning: Using 'getaddrinfo' in statically linked applications requires at runtime the shared libraries from the glibc version used for linking
/usr/bin/ld: /usr/lib/ocaml/libunix.a(gethost.o): in function `unix_gethostbyaddr':
(.text.unix_gethostbyaddr+0x69): warning: Using 'gethostbyaddr_r' in statically linked applications requires at runtime the shared libraries from the glibc version used for linking
/usr/bin/ld: /usr/lib/ocaml/libunix.a(gethost.o): in function `unix_gethostbyname':
(.text.unix_gethostbyname+0x71): warning: Using 'gethostbyname_r' in statically linked applications requires at runtime the shared libraries from the glibc version used for linking
/usr/bin/ld: /usr/lib/ocaml/libunix.a(getproto.o): in function `unix_getprotobynumber':
(.text.unix_getprotobynumber+0xc): warning: Using 'getprotobynumber' in statically linked applications requires at runtime the shared libraries from the glibc version used for linking
/usr/bin/ld: /usr/lib/ocaml/libunix.a(getproto.o): in function `unix_getprotobyname':
(.text.unix_getprotobyname+0x15): warning: Using 'getprotobyname' in statically linked applications requires at runtime the shared libraries from the glibc version used for linking
/usr/bin/ld: /usr/lib/ocaml/libunix.a(getpw.o): in function `unix_getpwnam':
(.text.unix_getpwnam+0x28): warning: Using 'getpwnam' in statically linked applications requires at runtime the shared libraries from the glibc version used for linking
/usr/bin/ld: /usr/lib/ocaml/libunix.a(getpw.o): in function `unix_getpwuid':
(.text.unix_getpwuid+0x22): warning: Using 'getpwuid' in statically linked applications requires at runtime the shared libraries from the glibc version used for linking
/usr/bin/ld: /usr/lib/ocaml/libunix.a(getserv.o): in function `unix_getservbyname':
(.text.unix_getservbyname+0x2c): warning: Using 'getservbyname' in statically linked applications requires at runtime the shared libraries from the glibc version used for linking
/usr/bin/ld: /usr/lib/ocaml/libunix.a(getserv.o): in function `unix_getservbyport':
(.text.unix_getservbyport+0x2d): warning: Using 'getservbyport' in statically linked applications requires at runtime the shared libraries from the glibc version used for linking
  Built: bin/linux-x86_64/mathml_runner (14237344 bytes)
findlib: [WARNING] Interface digestif.cmi occurs in several directories: /root/.opam/fstar/lib/digestif/c, /root/.opam/fstar/lib/digestif
ocamlfind: [WARNING] Package `threads': Linking problems may arise because of the missing -thread or -vmthread switch
/usr/bin/ld: /usr/lib/ocaml/libasmrun.a(unix.n.o): in function `caml_dlopen':
(.text.caml_dlopen+0x13): warning: Using 'dlopen' in statically linked applications requires at runtime the shared libraries from the glibc version used for linking
/usr/bin/ld: /usr/lib/ocaml/libunix.a(getgr.o): in function `unix_getgrgid':
(.text.unix_getgrgid+0x22): warning: Using 'getgrgid' in statically linked applications requires at runtime the shared libraries from the glibc version used for linking
/usr/bin/ld: /usr/lib/ocaml/libunix.a(getgr.o): in function `unix_getgrnam':
(.text.unix_getgrnam+0x28): warning: Using 'getgrnam' in statically linked applications requires at runtime the shared libraries from the glibc version used for linking
/usr/bin/ld: /usr/lib/ocaml/libunix.a(initgroups.o): in function `unix_initgroups':
(.text.unix_initgroups+0x23): warning: Using 'initgroups' in statically linked applications requires at runtime the shared libraries from the glibc version used for linking
/usr/bin/ld: /usr/lib/ocaml/libunix.a(getaddrinfo.o): in function `unix_getaddrinfo':
(.text.unix_getaddrinfo+0x249): warning: Using 'getaddrinfo' in statically linked applications requires at runtime the shared libraries from the glibc version used for linking
/usr/bin/ld: /usr/lib/ocaml/libunix.a(gethost.o): in function `unix_gethostbyaddr':
(.text.unix_gethostbyaddr+0x69): warning: Using 'gethostbyaddr_r' in statically linked applications requires at runtime the shared libraries from the glibc version used for linking
/usr/bin/ld: /usr/lib/ocaml/libunix.a(gethost.o): in function `unix_gethostbyname':
(.text.unix_gethostbyname+0x71): warning: Using 'gethostbyname_r' in statically linked applications requires at runtime the shared libraries from the glibc version used for linking
/usr/bin/ld: /usr/lib/ocaml/libunix.a(getproto.o): in function `unix_getprotobynumber':
(.text.unix_getprotobynumber+0xc): warning: Using 'getprotobynumber' in statically linked applications requires at runtime the shared libraries from the glibc version used for linking
/usr/bin/ld: /usr/lib/ocaml/libunix.a(getproto.o): in function `unix_getprotobyname':
(.text.unix_getprotobyname+0x15): warning: Using 'getprotobyname' in statically linked applications requires at runtime the shared libraries from the glibc version used for linking
/usr/bin/ld: /usr/lib/ocaml/libunix.a(getpw.o): in function `unix_getpwnam':
(.text.unix_getpwnam+0x28): warning: Using 'getpwnam' in statically linked applications requires at runtime the shared libraries from the glibc version used for linking
/usr/bin/ld: /usr/lib/ocaml/libunix.a(getpw.o): in function `unix_getpwuid':
(.text.unix_getpwuid+0x22): warning: Using 'getpwuid' in statically linked applications requires at runtime the shared libraries from the glibc version used for linking
/usr/bin/ld: /usr/lib/ocaml/libunix.a(getserv.o): in function `unix_getservbyname':
(.text.unix_getservbyname+0x2c): warning: Using 'getservbyname' in statically linked applications requires at runtime the shared libraries from the glibc version used for linking
/usr/bin/ld: /usr/lib/ocaml/libunix.a(getserv.o): in function `unix_getservbyport':
(.text.unix_getservbyport+0x2d): warning: Using 'getservbyport' in statically linked applications requires at runtime the shared libraries from the glibc version used for linking
  Built: bin/linux-x86_64/jsonschema_runner (14233936 bytes)
findlib: [WARNING] Interface digestif.cmi occurs in several directories: /root/.opam/fstar/lib/digestif/c, /root/.opam/fstar/lib/digestif
ocamlfind: [WARNING] Package `threads': Linking problems may arise because of the missing -thread or -vmthread switch
/usr/bin/ld: /usr/lib/ocaml/libasmrun.a(unix.n.o): in function `caml_dlopen':
(.text.caml_dlopen+0x13): warning: Using 'dlopen' in statically linked applications requires at runtime the shared libraries from the glibc version used for linking
/usr/bin/ld: /usr/lib/ocaml/libunix.a(getgr.o): in function `unix_getgrgid':
(.text.unix_getgrgid+0x22): warning: Using 'getgrgid' in statically linked applications requires at runtime the shared libraries from the glibc version used for linking
/usr/bin/ld: /usr/lib/ocaml/libunix.a(getgr.o): in function `unix_getgrnam':
(.text.unix_getgrnam+0x28): warning: Using 'getgrnam' in statically linked applications requires at runtime the shared libraries from the glibc version used for linking
/usr/bin/ld: /usr/lib/ocaml/libunix.a(initgroups.o): in function `unix_initgroups':
(.text.unix_initgroups+0x23): warning: Using 'initgroups' in statically linked applications requires at runtime the shared libraries from the glibc version used for linking
/usr/bin/ld: /usr/lib/ocaml/libunix.a(getaddrinfo.o): in function `unix_getaddrinfo':
(.text.unix_getaddrinfo+0x249): warning: Using 'getaddrinfo' in statically linked applications requires at runtime the shared libraries from the glibc version used for linking
/usr/bin/ld: /usr/lib/ocaml/libunix.a(gethost.o): in function `unix_gethostbyaddr':
(.text.unix_gethostbyaddr+0x69): warning: Using 'gethostbyaddr_r' in statically linked applications requires at runtime the shared libraries from the glibc version used for linking
/usr/bin/ld: /usr/lib/ocaml/libunix.a(gethost.o): in function `unix_gethostbyname':
(.text.unix_gethostbyname+0x71): warning: Using 'gethostbyname_r' in statically linked applications requires at runtime the shared libraries from the glibc version used for linking
/usr/bin/ld: /usr/lib/ocaml/libunix.a(getproto.o): in function `unix_getprotobynumber':
(.text.unix_getprotobynumber+0xc): warning: Using 'getprotobynumber' in statically linked applications requires at runtime the shared libraries from the glibc version used for linking
/usr/bin/ld: /usr/lib/ocaml/libunix.a(getproto.o): in function `unix_getprotobyname':
(.text.unix_getprotobyname+0x15): warning: Using 'getprotobyname' in statically linked applications requires at runtime the shared libraries from the glibc version used for linking
/usr/bin/ld: /usr/lib/ocaml/libunix.a(getpw.o): in function `unix_getpwnam':
(.text.unix_getpwnam+0x28): warning: Using 'getpwnam' in statically linked applications requires at runtime the shared libraries from the glibc version used for linking
/usr/bin/ld: /usr/lib/ocaml/libunix.a(getpw.o): in function `unix_getpwuid':
(.text.unix_getpwuid+0x22): warning: Using 'getpwuid' in statically linked applications requires at runtime the shared libraries from the glibc version used for linking
/usr/bin/ld: /usr/lib/ocaml/libunix.a(getserv.o): in function `unix_getservbyname':
(.text.unix_getservbyname+0x2c): warning: Using 'getservbyname' in statically linked applications requires at runtime the shared libraries from the glibc version used for linking
/usr/bin/ld: /usr/lib/ocaml/libunix.a(getserv.o): in function `unix_getservbyport':
(.text.unix_getservbyport+0x2d): warning: Using 'getservbyport' in statically linked applications requires at runtime the shared libraries from the glibc version used for linking
  Built: bin/linux-x86_64/schematron_runner (14242640 bytes)
findlib: [WARNING] Interface digestif.cmi occurs in several directories: /root/.opam/fstar/lib/digestif/c, /root/.opam/fstar/lib/digestif
ocamlfind: [WARNING] Package `threads': Linking problems may arise because of the missing -thread or -vmthread switch
/usr/bin/ld: /usr/lib/ocaml/libasmrun.a(unix.n.o): in function `caml_dlopen':
(.text.caml_dlopen+0x13): warning: Using 'dlopen' in statically linked applications requires at runtime the shared libraries from the glibc version used for linking
/usr/bin/ld: /usr/lib/ocaml/libunix.a(getgr.o): in function `unix_getgrgid':
(.text.unix_getgrgid+0x22): warning: Using 'getgrgid' in statically linked applications requires at runtime the shared libraries from the glibc version used for linking
/usr/bin/ld: /usr/lib/ocaml/libunix.a(getgr.o): in function `unix_getgrnam':
(.text.unix_getgrnam+0x28): warning: Using 'getgrnam' in statically linked applications requires at runtime the shared libraries from the glibc version used for linking
/usr/bin/ld: /usr/lib/ocaml/libunix.a(initgroups.o): in function `unix_initgroups':
(.text.unix_initgroups+0x23): warning: Using 'initgroups' in statically linked applications requires at runtime the shared libraries from the glibc version used for linking
/usr/bin/ld: /usr/lib/ocaml/libunix.a(getaddrinfo.o): in function `unix_getaddrinfo':
(.text.unix_getaddrinfo+0x249): warning: Using 'getaddrinfo' in statically linked applications requires at runtime the shared libraries from the glibc version used for linking
/usr/bin/ld: /usr/lib/ocaml/libunix.a(gethost.o): in function `unix_gethostbyaddr':
(.text.unix_gethostbyaddr+0x69): warning: Using 'gethostbyaddr_r' in statically linked applications requires at runtime the shared libraries from the glibc version used for linking
/usr/bin/ld: /usr/lib/ocaml/libunix.a(gethost.o): in function `unix_gethostbyname':
(.text.unix_gethostbyname+0x71): warning: Using 'gethostbyname_r' in statically linked applications requires at runtime the shared libraries from the glibc version used for linking
/usr/bin/ld: /usr/lib/ocaml/libunix.a(getproto.o): in function `unix_getprotobynumber':
(.text.unix_getprotobynumber+0xc): warning: Using 'getprotobynumber' in statically linked applications requires at runtime the shared libraries from the glibc version used for linking
/usr/bin/ld: /usr/lib/ocaml/libunix.a(getproto.o): in function `unix_getprotobyname':
(.text.unix_getprotobyname+0x15): warning: Using 'getprotobyname' in statically linked applications requires at runtime the shared libraries from the glibc version used for linking
/usr/bin/ld: /usr/lib/ocaml/libunix.a(getpw.o): in function `unix_getpwnam':
(.text.unix_getpwnam+0x28): warning: Using 'getpwnam' in statically linked applications requires at runtime the shared libraries from the glibc version used for linking
/usr/bin/ld: /usr/lib/ocaml/libunix.a(getpw.o): in function `unix_getpwuid':
(.text.unix_getpwuid+0x22): warning: Using 'getpwuid' in statically linked applications requires at runtime the shared libraries from the glibc version used for linking
/usr/bin/ld: /usr/lib/ocaml/libunix.a(getserv.o): in function `unix_getservbyname':
(.text.unix_getservbyname+0x2c): warning: Using 'getservbyname' in statically linked applications requires at runtime the shared libraries from the glibc version used for linking
/usr/bin/ld: /usr/lib/ocaml/libunix.a(getserv.o): in function `unix_getservbyport':
(.text.unix_getservbyport+0x2d): warning: Using 'getservbyport' in statically linked applications requires at runtime the shared libraries from the glibc version used for linking
  Built: bin/linux-x86_64/xslt_runner (14257664 bytes)
findlib: [WARNING] Interface digestif.cmi occurs in several directories: /root/.opam/fstar/lib/digestif/c, /root/.opam/fstar/lib/digestif
ocamlfind: [WARNING] Package `threads': Linking problems may arise because of the missing -thread or -vmthread switch
/usr/bin/ld: /usr/lib/ocaml/libasmrun.a(unix.n.o): in function `caml_dlopen':
(.text.caml_dlopen+0x13): warning: Using 'dlopen' in statically linked applications requires at runtime the shared libraries from the glibc version used for linking
/usr/bin/ld: /usr/lib/ocaml/libunix.a(getgr.o): in function `unix_getgrgid':
(.text.unix_getgrgid+0x22): warning: Using 'getgrgid' in statically linked applications requires at runtime the shared libraries from the glibc version used for linking
/usr/bin/ld: /usr/lib/ocaml/libunix.a(getgr.o): in function `unix_getgrnam':
(.text.unix_getgrnam+0x28): warning: Using 'getgrnam' in statically linked applications requires at runtime the shared libraries from the glibc version used for linking
/usr/bin/ld: /usr/lib/ocaml/libunix.a(initgroups.o): in function `unix_initgroups':
(.text.unix_initgroups+0x23): warning: Using 'initgroups' in statically linked applications requires at runtime the shared libraries from the glibc version used for linking
/usr/bin/ld: /usr/lib/ocaml/libunix.a(getaddrinfo.o): in function `unix_getaddrinfo':
(.text.unix_getaddrinfo+0x249): warning: Using 'getaddrinfo' in statically linked applications requires at runtime the shared libraries from the glibc version used for linking
/usr/bin/ld: /usr/lib/ocaml/libunix.a(gethost.o): in function `unix_gethostbyaddr':
(.text.unix_gethostbyaddr+0x69): warning: Using 'gethostbyaddr_r' in statically linked applications requires at runtime the shared libraries from the glibc version used for linking
/usr/bin/ld: /usr/lib/ocaml/libunix.a(gethost.o): in function `unix_gethostbyname':
(.text.unix_gethostbyname+0x71): warning: Using 'gethostbyname_r' in statically linked applications requires at runtime the shared libraries from the glibc version used for linking
/usr/bin/ld: /usr/lib/ocaml/libunix.a(getproto.o): in function `unix_getprotobynumber':
(.text.unix_getprotobynumber+0xc): warning: Using 'getprotobynumber' in statically linked applications requires at runtime the shared libraries from the glibc version used for linking
/usr/bin/ld: /usr/lib/ocaml/libunix.a(getproto.o): in function `unix_getprotobyname':
(.text.unix_getprotobyname+0x15): warning: Using 'getprotobyname' in statically linked applications requires at runtime the shared libraries from the glibc version used for linking
/usr/bin/ld: /usr/lib/ocaml/libunix.a(getpw.o): in function `unix_getpwnam':
(.text.unix_getpwnam+0x28): warning: Using 'getpwnam' in statically linked applications requires at runtime the shared libraries from the glibc version used for linking
/usr/bin/ld: /usr/lib/ocaml/libunix.a(getpw.o): in function `unix_getpwuid':
(.text.unix_getpwuid+0x22): warning: Using 'getpwuid' in statically linked applications requires at runtime the shared libraries from the glibc version used for linking
/usr/bin/ld: /usr/lib/ocaml/libunix.a(getserv.o): in function `unix_getservbyname':
(.text.unix_getservbyname+0x2c): warning: Using 'getservbyname' in statically linked applications requires at runtime the shared libraries from the glibc version used for linking
/usr/bin/ld: /usr/lib/ocaml/libunix.a(getserv.o): in function `unix_getservbyport':
(.text.unix_getservbyport+0x2d): warning: Using 'getservbyport' in statically linked applications requires at runtime the shared libraries from the glibc version used for linking
  Built: bin/linux-x86_64/vc_runner (14253912 bytes)
findlib: [WARNING] Interface digestif.cmi occurs in several directories: /root/.opam/fstar/lib/digestif/c, /root/.opam/fstar/lib/digestif
ocamlfind: [WARNING] Package `threads': Linking problems may arise because of the missing -thread or -vmthread switch
/usr/bin/ld: /usr/lib/ocaml/libasmrun.a(unix.n.o): in function `caml_dlopen':
(.text.caml_dlopen+0x13): warning: Using 'dlopen' in statically linked applications requires at runtime the shared libraries from the glibc version used for linking
/usr/bin/ld: /usr/lib/ocaml/libunix.a(getgr.o): in function `unix_getgrgid':
(.text.unix_getgrgid+0x22): warning: Using 'getgrgid' in statically linked applications requires at runtime the shared libraries from the glibc version used for linking
/usr/bin/ld: /usr/lib/ocaml/libunix.a(getgr.o): in function `unix_getgrnam':
(.text.unix_getgrnam+0x28): warning: Using 'getgrnam' in statically linked applications requires at runtime the shared libraries from the glibc version used for linking
/usr/bin/ld: /usr/lib/ocaml/libunix.a(initgroups.o): in function `unix_initgroups':
(.text.unix_initgroups+0x23): warning: Using 'initgroups' in statically linked applications requires at runtime the shared libraries from the glibc version used for linking
/usr/bin/ld: /usr/lib/ocaml/libunix.a(getaddrinfo.o): in function `unix_getaddrinfo':
(.text.unix_getaddrinfo+0x249): warning: Using 'getaddrinfo' in statically linked applications requires at runtime the shared libraries from the glibc version used for linking
/usr/bin/ld: /usr/lib/ocaml/libunix.a(gethost.o): in function `unix_gethostbyaddr':
(.text.unix_gethostbyaddr+0x69): warning: Using 'gethostbyaddr_r' in statically linked applications requires at runtime the shared libraries from the glibc version used for linking
/usr/bin/ld: /usr/lib/ocaml/libunix.a(gethost.o): in function `unix_gethostbyname':
(.text.unix_gethostbyname+0x71): warning: Using 'gethostbyname_r' in statically linked applications requires at runtime the shared libraries from the glibc version used for linking
/usr/bin/ld: /usr/lib/ocaml/libunix.a(getproto.o): in function `unix_getprotobynumber':
(.text.unix_getprotobynumber+0xc): warning: Using 'getprotobynumber' in statically linked applications requires at runtime the shared libraries from the glibc version used for linking
/usr/bin/ld: /usr/lib/ocaml/libunix.a(getproto.o): in function `unix_getprotobyname':
(.text.unix_getprotobyname+0x15): warning: Using 'getprotobyname' in statically linked applications requires at runtime the shared libraries from the glibc version used for linking
/usr/bin/ld: /usr/lib/ocaml/libunix.a(getpw.o): in function `unix_getpwnam':
(.text.unix_getpwnam+0x28): warning: Using 'getpwnam' in statically linked applications requires at runtime the shared libraries from the glibc version used for linking
/usr/bin/ld: /usr/lib/ocaml/libunix.a(getpw.o): in function `unix_getpwuid':
(.text.unix_getpwuid+0x22): warning: Using 'getpwuid' in statically linked applications requires at runtime the shared libraries from the glibc version used for linking
/usr/bin/ld: /usr/lib/ocaml/libunix.a(getserv.o): in function `unix_getservbyname':
(.text.unix_getservbyname+0x2c): warning: Using 'getservbyname' in statically linked applications requires at runtime the shared libraries from the glibc version used for linking
/usr/bin/ld: /usr/lib/ocaml/libunix.a(getserv.o): in function `unix_getservbyport':
(.text.unix_getservbyport+0x2d): warning: Using 'getservbyport' in statically linked applications requires at runtime the shared libraries from the glibc version used for linking
  Built: bin/linux-x86_64/did_runner (14232176 bytes)
findlib: [WARNING] Interface digestif.cmi occurs in several directories: /root/.opam/fstar/lib/digestif/c, /root/.opam/fstar/lib/digestif
ocamlfind: [WARNING] Package `threads': Linking problems may arise because of the missing -thread or -vmthread switch
/usr/bin/ld: /usr/lib/ocaml/libasmrun.a(unix.n.o): in function `caml_dlopen':
(.text.caml_dlopen+0x13): warning: Using 'dlopen' in statically linked applications requires at runtime the shared libraries from the glibc version used for linking
/usr/bin/ld: /usr/lib/ocaml/libunix.a(getgr.o): in function `unix_getgrgid':
(.text.unix_getgrgid+0x22): warning: Using 'getgrgid' in statically linked applications requires at runtime the shared libraries from the glibc version used for linking
/usr/bin/ld: /usr/lib/ocaml/libunix.a(getgr.o): in function `unix_getgrnam':
(.text.unix_getgrnam+0x28): warning: Using 'getgrnam' in statically linked applications requires at runtime the shared libraries from the glibc version used for linking
/usr/bin/ld: /usr/lib/ocaml/libunix.a(initgroups.o): in function `unix_initgroups':
(.text.unix_initgroups+0x23): warning: Using 'initgroups' in statically linked applications requires at runtime the shared libraries from the glibc version used for linking
/usr/bin/ld: /usr/lib/ocaml/libunix.a(getaddrinfo.o): in function `unix_getaddrinfo':
(.text.unix_getaddrinfo+0x249): warning: Using 'getaddrinfo' in statically linked applications requires at runtime the shared libraries from the glibc version used for linking
/usr/bin/ld: /usr/lib/ocaml/libunix.a(gethost.o): in function `unix_gethostbyaddr':
(.text.unix_gethostbyaddr+0x69): warning: Using 'gethostbyaddr_r' in statically linked applications requires at runtime the shared libraries from the glibc version used for linking
/usr/bin/ld: /usr/lib/ocaml/libunix.a(gethost.o): in function `unix_gethostbyname':
(.text.unix_gethostbyname+0x71): warning: Using 'gethostbyname_r' in statically linked applications requires at runtime the shared libraries from the glibc version used for linking
/usr/bin/ld: /usr/lib/ocaml/libunix.a(getproto.o): in function `unix_getprotobynumber':
(.text.unix_getprotobynumber+0xc): warning: Using 'getprotobynumber' in statically linked applications requires at runtime the shared libraries from the glibc version used for linking
/usr/bin/ld: /usr/lib/ocaml/libunix.a(getproto.o): in function `unix_getprotobyname':
(.text.unix_getprotobyname+0x15): warning: Using 'getprotobyname' in statically linked applications requires at runtime the shared libraries from the glibc version used for linking
/usr/bin/ld: /usr/lib/ocaml/libunix.a(getpw.o): in function `unix_getpwnam':
(.text.unix_getpwnam+0x28): warning: Using 'getpwnam' in statically linked applications requires at runtime the shared libraries from the glibc version used for linking
/usr/bin/ld: /usr/lib/ocaml/libunix.a(getpw.o): in function `unix_getpwuid':
(.text.unix_getpwuid+0x22): warning: Using 'getpwuid' in statically linked applications requires at runtime the shared libraries from the glibc version used for linking
/usr/bin/ld: /usr/lib/ocaml/libunix.a(getserv.o): in function `unix_getservbyname':
(.text.unix_getservbyname+0x2c): warning: Using 'getservbyname' in statically linked applications requires at runtime the shared libraries from the glibc version used for linking
/usr/bin/ld: /usr/lib/ocaml/libunix.a(getserv.o): in function `unix_getservbyport':
(.text.unix_getservbyport+0x2d): warning: Using 'getservbyport' in statically linked applications requires at runtime the shared libraries from the glibc version used for linking
  Built: bin/linux-x86_64/shacl_runner (14281152 bytes)
findlib: [WARNING] Interface digestif.cmi occurs in several directories: /root/.opam/fstar/lib/digestif/c, /root/.opam/fstar/lib/digestif
ocamlfind: [WARNING] Package `threads': Linking problems may arise because of the missing -thread or -vmthread switch
/usr/bin/ld: /usr/lib/ocaml/libasmrun.a(unix.n.o): in function `caml_dlopen':
(.text.caml_dlopen+0x13): warning: Using 'dlopen' in statically linked applications requires at runtime the shared libraries from the glibc version used for linking
/usr/bin/ld: /usr/lib/ocaml/libunix.a(getgr.o): in function `unix_getgrgid':
(.text.unix_getgrgid+0x22): warning: Using 'getgrgid' in statically linked applications requires at runtime the shared libraries from the glibc version used for linking
/usr/bin/ld: /usr/lib/ocaml/libunix.a(getgr.o): in function `unix_getgrnam':
(.text.unix_getgrnam+0x28): warning: Using 'getgrnam' in statically linked applications requires at runtime the shared libraries from the glibc version used for linking
/usr/bin/ld: /usr/lib/ocaml/libunix.a(initgroups.o): in function `unix_initgroups':
(.text.unix_initgroups+0x23): warning: Using 'initgroups' in statically linked applications requires at runtime the shared libraries from the glibc version used for linking
/usr/bin/ld: /usr/lib/ocaml/libunix.a(getaddrinfo.o): in function `unix_getaddrinfo':
(.text.unix_getaddrinfo+0x249): warning: Using 'getaddrinfo' in statically linked applications requires at runtime the shared libraries from the glibc version used for linking
/usr/bin/ld: /usr/lib/ocaml/libunix.a(gethost.o): in function `unix_gethostbyaddr':
(.text.unix_gethostbyaddr+0x69): warning: Using 'gethostbyaddr_r' in statically linked applications requires at runtime the shared libraries from the glibc version used for linking
/usr/bin/ld: /usr/lib/ocaml/libunix.a(gethost.o): in function `unix_gethostbyname':
(.text.unix_gethostbyname+0x71): warning: Using 'gethostbyname_r' in statically linked applications requires at runtime the shared libraries from the glibc version used for linking
/usr/bin/ld: /usr/lib/ocaml/libunix.a(getproto.o): in function `unix_getprotobynumber':
(.text.unix_getprotobynumber+0xc): warning: Using 'getprotobynumber' in statically linked applications requires at runtime the shared libraries from the glibc version used for linking
/usr/bin/ld: /usr/lib/ocaml/libunix.a(getproto.o): in function `unix_getprotobyname':
(.text.unix_getprotobyname+0x15): warning: Using 'getprotobyname' in statically linked applications requires at runtime the shared libraries from the glibc version used for linking
/usr/bin/ld: /usr/lib/ocaml/libunix.a(getpw.o): in function `unix_getpwnam':
(.text.unix_getpwnam+0x28): warning: Using 'getpwnam' in statically linked applications requires at runtime the shared libraries from the glibc version used for linking
/usr/bin/ld: /usr/lib/ocaml/libunix.a(getpw.o): in function `unix_getpwuid':
(.text.unix_getpwuid+0x22): warning: Using 'getpwuid' in statically linked applications requires at runtime the shared libraries from the glibc version used for linking
/usr/bin/ld: /usr/lib/ocaml/libunix.a(getserv.o): in function `unix_getservbyname':
(.text.unix_getservbyname+0x2c): warning: Using 'getservbyname' in statically linked applications requires at runtime the shared libraries from the glibc version used for linking
/usr/bin/ld: /usr/lib/ocaml/libunix.a(getserv.o): in function `unix_getservbyport':
(.text.unix_getservbyport+0x2d): warning: Using 'getservbyport' in statically linked applications requires at runtime the shared libraries from the glibc version used for linking
  Built: bin/linux-x86_64/qudt_runner (14290088 bytes)
findlib: [WARNING] Interface digestif.cmi occurs in several directories: /root/.opam/fstar/lib/digestif/c, /root/.opam/fstar/lib/digestif
ocamlfind: [WARNING] Package `threads': Linking problems may arise because of the missing -thread or -vmthread switch
/usr/bin/ld: /usr/lib/ocaml/libasmrun.a(unix.n.o): in function `caml_dlopen':
(.text.caml_dlopen+0x13): warning: Using 'dlopen' in statically linked applications requires at runtime the shared libraries from the glibc version used for linking
/usr/bin/ld: /usr/lib/ocaml/libunix.a(getgr.o): in function `unix_getgrgid':
(.text.unix_getgrgid+0x22): warning: Using 'getgrgid' in statically linked applications requires at runtime the shared libraries from the glibc version used for linking
/usr/bin/ld: /usr/lib/ocaml/libunix.a(getgr.o): in function `unix_getgrnam':
(.text.unix_getgrnam+0x28): warning: Using 'getgrnam' in statically linked applications requires at runtime the shared libraries from the glibc version used for linking
/usr/bin/ld: /usr/lib/ocaml/libunix.a(initgroups.o): in function `unix_initgroups':
(.text.unix_initgroups+0x23): warning: Using 'initgroups' in statically linked applications requires at runtime the shared libraries from the glibc version used for linking
/usr/bin/ld: /usr/lib/ocaml/libunix.a(getaddrinfo.o): in function `unix_getaddrinfo':
(.text.unix_getaddrinfo+0x249): warning: Using 'getaddrinfo' in statically linked applications requires at runtime the shared libraries from the glibc version used for linking
/usr/bin/ld: /usr/lib/ocaml/libunix.a(gethost.o): in function `unix_gethostbyaddr':
(.text.unix_gethostbyaddr+0x69): warning: Using 'gethostbyaddr_r' in statically linked applications requires at runtime the shared libraries from the glibc version used for linking
/usr/bin/ld: /usr/lib/ocaml/libunix.a(gethost.o): in function `unix_gethostbyname':
(.text.unix_gethostbyname+0x71): warning: Using 'gethostbyname_r' in statically linked applications requires at runtime the shared libraries from the glibc version used for linking
/usr/bin/ld: /usr/lib/ocaml/libunix.a(getproto.o): in function `unix_getprotobynumber':
(.text.unix_getprotobynumber+0xc): warning: Using 'getprotobynumber' in statically linked applications requires at runtime the shared libraries from the glibc version used for linking
/usr/bin/ld: /usr/lib/ocaml/libunix.a(getproto.o): in function `unix_getprotobyname':
(.text.unix_getprotobyname+0x15): warning: Using 'getprotobyname' in statically linked applications requires at runtime the shared libraries from the glibc version used for linking
/usr/bin/ld: /usr/lib/ocaml/libunix.a(getpw.o): in function `unix_getpwnam':
(.text.unix_getpwnam+0x28): warning: Using 'getpwnam' in statically linked applications requires at runtime the shared libraries from the glibc version used for linking
/usr/bin/ld: /usr/lib/ocaml/libunix.a(getpw.o): in function `unix_getpwuid':
(.text.unix_getpwuid+0x22): warning: Using 'getpwuid' in statically linked applications requires at runtime the shared libraries from the glibc version used for linking
/usr/bin/ld: /usr/lib/ocaml/libunix.a(getserv.o): in function `unix_getservbyname':
(.text.unix_getservbyname+0x2c): warning: Using 'getservbyname' in statically linked applications requires at runtime the shared libraries from the glibc version used for linking
/usr/bin/ld: /usr/lib/ocaml/libunix.a(getserv.o): in function `unix_getservbyport':
(.text.unix_getservbyport+0x2d): warning: Using 'getservbyport' in statically linked applications requires at runtime the shared libraries from the glibc version used for linking
  Built: bin/linux-x86_64/rml_runner (14252176 bytes)
findlib: [WARNING] Interface digestif.cmi occurs in several directories: /root/.opam/fstar/lib/digestif/c, /root/.opam/fstar/lib/digestif
ocamlfind: [WARNING] Package `threads': Linking problems may arise because of the missing -thread or -vmthread switch
/usr/bin/ld: /usr/lib/ocaml/libasmrun.a(unix.n.o): in function `caml_dlopen':
(.text.caml_dlopen+0x13): warning: Using 'dlopen' in statically linked applications requires at runtime the shared libraries from the glibc version used for linking
/usr/bin/ld: /usr/lib/ocaml/libunix.a(getgr.o): in function `unix_getgrgid':
(.text.unix_getgrgid+0x22): warning: Using 'getgrgid' in statically linked applications requires at runtime the shared libraries from the glibc version used for linking
/usr/bin/ld: /usr/lib/ocaml/libunix.a(getgr.o): in function `unix_getgrnam':
(.text.unix_getgrnam+0x28): warning: Using 'getgrnam' in statically linked applications requires at runtime the shared libraries from the glibc version used for linking
/usr/bin/ld: /usr/lib/ocaml/libunix.a(initgroups.o): in function `unix_initgroups':
(.text.unix_initgroups+0x23): warning: Using 'initgroups' in statically linked applications requires at runtime the shared libraries from the glibc version used for linking
/usr/bin/ld: /usr/lib/ocaml/libunix.a(getaddrinfo.o): in function `unix_getaddrinfo':
(.text.unix_getaddrinfo+0x249): warning: Using 'getaddrinfo' in statically linked applications requires at runtime the shared libraries from the glibc version used for linking
/usr/bin/ld: /usr/lib/ocaml/libunix.a(gethost.o): in function `unix_gethostbyaddr':
(.text.unix_gethostbyaddr+0x69): warning: Using 'gethostbyaddr_r' in statically linked applications requires at runtime the shared libraries from the glibc version used for linking
/usr/bin/ld: /usr/lib/ocaml/libunix.a(gethost.o): in function `unix_gethostbyname':
(.text.unix_gethostbyname+0x71): warning: Using 'gethostbyname_r' in statically linked applications requires at runtime the shared libraries from the glibc version used for linking
/usr/bin/ld: /usr/lib/ocaml/libunix.a(getproto.o): in function `unix_getprotobynumber':
(.text.unix_getprotobynumber+0xc): warning: Using 'getprotobynumber' in statically linked applications requires at runtime the shared libraries from the glibc version used for linking
/usr/bin/ld: /usr/lib/ocaml/libunix.a(getproto.o): in function `unix_getprotobyname':
(.text.unix_getprotobyname+0x15): warning: Using 'getprotobyname' in statically linked applications requires at runtime the shared libraries from the glibc version used for linking
/usr/bin/ld: /usr/lib/ocaml/libunix.a(getpw.o): in function `unix_getpwnam':
(.text.unix_getpwnam+0x28): warning: Using 'getpwnam' in statically linked applications requires at runtime the shared libraries from the glibc version used for linking
/usr/bin/ld: /usr/lib/ocaml/libunix.a(getpw.o): in function `unix_getpwuid':
(.text.unix_getpwuid+0x22): warning: Using 'getpwuid' in statically linked applications requires at runtime the shared libraries from the glibc version used for linking
/usr/bin/ld: /usr/lib/ocaml/libunix.a(getserv.o): in function `unix_getservbyname':
(.text.unix_getservbyname+0x2c): warning: Using 'getservbyname' in statically linked applications requires at runtime the shared libraries from the glibc version used for linking
/usr/bin/ld: /usr/lib/ocaml/libunix.a(getserv.o): in function `unix_getservbyport':
(.text.unix_getservbyport+0x2d): warning: Using 'getservbyport' in statically linked applications requires at runtime the shared libraries from the glibc version used for linking
  Built: bin/linux-x86_64/csvw_runner (14261528 bytes)
findlib: [WARNING] Interface digestif.cmi occurs in several directories: /root/.opam/fstar/lib/digestif/c, /root/.opam/fstar/lib/digestif
ocamlfind: [WARNING] Package `threads': Linking problems may arise because of the missing -thread or -vmthread switch
/usr/bin/ld: /usr/lib/ocaml/libasmrun.a(unix.n.o): in function `caml_dlopen':
(.text.caml_dlopen+0x13): warning: Using 'dlopen' in statically linked applications requires at runtime the shared libraries from the glibc version used for linking
/usr/bin/ld: /usr/lib/ocaml/libunix.a(getgr.o): in function `unix_getgrgid':
(.text.unix_getgrgid+0x22): warning: Using 'getgrgid' in statically linked applications requires at runtime the shared libraries from the glibc version used for linking
/usr/bin/ld: /usr/lib/ocaml/libunix.a(getgr.o): in function `unix_getgrnam':
(.text.unix_getgrnam+0x28): warning: Using 'getgrnam' in statically linked applications requires at runtime the shared libraries from the glibc version used for linking
/usr/bin/ld: /usr/lib/ocaml/libunix.a(initgroups.o): in function `unix_initgroups':
(.text.unix_initgroups+0x23): warning: Using 'initgroups' in statically linked applications requires at runtime the shared libraries from the glibc version used for linking
/usr/bin/ld: /usr/lib/ocaml/libunix.a(getaddrinfo.o): in function `unix_getaddrinfo':
(.text.unix_getaddrinfo+0x249): warning: Using 'getaddrinfo' in statically linked applications requires at runtime the shared libraries from the glibc version used for linking
/usr/bin/ld: /usr/lib/ocaml/libunix.a(gethost.o): in function `unix_gethostbyaddr':
(.text.unix_gethostbyaddr+0x69): warning: Using 'gethostbyaddr_r' in statically linked applications requires at runtime the shared libraries from the glibc version used for linking
/usr/bin/ld: /usr/lib/ocaml/libunix.a(gethost.o): in function `unix_gethostbyname':
(.text.unix_gethostbyname+0x71): warning: Using 'gethostbyname_r' in statically linked applications requires at runtime the shared libraries from the glibc version used for linking
/usr/bin/ld: /usr/lib/ocaml/libunix.a(getproto.o): in function `unix_getprotobynumber':
(.text.unix_getprotobynumber+0xc): warning: Using 'getprotobynumber' in statically linked applications requires at runtime the shared libraries from the glibc version used for linking
/usr/bin/ld: /usr/lib/ocaml/libunix.a(getproto.o): in function `unix_getprotobyname':
(.text.unix_getprotobyname+0x15): warning: Using 'getprotobyname' in statically linked applications requires at runtime the shared libraries from the glibc version used for linking
/usr/bin/ld: /usr/lib/ocaml/libunix.a(getpw.o): in function `unix_getpwnam':
(.text.unix_getpwnam+0x28): warning: Using 'getpwnam' in statically linked applications requires at runtime the shared libraries from the glibc version used for linking
/usr/bin/ld: /usr/lib/ocaml/libunix.a(getpw.o): in function `unix_getpwuid':
(.text.unix_getpwuid+0x22): warning: Using 'getpwuid' in statically linked applications requires at runtime the shared libraries from the glibc version used for linking
/usr/bin/ld: /usr/lib/ocaml/libunix.a(getserv.o): in function `unix_getservbyname':
(.text.unix_getservbyname+0x2c): warning: Using 'getservbyname' in statically linked applications requires at runtime the shared libraries from the glibc version used for linking
/usr/bin/ld: /usr/lib/ocaml/libunix.a(getserv.o): in function `unix_getservbyport':
(.text.unix_getservbyport+0x2d): warning: Using 'getservbyport' in statically linked applications requires at runtime the shared libraries from the glibc version used for linking
  Built: bin/linux-x86_64/shex_runner (14294024 bytes)
findlib: [WARNING] Interface digestif.cmi occurs in several directories: /root/.opam/fstar/lib/digestif/c, /root/.opam/fstar/lib/digestif
ocamlfind: [WARNING] Package `threads': Linking problems may arise because of the missing -thread or -vmthread switch
/usr/bin/ld: /usr/lib/ocaml/libasmrun.a(unix.n.o): in function `caml_dlopen':
(.text.caml_dlopen+0x13): warning: Using 'dlopen' in statically linked applications requires at runtime the shared libraries from the glibc version used for linking
/usr/bin/ld: /usr/lib/ocaml/libunix.a(getgr.o): in function `unix_getgrgid':
(.text.unix_getgrgid+0x22): warning: Using 'getgrgid' in statically linked applications requires at runtime the shared libraries from the glibc version used for linking
/usr/bin/ld: /usr/lib/ocaml/libunix.a(getgr.o): in function `unix_getgrnam':
(.text.unix_getgrnam+0x28): warning: Using 'getgrnam' in statically linked applications requires at runtime the shared libraries from the glibc version used for linking
/usr/bin/ld: /usr/lib/ocaml/libunix.a(initgroups.o): in function `unix_initgroups':
(.text.unix_initgroups+0x23): warning: Using 'initgroups' in statically linked applications requires at runtime the shared libraries from the glibc version used for linking
/usr/bin/ld: /usr/lib/ocaml/libunix.a(getaddrinfo.o): in function `unix_getaddrinfo':
(.text.unix_getaddrinfo+0x249): warning: Using 'getaddrinfo' in statically linked applications requires at runtime the shared libraries from the glibc version used for linking
/usr/bin/ld: /usr/lib/ocaml/libunix.a(gethost.o): in function `unix_gethostbyaddr':
(.text.unix_gethostbyaddr+0x69): warning: Using 'gethostbyaddr_r' in statically linked applications requires at runtime the shared libraries from the glibc version used for linking
/usr/bin/ld: /usr/lib/ocaml/libunix.a(gethost.o): in function `unix_gethostbyname':
(.text.unix_gethostbyname+0x71): warning: Using 'gethostbyname_r' in statically linked applications requires at runtime the shared libraries from the glibc version used for linking
/usr/bin/ld: /usr/lib/ocaml/libunix.a(getproto.o): in function `unix_getprotobynumber':
(.text.unix_getprotobynumber+0xc): warning: Using 'getprotobynumber' in statically linked applications requires at runtime the shared libraries from the glibc version used for linking
/usr/bin/ld: /usr/lib/ocaml/libunix.a(getproto.o): in function `unix_getprotobyname':
(.text.unix_getprotobyname+0x15): warning: Using 'getprotobyname' in statically linked applications requires at runtime the shared libraries from the glibc version used for linking
/usr/bin/ld: /usr/lib/ocaml/libunix.a(getpw.o): in function `unix_getpwnam':
(.text.unix_getpwnam+0x28): warning: Using 'getpwnam' in statically linked applications requires at runtime the shared libraries from the glibc version used for linking
/usr/bin/ld: /usr/lib/ocaml/libunix.a(getpw.o): in function `unix_getpwuid':
(.text.unix_getpwuid+0x22): warning: Using 'getpwuid' in statically linked applications requires at runtime the shared libraries from the glibc version used for linking
/usr/bin/ld: /usr/lib/ocaml/libunix.a(getserv.o): in function `unix_getservbyname':
(.text.unix_getservbyname+0x2c): warning: Using 'getservbyname' in statically linked applications requires at runtime the shared libraries from the glibc version used for linking
/usr/bin/ld: /usr/lib/ocaml/libunix.a(getserv.o): in function `unix_getservbyport':
(.text.unix_getservbyport+0x2d): warning: Using 'getservbyport' in statically linked applications requires at runtime the shared libraries from the glibc version used for linking
  Built: bin/linux-x86_64/rif_runner (14309416 bytes)
findlib: [WARNING] Interface digestif.cmi occurs in several directories: /root/.opam/fstar/lib/digestif/c, /root/.opam/fstar/lib/digestif
ocamlfind: [WARNING] Package `threads': Linking problems may arise because of the missing -thread or -vmthread switch
/usr/bin/ld: /usr/lib/ocaml/libasmrun.a(unix.n.o): in function `caml_dlopen':
(.text.caml_dlopen+0x13): warning: Using 'dlopen' in statically linked applications requires at runtime the shared libraries from the glibc version used for linking
/usr/bin/ld: /usr/lib/ocaml/libunix.a(getgr.o): in function `unix_getgrgid':
(.text.unix_getgrgid+0x22): warning: Using 'getgrgid' in statically linked applications requires at runtime the shared libraries from the glibc version used for linking
/usr/bin/ld: /usr/lib/ocaml/libunix.a(getgr.o): in function `unix_getgrnam':
(.text.unix_getgrnam+0x28): warning: Using 'getgrnam' in statically linked applications requires at runtime the shared libraries from the glibc version used for linking
/usr/bin/ld: /usr/lib/ocaml/libunix.a(initgroups.o): in function `unix_initgroups':
(.text.unix_initgroups+0x23): warning: Using 'initgroups' in statically linked applications requires at runtime the shared libraries from the glibc version used for linking
/usr/bin/ld: /usr/lib/ocaml/libunix.a(getaddrinfo.o): in function `unix_getaddrinfo':
(.text.unix_getaddrinfo+0x249): warning: Using 'getaddrinfo' in statically linked applications requires at runtime the shared libraries from the glibc version used for linking
/usr/bin/ld: /usr/lib/ocaml/libunix.a(gethost.o): in function `unix_gethostbyaddr':
(.text.unix_gethostbyaddr+0x69): warning: Using 'gethostbyaddr_r' in statically linked applications requires at runtime the shared libraries from the glibc version used for linking
/usr/bin/ld: /usr/lib/ocaml/libunix.a(gethost.o): in function `unix_gethostbyname':
(.text.unix_gethostbyname+0x71): warning: Using 'gethostbyname_r' in statically linked applications requires at runtime the shared libraries from the glibc version used for linking
/usr/bin/ld: /usr/lib/ocaml/libunix.a(getproto.o): in function `unix_getprotobynumber':
(.text.unix_getprotobynumber+0xc): warning: Using 'getprotobynumber' in statically linked applications requires at runtime the shared libraries from the glibc version used for linking
/usr/bin/ld: /usr/lib/ocaml/libunix.a(getproto.o): in function `unix_getprotobyname':
(.text.unix_getprotobyname+0x15): warning: Using 'getprotobyname' in statically linked applications requires at runtime the shared libraries from the glibc version used for linking
/usr/bin/ld: /usr/lib/ocaml/libunix.a(getpw.o): in function `unix_getpwnam':
(.text.unix_getpwnam+0x28): warning: Using 'getpwnam' in statically linked applications requires at runtime the shared libraries from the glibc version used for linking
/usr/bin/ld: /usr/lib/ocaml/libunix.a(getpw.o): in function `unix_getpwuid':
(.text.unix_getpwuid+0x22): warning: Using 'getpwuid' in statically linked applications requires at runtime the shared libraries from the glibc version used for linking
/usr/bin/ld: /usr/lib/ocaml/libunix.a(getserv.o): in function `unix_getservbyname':
(.text.unix_getservbyname+0x2c): warning: Using 'getservbyname' in statically linked applications requires at runtime the shared libraries from the glibc version used for linking
/usr/bin/ld: /usr/lib/ocaml/libunix.a(getserv.o): in function `unix_getservbyport':
(.text.unix_getservbyport+0x2d): warning: Using 'getservbyport' in statically linked applications requires at runtime the shared libraries from the glibc version used for linking
  Built: bin/linux-x86_64/factoidal_http_client (14225704 bytes)
findlib: [WARNING] Interface digestif.cmi occurs in several directories: /root/.opam/fstar/lib/digestif/c, /root/.opam/fstar/lib/digestif
ocamlfind: [WARNING] Package `threads': Linking problems may arise because of the missing -thread or -vmthread switch
/usr/bin/ld: /usr/lib/ocaml/libasmrun.a(unix.n.o): in function `caml_dlopen':
(.text.caml_dlopen+0x13): warning: Using 'dlopen' in statically linked applications requires at runtime the shared libraries from the glibc version used for linking
/usr/bin/ld: /usr/lib/ocaml/libunix.a(getgr.o): in function `unix_getgrgid':
(.text.unix_getgrgid+0x22): warning: Using 'getgrgid' in statically linked applications requires at runtime the shared libraries from the glibc version used for linking
/usr/bin/ld: /usr/lib/ocaml/libunix.a(getgr.o): in function `unix_getgrnam':
(.text.unix_getgrnam+0x28): warning: Using 'getgrnam' in statically linked applications requires at runtime the shared libraries from the glibc version used for linking
/usr/bin/ld: /usr/lib/ocaml/libunix.a(initgroups.o): in function `unix_initgroups':
(.text.unix_initgroups+0x23): warning: Using 'initgroups' in statically linked applications requires at runtime the shared libraries from the glibc version used for linking
/usr/bin/ld: /usr/lib/ocaml/libunix.a(getaddrinfo.o): in function `unix_getaddrinfo':
(.text.unix_getaddrinfo+0x249): warning: Using 'getaddrinfo' in statically linked applications requires at runtime the shared libraries from the glibc version used for linking
/usr/bin/ld: /usr/lib/ocaml/libunix.a(gethost.o): in function `unix_gethostbyaddr':
(.text.unix_gethostbyaddr+0x69): warning: Using 'gethostbyaddr_r' in statically linked applications requires at runtime the shared libraries from the glibc version used for linking
/usr/bin/ld: /usr/lib/ocaml/libunix.a(gethost.o): in function `unix_gethostbyname':
(.text.unix_gethostbyname+0x71): warning: Using 'gethostbyname_r' in statically linked applications requires at runtime the shared libraries from the glibc version used for linking
/usr/bin/ld: /usr/lib/ocaml/libunix.a(getproto.o): in function `unix_getprotobynumber':
(.text.unix_getprotobynumber+0xc): warning: Using 'getprotobynumber' in statically linked applications requires at runtime the shared libraries from the glibc version used for linking
/usr/bin/ld: /usr/lib/ocaml/libunix.a(getproto.o): in function `unix_getprotobyname':
(.text.unix_getprotobyname+0x15): warning: Using 'getprotobyname' in statically linked applications requires at runtime the shared libraries from the glibc version used for linking
/usr/bin/ld: /usr/lib/ocaml/libunix.a(getpw.o): in function `unix_getpwnam':
(.text.unix_getpwnam+0x28): warning: Using 'getpwnam' in statically linked applications requires at runtime the shared libraries from the glibc version used for linking
/usr/bin/ld: /usr/lib/ocaml/libunix.a(getpw.o): in function `unix_getpwuid':
(.text.unix_getpwuid+0x22): warning: Using 'getpwuid' in statically linked applications requires at runtime the shared libraries from the glibc version used for linking
/usr/bin/ld: /usr/lib/ocaml/libunix.a(getserv.o): in function `unix_getservbyname':
(.text.unix_getservbyname+0x2c): warning: Using 'getservbyname' in statically linked applications requires at runtime the shared libraries from the glibc version used for linking
/usr/bin/ld: /usr/lib/ocaml/libunix.a(getserv.o): in function `unix_getservbyport':
(.text.unix_getservbyport+0x2d): warning: Using 'getservbyport' in statically linked applications requires at runtime the shared libraries from the glibc version used for linking
  Built: bin/linux-x86_64/parquet_probe (14259976 bytes)
findlib: [WARNING] Interface digestif.cmi occurs in several directories: /root/.opam/fstar/lib/digestif/c, /root/.opam/fstar/lib/digestif
ocamlfind: [WARNING] Package `threads': Linking problems may arise because of the missing -thread or -vmthread switch
/usr/bin/ld: /usr/lib/ocaml/libasmrun.a(unix.n.o): in function `caml_dlopen':
(.text.caml_dlopen+0x13): warning: Using 'dlopen' in statically linked applications requires at runtime the shared libraries from the glibc version used for linking
/usr/bin/ld: /usr/lib/ocaml/libunix.a(getgr.o): in function `unix_getgrgid':
(.text.unix_getgrgid+0x22): warning: Using 'getgrgid' in statically linked applications requires at runtime the shared libraries from the glibc version used for linking
/usr/bin/ld: /usr/lib/ocaml/libunix.a(getgr.o): in function `unix_getgrnam':
(.text.unix_getgrnam+0x28): warning: Using 'getgrnam' in statically linked applications requires at runtime the shared libraries from the glibc version used for linking
/usr/bin/ld: /usr/lib/ocaml/libunix.a(initgroups.o): in function `unix_initgroups':
(.text.unix_initgroups+0x23): warning: Using 'initgroups' in statically linked applications requires at runtime the shared libraries from the glibc version used for linking
/usr/bin/ld: /usr/lib/ocaml/libunix.a(getaddrinfo.o): in function `unix_getaddrinfo':
(.text.unix_getaddrinfo+0x249): warning: Using 'getaddrinfo' in statically linked applications requires at runtime the shared libraries from the glibc version used for linking
/usr/bin/ld: /usr/lib/ocaml/libunix.a(gethost.o): in function `unix_gethostbyaddr':
(.text.unix_gethostbyaddr+0x69): warning: Using 'gethostbyaddr_r' in statically linked applications requires at runtime the shared libraries from the glibc version used for linking
/usr/bin/ld: /usr/lib/ocaml/libunix.a(gethost.o): in function `unix_gethostbyname':
(.text.unix_gethostbyname+0x71): warning: Using 'gethostbyname_r' in statically linked applications requires at runtime the shared libraries from the glibc version used for linking
/usr/bin/ld: /usr/lib/ocaml/libunix.a(getproto.o): in function `unix_getprotobynumber':
(.text.unix_getprotobynumber+0xc): warning: Using 'getprotobynumber' in statically linked applications requires at runtime the shared libraries from the glibc version used for linking
/usr/bin/ld: /usr/lib/ocaml/libunix.a(getproto.o): in function `unix_getprotobyname':
(.text.unix_getprotobyname+0x15): warning: Using 'getprotobyname' in statically linked applications requires at runtime the shared libraries from the glibc version used for linking
/usr/bin/ld: /usr/lib/ocaml/libunix.a(getpw.o): in function `unix_getpwnam':
(.text.unix_getpwnam+0x28): warning: Using 'getpwnam' in statically linked applications requires at runtime the shared libraries from the glibc version used for linking
/usr/bin/ld: /usr/lib/ocaml/libunix.a(getpw.o): in function `unix_getpwuid':
(.text.unix_getpwuid+0x22): warning: Using 'getpwuid' in statically linked applications requires at runtime the shared libraries from the glibc version used for linking
/usr/bin/ld: /usr/lib/ocaml/libunix.a(getserv.o): in function `unix_getservbyname':
(.text.unix_getservbyname+0x2c): warning: Using 'getservbyname' in statically linked applications requires at runtime the shared libraries from the glibc version used for linking
/usr/bin/ld: /usr/lib/ocaml/libunix.a(getserv.o): in function `unix_getservbyport':
(.text.unix_getservbyport+0x2d): warning: Using 'getservbyport' in statically linked applications requires at runtime the shared libraries from the glibc version used for linking
  Built: bin/linux-x86_64/cottas_ondisk_smoketest (14225680 bytes)
  [timing] phase=compile seconds=840 changed_modules=0

=== Pipeline complete ===
BUILD_STATUS=OK
