  [1/8] add/ADD 1 ok
  [2/8] add/ADD 2 ok
  [3/8] add/ADD 3 ok
  [4/8] add/ADD 4 ok
  [5/8] add/ADD 5 ok
  [6/8] add/ADD 6 ok
  [7/8] add/ADD 7 ok
  [8/8] add/ADD 8 ok
  [1/47] aggregates/COUNT 1 ok
  [2/47] aggregates/COUNT 2 ok
  [3/47] aggregates/COUNT 3 ok
  [4/47] aggregates/COUNT 4 ok
  [5/47] aggregates/COUNT 5 ok
  [6/47] aggregates/COUNT 6 ok
  [7/47] aggregates/COUNT 7 ok
  [8/47] aggregates/COUNT 8 ok
  [9/47] aggregates/COUNT 8b ok
  [10/47] aggregates/COUNT 9 ok
  [11/47] aggregates/COUNT 10 ok
  [12/47] aggregates/COUNT 11 ok
  [13/47] aggregates/COUNT 12 ok
  [14/47] aggregates/GROUP_CONCAT 1 ok
  [15/47] aggregates/GROUP_CONCAT 2 ok
  [16/47] aggregates/GROUP_CONCAT with SEPARATOR ok
  [17/47] aggregates/GROUP_CONCAT with same language tag ok
  [18/47] aggregates/GROUP_CONCAT with different language tags ok
  [19/47] aggregates/GROUP_CONCAT with one element ok
  [20/47] aggregates/SUM ok
  [21/47] aggregates/SUM with GROUP BY ok
  [22/47] aggregates/AVG ok
  [23/47] aggregates/AVG with GROUP BY ok
  [24/47] aggregates/AVG with empty group (value defined to be 0) ok
  [25/47] aggregates/MIN ok
  [26/47] aggregates/MIN with GROUP BY ok
  [27/47] aggregates/MAX ok
  [28/47] aggregates/MAX with GROUP BY ok
  [29/47] aggregates/SAMPLE ok
  [30/47] aggregates/Error in AVG ok
  [31/47] aggregates/Protect from error in AVG ok
  [32/47] aggregates/agg on empty set, explicit grouping ok
  [33/47] aggregates/agg on empty set, no grouping ok
  [34/47] aggregates/COUNT: no match, with group ok
  [35/47] aggregates/COUNT: no match, no group ok
  [36/47] aggregates/COUNT: no GROUP BY inside of GRAPH ok
  [37/47] aggregates/HAVING: multiple conditions ok
  [38/47] aggregates/GROUP BY with a function ok
  [39/47] aggregates/GROUP BY with a built-in function ok
  [40/47] aggregates/AVG DISTINCT with GROUP BY ok
  [41/47] aggregates/COUNT DISTINCT with GROUP BY ok
  [42/47] aggregates/COUNT(DISTINCT *) with GROUP BY ok
  [43/47] aggregates/GROUP_CONCAT DISTINCT ok
  [44/47] aggregates/MAX DISTINCT with GROUP BY ok
  [45/47] aggregates/MIN DISTINCT with GROUP BY ok
  [46/47] aggregates/SAMPLE DISTINCT ok
  [47/47] aggregates/SUM DISTINCT with GROUP BY ok
  [1/13] basic-update/Simple insert data 1 ok
  [2/13] basic-update/Simple insert data named 1 ok
  [3/13] basic-update/Simple insert data named 2 ok
  [4/13] basic-update/Simple insert data named 3 ok
  [5/13] basic-update/INSERT 01 ok
  [6/13] basic-update/INSERT 02 ok
  [7/13] basic-update/INSERT 03 ok
  [8/13] basic-update/INSERT 04 ok
  [9/13] basic-update/INSERT USING 01 ok
  [10/13] basic-update/INSERT same bnode twice ok
  [11/13] basic-update/INSERTing the same bnode with INSERT DATA into two different Graphs is the same bnode ok
  [12/13] basic-update/INSERTing the same bnode with two INSERT WHERE statement within one request is NOT the same bnode ok
  [13/13] basic-update/INSERTing the same bnode with two INSERT WHERE statement within one request is NOT the same bnode even if both WHERE clauses have the empty solution mapping as the only solution. ok
  [1/10] bind/bind01 - BIND ok
  [2/10] bind/bind02 - BIND ok
  [3/10] bind/bind03 - BIND ok
  [4/10] bind/bind04 - BIND ok
  [5/10] bind/bind05 - BIND ok
  [6/10] bind/bind06 - BIND ok
  [7/10] bind/bind07 - BIND ok
  [8/10] bind/bind08 - BIND ok
  [9/10] bind/bind10 - BIND scoping - Variable in filter not in scope ok
  [10/10] bind/bind11 - BIND scoping - Variable in filter in scope ok
  [1/11] bindings/Post-query VALUES with subj-var, 1 row ok
  [2/11] bindings/Post-query VALUES with obj-var, 1 row ok
  [3/11] bindings/Post-query VALUES with 2 obj-vars, 1 row ok
  [4/11] bindings/Post-query VALUES with 2 obj-vars, 1 row with UNDEF ok
  [5/11] bindings/Post-query VALUES with 2 obj-vars, 2 rows with UNDEF ok
  [6/11] bindings/Post-query VALUES with pred-var, 1 row ok
  [7/11] bindings/Post-query VALUES with (OPTIONAL) obj-var, 1 row ok
  [8/11] bindings/Post-query VALUES with subj/obj-vars, 2 rows with UNDEF ok
  [9/11] bindings/Inline VALUES graph pattern ok
  [10/11] bindings/Post-subquery VALUES ok
  [11/11] bindings/VALUES inside GRAPH binding the same variable as the graph name ok
  [1/6] cast/xsd:boolean cast ok
  [2/6] cast/xsd:integer cast ok
  [3/6] cast/xsd:float cast ok
  [4/6] cast/xsd:double cast ok
  [5/6] cast/xsd:decimal cast ok
  [6/6] cast/xsd:string cast ok
  [1/4] clear/CLEAR DEFAULT ok
  [2/4] clear/CLEAR GRAPH ok
  [3/4] clear/CLEAR NAMED ok
  [4/4] clear/CLEAR ALL ok
  [1/7] construct/constructwhere01 - CONSTRUCT WHERE ok
  [2/7] construct/constructwhere02 - CONSTRUCT WHERE ok
  [3/7] construct/constructwhere03 - CONSTRUCT WHERE ok
  [4/7] construct/constructwhere04 - CONSTRUCT WHERE ok
  [5/7] construct/constructwhere05 - CONSTRUCT WHERE ok
  [6/7] construct/constructwhere06 - CONSTRUCT WHERE ok
  [7/7] construct/CONSTRUCT list ok
  [1/6] copy/COPY 1 ok
  [2/6] copy/COPY 2 ok
  [3/6] copy/COPY 3 ok
  [4/6] copy/COPY 4 ok
  [5/6] copy/COPY 6 ok
  [6/6] copy/COPY 7 ok
  [1/6] csv-tsv-res/csv01 - CSV Result Format ok
  [2/6] csv-tsv-res/tsv01 - TSV Result Format ok
  [3/6] csv-tsv-res/cvs02 - CSV Result Format ok
  [4/6] csv-tsv-res/tsv02 - TSV Result Format ok
  [5/6] csv-tsv-res/csv03 - CSV Result Format ok
  [6/6] csv-tsv-res/tsv03 - TSV Result Format ok
  [1/19] delete/Simple DELETE 1 ok
  [2/19] delete/Simple DELETE 2 ok
  [3/19] delete/Simple DELETE 3 ok
  [4/19] delete/Simple DELETE 4 ok
  [5/19] delete/Graph-specific DELETE 1 ok
  [6/19] delete/Graph-specific DELETE 2 ok
  [7/19] delete/Simple DELETE 7 ok
  [8/19] delete/Simple DELETE 1 (WITH) ok
  [9/19] delete/Simple DELETE 2 (WITH) ok
  [10/19] delete/Simple DELETE 3 (WITH) ok
  [11/19] delete/Simple DELETE 4 (WITH) ok
  [12/19] delete/Graph-specific DELETE 1 (WITH) ok
  [13/19] delete/Graph-specific DELETE 2 (WITH) ok
  [14/19] delete/Simple DELETE 1 (USING) ok
  [15/19] delete/Simple DELETE 2 (USING) ok
  [16/19] delete/Simple DELETE 3 (USING) ok
  [17/19] delete/Simple DELETE 4 (USING) ok
  [18/19] delete/Graph-specific DELETE 1 (USING) ok
  [19/19] delete/Graph-specific DELETE 2 (USING) ok
  [1/6] delete-data/Simple DELETE DATA 1 ok
  [2/6] delete-data/Simple DELETE DATA 2 ok
  [3/6] delete-data/Simple DELETE DATA 3 ok
  [4/6] delete-data/Simple DELETE DATA 4 ok
  [5/6] delete-data/Graph-specific DELETE DATA 1 ok
  [6/6] delete-data/Graph-specific DELETE DATA 2 ok
  [1/17] delete-insert/DELETE INSERT 1 ok
  [2/17] delete-insert/DELETE INSERT 1b ok
  [3/17] delete-insert/DELETE INSERT 1c ok
  [4/17] delete-insert/DELETE INSERT 2 ok
  [5/17] delete-insert/DELETE INSERT 3 ok
  [6/17] delete-insert/DELETE INSERT 3b ok
  [7/17] delete-insert/DELETE INSERT 4 ok
  [8/17] delete-insert/DELETE INSERT 4b ok
  [9/17] delete-insert/DELETE INSERT 5 ok
  [10/17] delete-insert/DELETE INSERT 5b ok
  [11/17] delete-insert/DELETE INSERT 6 ok
  [12/17] delete-insert/DELETE INSERT 6b ok
  [13/17] delete-insert/DELETE INSERT 7 ok
  [14/17] delete-insert/DELETE INSERT 7b ok
  [15/17] delete-insert/DELETE INSERT 8 ok
  [16/17] delete-insert/DELETE INSERT 9 ok
  [17/17] delete-insert/Halloween Problem: A delete/insert operation should not be able to read its own writes ok
  [1/6] delete-where/Simple DELETE WHERE 1 ok
  [2/6] delete-where/Simple DELETE WHERE 2 ok
  [3/6] delete-where/Simple DELETE WHERE 3 ok
  [4/6] delete-where/Simple DELETE WHERE 4 ok
  [5/6] delete-where/Graph-specific DELETE WHERE 1 ok
  [6/6] delete-where/Graph-specific DELETE WHERE 2 ok
  [1/4] drop/DROP DEFAULT ok
  [2/4] drop/DROP GRAPH ok
  [3/4] drop/DROP NAMED ok
  [4/4] drop/DROP ALL ok
  [1/70] entailment/bind01 - BIND fixed data for OWL DL ok (32ms)
  [2/70] entailment/bind02 - BIND fixed data for OWL DL ok (27ms)
  [3/70] entailment/bind03 - BIND fixed data for OWL DL ok (30ms)
  [4/70] entailment/bind04 - BIND fixed data for OWL DL ok (25ms)
  [5/70] entailment/bind05 - BIND fixed data for OWL DL ok (23ms)
  [6/70] entailment/bind06 - BIND fixed data for OWL DL ok (24ms)
  [7/70] entailment/bind07 - BIND fixed data for OWL DL ok (26ms)
  [8/70] entailment/bind08 - BIND fixed data for OWL DL ok (25ms)
  [9/70] entailment/D-Entailment test to show that  neither literals in subject position nor newly introduced surrogate blank nodes are to be returned in query answers ok
  [10/70] entailment/Literal with language tag test ok (22ms)
  [11/70] entailment/bnodes are not existentials ok (29ms)
  [12/70] entailment/bnodes are not existentials with answer ok (35ms)
  [13/70] entailment/paper-sparqldl-Q1 ok (51ms)
  [14/70] entailment/paper-sparqldl-Q1-rdfs ok
  [15/70] entailment/paper-sparqldl-Q2 ok (127ms)
  [16/70] entailment/paper-sparqldl-Q3 ok (125ms)
  [17/70] entailment/paper-sparqldl-Q4 ok (43ms)
  [18/70] entailment/paper-sparqldl-Q5 ok (44ms)
  [19/70] entailment/filtered subclass query with (hasChild some Thing) restriction ok (227ms)
  [20/70] entailment/parent query with distinguished variable ok (59ms)
  [21/70] entailment/parent query with (hasChild some Thing) restriction ok (223ms)
  [22/70] entailment/parent query with (hasChild min 1) restriction ok (216ms)
  [23/70] entailment/parent query with (hasChild some Female) restriction ok (223ms)
  [24/70] entailment/parent query with (hasChild min 1 Female) restriction ok (224ms)
  [25/70] entailment/parent query with (hasChild max 1 Female) restriction ok (221ms)
  [26/70] entailment/parent query with (hasChild exactly 1 Female) restriction ok (223ms)
  [27/70] entailment/subclass query with (hasChild some Thing) restriction ok (228ms)
  [28/70] entailment/Plain literals with language tag are not the same as the same literal without ok (19ms)
  [29/70] entailment/RDF inference test ok
  [30/70] entailment/RDF inference test ok
  [31/70] entailment/RDF test for blank node cardinalities ok
  [32/70] entailment/simple triple pattern match ok (25ms)
  [33/70] entailment/RDFS inference test rdfs:subPropertyOf ok (29ms)
  [34/70] entailment/RDFS inference test rdfs:subPropertyOf ok (29ms)
  [35/70] entailment/RDFS inference test combining subPropertyOf and domain ok
  [36/70] entailment/RDFS inference test subClassOf ok (19ms)
  [37/70] entailment/RDFS inference test subClassOf ok (27ms)
  [38/70] entailment/RDFS inference test domain ok (25ms)
  [39/70] entailment/RDFS inference test range ok (27ms)
  [40/70] entailment/RDFS inference test rdf:XMLLiteral subclass of rdfs:Literal ok
  [41/70] entailment/RDFS inference test transitivity of subClassOf ok (22ms)
  [42/70] entailment/RDFS inference test transitivity of subPropertyOf ok (38ms)
  [43/70] entailment/RDFS inference test subProperty and instances ok
  [44/70] entailment/RDFS inference test containers ok
  [45/70] entailment/RDFS inference test to show that neither literals in subject position nor newly introduced surrogate blank nodes are to be returned in query answers ok (19ms)
  [46/70] entailment/RIF Logical Entailment (referencing RIF XML) ok
  [47/70] entailment/RIF Core WG tests: Frames ok
  [48/70] entailment/RIF Core WG tests: Modeling Brain Anatomy ok (69ms)
  [49/70] entailment/RIF Core WG tests: RDF Combination Blank Node ok
  [50/70] entailment/simple 1 ok (92ms)
  [51/70] entailment/simple 2 ok (90ms)
  [52/70] entailment/simple 3 ok (92ms)
  [53/70] entailment/simple 4 ok (96ms)
  [54/70] entailment/simple 5 ok (97ms)
  [55/70] entailment/simple 6 ok (120ms)
  [56/70] entailment/simple 7 ok (95ms)
  [57/70] entailment/simple 8 ok (90ms)
  [58/70] entailment/sparqldl-01.rq: triple pattern ok (22ms)
  [59/70] entailment/sparqldl-02.rq: simple combined query ok (23ms)
  [60/70] entailment/sparqldl-03.rq: combined query with complex class description ok (31ms)
  [61/70] entailment/sparqldl-04.rq: bug fixing test ok (22ms)
  [62/70] entailment/sparqldl-05.rq: simple undistinguished variable test. ok (21ms)
  [63/70] entailment/sparqldl-06.rq: cycle of undistinguished variables ok (45ms)
  [64/70] entailment/sparqldl-07.rq: two distinguished variables + undist. ok (44ms)
  [65/70] entailment/sparqldl-08.rq: two distinguished variables + undist. ok (43ms)
  [66/70] entailment/sparqldl-09.rq: undist vars test ok (33ms)
  [67/70] entailment/sparqldl-10.rq: undist vars test ok (34ms)
  [68/70] entailment/sparqldl-11.rq: domain test ok (58ms)
  [69/70] entailment/sparqldl-12.rq: range test ok (56ms)
  [70/70] entailment/sparqldl-13.rq: sameAs ok (44ms)
  [1/6] exists/Exists with one constant ok
  [2/6] exists/Exists with ground triple ok
  [3/6] exists/Exists within graph pattern ok
  [4/6] exists/Nested positive exists ok
  [5/6] exists/Nested negative exists in positive exists ok
  [6/6] exists/GRAPH variable inside of EXISTS is bound to external variable ok
  [1/75] functions/STRDT() ok
  [2/75] functions/STRDT(STR()) ok
  [3/75] functions/STRDT() TypeErrors (updated for RDF 1.1) ok
  [4/75] functions/STRLANG() ok
  [5/75] functions/STRLANG(STR()) ok
  [6/75] functions/STRLANG() TypeErrors (updated for RDF 1.1) ok
  [7/75] functions/isNumeric() ok
  [8/75] functions/ABS() ok
  [9/75] functions/CEIL() ok
  [10/75] functions/FLOOR() ok
  [11/75] functions/ROUND() ok
  [12/75] functions/CONCAT() ok
  [13/75] functions/CONCAT() 2 ok
  [14/75] functions/CONCAT() without parameter ok
  [15/75] functions/CONCAT() with a single parameter ok
  [16/75] functions/SUBSTR() (3-argument) ok
  [17/75] functions/SUBSTR() (3-argument) on non-BMP unicode strings ok
  [18/75] functions/SUBSTR() (2-argument) ok
  [19/75] functions/SUBSTR() (2-argument) on non-BMP unicode strings ok
  [20/75] functions/STRLEN() ok
  [21/75] functions/STRLEN() on non-BMP unicode strings ok
  [22/75] functions/UCASE() ok
  [23/75] functions/UCASE() on non-BMP unicode strings ok
  [24/75] functions/LCASE() ok
  [25/75] functions/LCASE() on non-BMP unicode strings ok
  [26/75] functions/ENCODE_FOR_URI() ok
  [27/75] functions/ENCODE_FOR_URI() on non-BMP unicode strings ok
  [28/75] functions/CONTAINS() ok
  [29/75] functions/STRSTARTS() ok
  [30/75] functions/STRENDS() ok
  [31/75] functions/plus-1-corrected ok
  [32/75] functions/plus-2-corrected ok
  [33/75] functions/MD5() ok
  [34/75] functions/MD5() over Unicode data ok
  [35/75] functions/SHA1() ok
  [36/75] functions/SHA1() on Unicode data ok
  [37/75] functions/SHA256() ok
  [38/75] functions/SHA256() on Unicode data ok
  [39/75] functions/SHA384() ok
  [40/75] functions/SHA384() on Unicode data ok
  [41/75] functions/SHA512() ok
  [42/75] functions/SHA512() on Unicode data ok
  [43/75] functions/MINUTES() ok
  [44/75] functions/SECONDS() ok
  [45/75] functions/HOURS() ok
  [46/75] functions/MONTH() ok
  [47/75] functions/YEAR() ok
  [48/75] functions/DAY() ok
  [49/75] functions/TIMEZONE() ok
  [50/75] functions/TZ() ok
  [51/75] functions/BNODE(str) ok (13ms)
  [52/75] functions/BNODE() ok
  [53/75] functions/IN 1 ok
  [54/75] functions/IN 2 ok
  [55/75] functions/NOT IN 1 ok
  [56/75] functions/NOT IN 2 ok
  [57/75] functions/NOW() ok
  [58/75] functions/RAND() ok
  [59/75] functions/IRI()/URI() ok
  [60/75] functions/IRI()/URI() when the input is an IRI ok
  [61/75] functions/IF() ok
  [62/75] functions/IF() error propogation ok
  [63/75] functions/COALESCE() ok
  [64/75] functions/COALESCE() without arguments ok
  [65/75] functions/STRBEFORE() ok
  [66/75] functions/STRBEFORE() datatyping ok
  [67/75] functions/STRAFTER() ok
  [68/75] functions/STRAFTER() datatyping ok
  [69/75] functions/REPLACE() ok
  [70/75] functions/REPLACE() with overlapping pattern ok
  [71/75] functions/REPLACE() with captured substring ok
  [72/75] functions/REPLACE() with the 'i' option ok
  [73/75] functions/UUID() pattern match ok
  [74/75] functions/UUID() per binding ok
  [75/75] functions/STRUUID() pattern match ok
  [1/6] grouping/Group-1 ok
  [2/6] grouping/Group-3 ok
  [3/6] grouping/Group-4 ok
  [4/6] grouping/Group-5 ok
  [5/6] grouping/Group-6 ok
  [6/6] grouping/Group-7 ok
  [1/19] http-rdf-update/PUT - Initial state ok
  [2/19] http-rdf-update/GET of PUT - Initial state ok
  [3/19] http-rdf-update/PUT - graph already in store ok
  [4/19] http-rdf-update/GET of PUT - graph already in store ok
  [5/19] http-rdf-update/PUT - default graph ok
  [6/19] http-rdf-update/GET of PUT - default graph ok
  [7/19] http-rdf-update/PUT - mismatched payload ok
  [8/19] http-rdf-update/DELETE - existing graph ok
  [9/19] http-rdf-update/GET of DELETE - existing graph ok
  [10/19] http-rdf-update/DELETE - non-existent graph ok
  [11/19] http-rdf-update/POST - existing graph ok
  [12/19] http-rdf-update/GET of POST - existing graph ok
  [13/19] http-rdf-update/POST - multipart/form-data ok
  [14/19] http-rdf-update/GET of POST - multipart/form-data ok
  [15/19] http-rdf-update/POST - create new graph ok
  [16/19] http-rdf-update/GET of POST - create new graph ok
  [17/19] http-rdf-update/GET of POST - after noop ok
  [18/19] http-rdf-update/HEAD on an existing graph ok
  [19/19] http-rdf-update/HEAD on a non-existing graph ok
  [1/4] json-res/jsonres01 - JSON Result Format ok
  [2/4] json-res/jsonres02 - JSON Result Format ok
  [3/4] json-res/jsonres03 - JSON Result Format ok
  [4/4] json-res/jsonres04 - JSON Result Format ok
  [1/6] move/MOVE 1 ok
  [2/6] move/MOVE 2 ok
  [3/6] move/MOVE 3 ok
  [4/6] move/MOVE 4 ok
  [5/6] move/MOVE 6 ok
  [6/6] move/MOVE 7 ok
  [1/12] negation/Subsets by exclusion (NOT EXISTS) ok
  [2/12] negation/Subsets by exclusion (MINUS) ok
  [3/12] negation/Medical, temporal proximity by exclusion (NOT EXISTS) ok
  [4/12] negation/Calculate which sets are subsets of others (include A subsetOf A) ok
  [5/12] negation/Calculate which sets are subsets of others (exclude A subsetOf A) ok
  [6/12] negation/Calculate which sets have the same elements ok
  [7/12] negation/Calculate proper subset ok (11ms)
  [8/12] negation/Positive EXISTS 1 ok
  [9/12] negation/Positive EXISTS 2 ok
  [10/12] negation/Subtraction with MINUS from a fully bound minuend ok
  [11/12] negation/Subtraction with MINUS from a partially bound minuend ok
  [12/12] negation/outer GRAPH operator does not affect MINUS disjointness ok
  [1/7] project-expression/Expression is equality ok
  [2/7] project-expression/Expression raise an error ok
  [3/7] project-expression/Reuse a project expression variable in select ok
  [4/7] project-expression/Reuse a project expression variable in order by ok
  [5/7] project-expression/Expression may return no value ok
  [6/7] project-expression/Expression has undefined variable ok
  [7/7] project-expression/Expression has variable that may be unbound ok
  [1/33] property-path/(pp01) Simple path ok
  [2/33] property-path/(pp02) Star path ok
  [3/33] property-path/(pp03) Simple path with loop ok
  [4/33] property-path/(pp06) Path with two graphs ok
  [5/33] property-path/(pp07) Path with one graph ok
  [6/33] property-path/(pp08) Reverse path ok
  [7/33] property-path/(pp09) Reverse sequence path ok
  [8/33] property-path/(pp10) Path with negation ok
  [9/33] property-path/(pp11) Simple path and two paths to same target node ok
  [10/33] property-path/(pp12) Variable length path and two paths to same target node ok
  [11/33] property-path/(pp14) Star path over foaf:knows ok
  [12/33] property-path/(pp16) Duplicate paths and cycles through foaf:knows* ok
  [13/33] property-path/(pp21) Diamond -- :p+ ok
  [14/33] property-path/(pp23) Diamond, with tail -- :p+ ok
  [15/33] property-path/(pp25) Diamond, with loop -- :p+ ok
  [16/33] property-path/(pp28a) Diamond, with loop -- (:p/:p)? ok
  [17/33] property-path/(pp30) Operator precedence 1 ok
  [18/33] property-path/(pp31) Operator precedence 2 ok
  [19/33] property-path/(pp32) Operator precedence 3 ok
  [20/33] property-path/(pp33) Operator precedence 4 ok
  [21/33] property-path/(pp34) Named Graph 1 ok
  [22/33] property-path/(pp35) Named Graph 2 ok
  [23/33] property-path/(pp36) Arbitrary path with bound endpoints ok
  [24/33] property-path/(pp37) Nested (*)* ok
  [25/33] property-path/ZeroOrX property paths should only return terms in the graph and not also terms defined in the query ok
  [26/33] property-path/Negated Property Set with inverse properties ok
  [27/33] property-path/Negated Property Set with both direct and inverse properties ok
  [28/33] property-path/Negated Property Set with the rdf:type property written using 'a' ok
  [29/33] property-path/Negated Property Set with the inverse rdf:type property written using '^a' ok
  [30/33] property-path/* with start being a constant on the empty dataset ok
  [31/33] property-path/* with end being a constant on the empty dataset ok
  [32/33] property-path/? with start being a constant on the empty dataset ok
  [33/33] property-path/? with end being a constant on the empty dataset ok
  [1/34] protocol/query via URL-encoded POST ok
  [2/34] protocol/GET query with protocol-specified default graph ok
  [3/34] protocol/POST query with protocol-specified default graphs ok
  [4/34] protocol/POST query with protocol-specified named graphs ok
  [5/34] protocol/GET query with protocol-specified named graphs ok
  [6/34] protocol/query with protocol-specified dataset (both named and default graphs) ok
  [7/34] protocol/query specifying dataset in both query string and protocol; test for use of protocol-specified dataset ok
  [8/34] protocol/query via GET ok
  [9/34] protocol/query appropriate content type (expect one of: XML, JSON, CSV, TSV) ok
  [10/34] protocol/query appropriate content type (expect one of: XML, JSON) ok
  [11/34] protocol/query appropriate content type (expect one of: RDF/XML, Turtle, N-Triples, RDFa) ok
  [12/34] protocol/query appropriate content type (expect one of: RDF/XML, Turtle, N-Triples, RDFa) ok
  [13/34] protocol/update with protocol-specified default graph ok
  [14/34] protocol/update with protocol-specified default graphs ok
  [15/34] protocol/update with protocol-specified named graphs ok (11ms)
  [16/34] protocol/update with protocol-specified dataset (both named and default graphs) ok
  [17/34] protocol/update via URL-encoded POST ok
  [18/34] protocol/update via POST directly ok
  [19/34] protocol/test for service-defined BASE URI ("which MAY be the service endpoint") ok
  [20/34] protocol/query via POST directly ok
  [21/34] protocol/invoke query operation with a method other than GET or POST ok
  [22/34] protocol/invoke query operation with more than one query string ok
  [23/34] protocol/invoke query operation with a POST with media type that's not url-encoded or application/sparql-query ok
  [24/34] protocol/invoke query operation with url-encoded body, but without application/x-www-form-urlencoded media type ok
  [25/34] protocol/invoke query operation with SPARQL body, but without application/sparql-query media type ok
  [26/34] protocol/invoke query operation with direct POST, but with a non-UTF8 encoding (UTF-16) ok
  [27/34] protocol/invoke query operation with invalid query syntax (4XX result) ok
  [28/34] protocol/invoke update operation with GET ok
  [29/34] protocol/invoke update operation with more than one update string ok
  [30/34] protocol/invoke update operation with a POST with media type that's not url-encoded or application/sparql-update ok
  [31/34] protocol/invoke update operation with url-encoded body, but without application/x-www-form-urlencoded media type ok
  [32/34] protocol/invoke update operation with direct POST, but with a non-UTF8 encoding ok
  [33/34] protocol/invoke update operation with invalid update syntax ok
  [34/34] protocol/invoke update with both using-graph-uri/using-named-graph-uri parameter and USING/WITH clause ok
  [1/7] service/SERVICE test 1 ok
  [2/7] service/SERVICE test 2 ok
  [3/7] service/SERVICE test 3 ok
  [4/7] service/SERVICE test 4a with VALUES clause ok
  [5/7] service/SERVICE test 5 ok
  [6/7] service/SERVICE test 6 ok
  [7/7] service/SERVICE test 7 ok
  [1/3] service-description/Service description contains a matching sd:endpoint triple ok
  [2/3] service-description/GET on endpoint returns RDF ok
  [3/3] service-description/Service description conforms to schema ok
  [1/14] subquery/sq01 - Subquery within graph pattern ok
  [2/14] subquery/sq02 - Subquery within graph pattern, graph variable is bound ok
  [3/14] subquery/sq03 - Subquery within graph pattern, graph variable is not bound ok
  [4/14] subquery/sq04 - Subquery within graph pattern, default graph does not apply ok
  [5/14] subquery/sq05 - Subquery within graph pattern, from named applies ok
  [6/14] subquery/sq06 - Subquery with graph pattern, from named applies ok
  [7/14] subquery/sq07 - Subquery with from  ok
  [8/14] subquery/sq08 - Subquery with aggregate ok
  [9/14] subquery/sq09 - Nested Subqueries ok
  [10/14] subquery/sq10 - Subquery with exists ok
  [11/14] subquery/sq11 - Subquery limit per resource ok
  [12/14] subquery/sq12 - Subquery in CONSTRUCT with built-ins ok
  [13/14] subquery/sq13 - Subqueries don't inject bindings ok
  [14/14] subquery/sq14 - limit by resource ok
  [1/3] syntax-fed/syntax-service-01.rq ok
  [2/3] syntax-fed/syntax-service-02.rq ok
  [3/3] syntax-fed/syntax-service-03.rq ok
  [1/94] syntax-query/syntax-select-expr-01.rq ok
  [2/94] syntax-query/syntax-select-expr-02.rq ok
  [3/94] syntax-query/syntax-select-expr-03.rq ok
  [4/94] syntax-query/syntax-select-expr-04.rq ok
  [5/94] syntax-query/syntax-select-expr-05.rq ok
  [6/94] syntax-query/syntax-aggregate-01.rq ok
  [7/94] syntax-query/syntax-aggregate-02.rq ok
  [8/94] syntax-query/syntax-aggregate-03.rq ok
  [9/94] syntax-query/syntax-aggregate-04.rq ok
  [10/94] syntax-query/syntax-aggregate-05.rq ok
  [11/94] syntax-query/syntax-aggregate-06.rq ok
  [12/94] syntax-query/syntax-aggregate-07.rq ok
  [13/94] syntax-query/syntax-aggregate-08.rq ok
  [14/94] syntax-query/syntax-aggregate-09.rq ok
  [15/94] syntax-query/syntax-aggregate-10.rq ok
  [16/94] syntax-query/syntax-aggregate-11.rq ok
  [17/94] syntax-query/syntax-aggregate-12.rq ok
  [18/94] syntax-query/syntax-aggregate-13.rq ok
  [19/94] syntax-query/syntax-aggregate-14.rq ok
  [20/94] syntax-query/syntax-aggregate-15.rq ok
  [21/94] syntax-query/syntax-subquery-01.rq ok
  [22/94] syntax-query/syntax-subquery-02.rq ok
  [23/94] syntax-query/syntax-subquery-03.rq ok
  [24/94] syntax-query/syntax-not-exists-01.rq ok
  [25/94] syntax-query/syntax-not-exists-02.rq ok
  [26/94] syntax-query/syntax-not-exists-03.rq ok
  [27/94] syntax-query/syntax-exists-01.rq ok
  [28/94] syntax-query/syntax-exists-02.rq ok
  [29/94] syntax-query/syntax-exists-03.rq ok
  [30/94] syntax-query/syntax-minus-01.rq ok
  [31/94] syntax-query/syntax-oneof-01.rq ok
  [32/94] syntax-query/syntax-oneof-02.rq ok
  [33/94] syntax-query/syntax-oneof-03.rq ok
  [34/94] syntax-query/syntax-bindingBINDscopes-01.rq ok
  [35/94] syntax-query/syntax-bindings-02a.rq with VALUES clause ok
  [36/94] syntax-query/syntax-bindings-03a.rq with VALUES clause ok
  [37/94] syntax-query/syntax-bindings-05a.rq with VALUES clause ok
  [38/94] syntax-query/syntax-bind-02.rq ok
  [39/94] syntax-query/syntax-construct-where-01.rq ok
  [40/94] syntax-query/syntax-construct-where-02.rq ok
  [41/94] syntax-query/syn-bad-01.rq ok
  [42/94] syntax-query/syn-bad-02.rq ok
  [43/94] syntax-query/syn-bad-03.rq ok
  [44/94] syntax-query/syn-bad-04.rq ok
  [45/94] syntax-query/syn-bad-05.rq ok
  [46/94] syntax-query/syn-bad-06.rq ok
  [47/94] syntax-query/syn-bad-07.rq ok
  [48/94] syntax-query/syn-bad-08.rq ok
  [49/94] syntax-query/syntax-bindings-09.rq ok
  [50/94] syntax-query/PrefixName with hex-encoded colons ok
  [51/94] syntax-query/PrefixName with unescaped colons ok
  [52/94] syntax-query/syntax-BINDscope1.rq ok
  [53/94] syntax-query/syntax-BINDscope2.rq ok
  [54/94] syntax-query/syntax-BINDscope3.rq ok
  [55/94] syntax-query/syntax-BINDscope4.rq ok
  [56/94] syntax-query/syntax-BINDscope5.rq ok
  [57/94] syntax-query/syntax-BINDscope6.rq ok
  [58/94] syntax-query/syntax-BINDscope7.rq ok
  [59/94] syntax-query/syntax-BINDscope8.rq ok
  [60/94] syntax-query/syntax-propertyPaths-01.rq ok
  [61/94] syntax-query/syntax-SELECTscope1.rq ok
  [62/94] syntax-query/syntax-SELECTscope2 ok
  [63/94] syntax-query/syntax-SELECTscope3.rq ok
  [64/94] syntax-query/syn-pname-01 ok
  [65/94] syntax-query/syn-pname-02 ok
  [66/94] syntax-query/syn-pname-03 ok
  [67/94] syntax-query/syn-pname-04 ok
  [68/94] syntax-query/syn-pname-05 ok
  [69/94] syntax-query/syn-pname-06 ok
  [70/94] syntax-query/syn-pname-07 ok
  [71/94] syntax-query/syn-pname-08 ok
  [72/94] syntax-query/syn-pname-09 ok
  [73/94] syntax-query/syn-bad-pname-01 ok
  [74/94] syntax-query/syn-bad-pname-02 ok
  [75/94] syntax-query/syn-bad-pname-03 ok
  [76/94] syntax-query/syn-bad-pname-04 ok
  [77/94] syntax-query/syn-bad-pname-05 ok
  [78/94] syntax-query/syn-bad-pname-06 ok
  [79/94] syntax-query/syn-bad-pname-07 ok
  [80/94] syntax-query/syn-bad-pname-08 ok
  [81/94] syntax-query/syn-bad-pname-09 ok
  [82/94] syntax-query/syn-bad-pname-10 ok
  [83/94] syntax-query/syn-bad-pname-11 ok
  [84/94] syntax-query/syn-bad-pname-12 ok
  [85/94] syntax-query/syn-bad-pname-13 ok
  [86/94] syntax-query/syn-pp-in-collection ok
  [87/94] syntax-query/\U unicode codepoint escaping in literal ok
  [88/94] syntax-query/Invalid multi-pass codepoint escaping (\u then \U) ok
  [89/94] syntax-query/Invalid multi-pass codepoint escaping (\U then \u) ok
  [90/94] syntax-query/utf8 literal using codepoints at notable unicode boundaries ok
  [91/94] syntax-query/\U and \u unicode codepoint escaping in literal using codepoints at notable unicode boundaries ok
  [92/94] syntax-query/\u unicode codepoint escaping in literal using partial surrogate pair ok
  [93/94] syntax-query/Too few values in a VALUE clause compared to the number of variables ok
  [94/94] syntax-query/Too many values in a VALUE clause compared to the number of variables ok
  [1/54] syntax-update-1/syntax-update-01.ru ok
  [2/54] syntax-update-1/syntax-update-02.ru ok
  [3/54] syntax-update-1/syntax-update-03.ru ok
  [4/54] syntax-update-1/syntax-update-04.ru ok
  [5/54] syntax-update-1/syntax-update-05.ru ok
  [6/54] syntax-update-1/syntax-update-06.ru ok
  [7/54] syntax-update-1/syntax-update-07.ru ok
  [8/54] syntax-update-1/syntax-update-08.ru ok
  [9/54] syntax-update-1/syntax-update-09.ru ok
  [10/54] syntax-update-1/syntax-update-10.ru ok
  [11/54] syntax-update-1/syntax-update-11.ru ok
  [12/54] syntax-update-1/syntax-update-12.ru ok
  [13/54] syntax-update-1/syntax-update-13.ru ok
  [14/54] syntax-update-1/syntax-update-14.ru ok
  [15/54] syntax-update-1/syntax-update-15.ru ok
  [16/54] syntax-update-1/syntax-update-16.ru ok
  [17/54] syntax-update-1/syntax-update-17.ru ok
  [18/54] syntax-update-1/syntax-update-18.ru ok
  [19/54] syntax-update-1/syntax-update-19.ru ok
  [20/54] syntax-update-1/syntax-update-20.ru ok
  [21/54] syntax-update-1/syntax-update-21.ru ok
  [22/54] syntax-update-1/syntax-update-22.ru ok
  [23/54] syntax-update-1/syntax-update-23.ru ok
  [24/54] syntax-update-1/syntax-update-24.ru ok
  [25/54] syntax-update-1/syntax-update-25.ru ok
  [26/54] syntax-update-1/syntax-update-26.ru ok
  [27/54] syntax-update-1/syntax-update-27.ru ok
  [28/54] syntax-update-1/syntax-update-28.ru ok
  [29/54] syntax-update-1/syntax-update-29.ru ok
  [30/54] syntax-update-1/syntax-update-30.ru ok
  [31/54] syntax-update-1/syntax-update-31.ru ok
  [32/54] syntax-update-1/syntax-update-32.ru ok
  [33/54] syntax-update-1/syntax-update-33.ru ok
  [34/54] syntax-update-1/syntax-update-34.ru ok
  [35/54] syntax-update-1/syntax-update-35.ru ok
  [36/54] syntax-update-1/syntax-update-36.ru ok
  [37/54] syntax-update-1/syntax-update-37.ru ok
  [38/54] syntax-update-1/syntax-update-38.ru ok
  [39/54] syntax-update-1/syntax-update-39.ru ok
  [40/54] syntax-update-1/syntax-update-40.ru ok
  [41/54] syntax-update-1/syntax-update-bad-01.ru ok
  [42/54] syntax-update-1/syntax-update-bad-02.ru ok
  [43/54] syntax-update-1/syntax-update-bad-03.ru ok
  [44/54] syntax-update-1/syntax-update-bad-04.ru ok
  [45/54] syntax-update-1/syntax-update-bad-05.ru ok
  [46/54] syntax-update-1/syntax-update-bad-06.ru ok
  [47/54] syntax-update-1/syntax-update-bad-07.ru ok
  [48/54] syntax-update-1/syntax-update-bad-08.ru ok
  [49/54] syntax-update-1/syntax-update-bad-09.ru ok
  [50/54] syntax-update-1/syntax-update-bad-10.ru ok
  [51/54] syntax-update-1/syntax-update-bad-11.ru ok
  [52/54] syntax-update-1/syntax-update-bad-12.ru ok
  [53/54] syntax-update-1/syntax-update-53.ru ok
  [54/54] syntax-update-1/syntax-update-54.ru ok
  [1/1] syntax-update-2/syntax-update-other-01 ok (21ms)
  [1/13] update-silent/LOAD SILENT ok
  [2/13] update-silent/LOAD SILENT INTO ok
  [3/13] update-silent/CLEAR SILENT GRAPH iri ok
  [4/13] update-silent/CLEAR SILENT DEFAULT ok
  [5/13] update-silent/CREATE SILENT iri ok
  [6/13] update-silent/DROP SILENT GRAPH iri ok
  [7/13] update-silent/DROP SILENT DEFAULT ok
  [8/13] update-silent/COPY SILENT ok
  [9/13] update-silent/COPY SILENT TO DEFAULT ok
  [10/13] update-silent/MOVE SILENT ok
  [11/13] update-silent/MOVE SILENT TO DEFAULT ok
  [12/13] update-silent/ADD SILENT ok
  [13/13] update-silent/ADD SILENT TO DEFAULT ok
  [1/39] rdf-mt/datatypes-intensional-xsd-integer-decimal-compatible ok
  [2/39] rdf-mt/datatypes-non-well-formed-literal-1 ok
  [3/39] rdf-mt/datatypes-non-well-formed-literal-2 ok
  [4/39] rdf-mt/datatypes-semantic-equivalence-within-type-1 ok
  [5/39] rdf-mt/datatypes-semantic-equivalence-within-type-2 ok
  [6/39] rdf-mt/datatypes-semantic-equivalence-between-datatypes ok
  [7/39] rdf-mt/datatypes-range-clash ok
  [8/39] rdf-mt/datatypes-test008 ok
  [9/39] rdf-mt/datatypes-test009 ok
  [10/39] rdf-mt/datatypes-test010 ok
  [11/39] rdf-mt/datatypes-plain-literal-and-xsd-string ok
  [12/39] rdf-mt/horst-01-subClassOf-intensional ok
  [13/39] rdf-mt/horst-01-subPropertyOf-intensional ok
  [14/39] rdf-mt/rdf-charmod-uris-test003 ok
  [15/39] rdf-mt/rdf-charmod-uris-test004 ok
  [16/39] rdf-mt/rdfms-seq-representation-test002 ok
  [17/39] rdf-mt/rdfms-seq-representation-test003 ok
  [18/39] rdf-mt/rdfms-seq-representation-test004 ok
  [19/39] rdf-mt/rdfms-xmllang-test007a ok
  [20/39] rdf-mt/rdfms-xmllang-test007b ok
  [21/39] rdf-mt/rdfms-xmllang-test007c ok
  [22/39] rdf-mt/rdfs-container-membership-superProperty-test001 ok
  [23/39] rdf-mt/rdfs-domain-and-range-intensionality-range ok
  [24/39] rdf-mt/rdfs-domain-and-range-intensionality-domain ok
  [25/39] rdf-mt/rdfs-entailment-test001 unsup
  [26/39] rdf-mt/rdfs-entailment-test002 ok
  [27/39] rdf-mt/rdfs-no-cycles-in-subClassOf-test001 ok
  [28/39] rdf-mt/rdfs-no-cycles-in-subPropertyOf-test001 ok
  [29/39] rdf-mt/rdfs-subClassOf-a-Property-test001 ok
  [30/39] rdf-mt/rdfs-subPropertyOf-semantics-test001 ok
  [31/39] rdf-mt/statement-entailment-test001 ok
  [32/39] rdf-mt/statement-entailment-test002 ok
  [33/39] rdf-mt/statement-entailment-test003 ok
  [34/39] rdf-mt/statement-entailment-test004 ok
  [35/39] rdf-mt/tex-01-language-tag-case-1 ok
  [36/39] rdf-mt/tex-01-language-tag-case-2 ok
  [37/39] rdf-mt/xmlsch-02-whitespace-facet-1 ok
  [38/39] rdf-mt/xmlsch-02-whitespace-facet-2 ok
  [39/39] rdf-mt/xmlsch-02-whitespace-facet-4 ok
  [1/87] rdf-n-quads/nq-syntax-uri-01 ok
  [2/87] rdf-n-quads/nq-syntax-uri-02 ok
  [3/87] rdf-n-quads/nq-syntax-uri-03 ok
  [4/87] rdf-n-quads/nq-syntax-uri-04 ok
  [5/87] rdf-n-quads/nq-syntax-uri-05 ok
  [6/87] rdf-n-quads/nq-syntax-uri-06 ok
  [7/87] rdf-n-quads/nq-syntax-bnode-01 ok
  [8/87] rdf-n-quads/nq-syntax-bnode-02 ok
  [9/87] rdf-n-quads/nq-syntax-bnode-03 ok
  [10/87] rdf-n-quads/nq-syntax-bnode-04 ok
  [11/87] rdf-n-quads/nq-syntax-bnode-05 ok
  [12/87] rdf-n-quads/nq-syntax-bnode-06 ok
  [13/87] rdf-n-quads/nq-syntax-bad-literal-01 ok
  [14/87] rdf-n-quads/nq-syntax-bad-literal-02 ok
  [15/87] rdf-n-quads/nq-syntax-bad-literal-03 ok
  [16/87] rdf-n-quads/nq-syntax-bad-uri-01 ok
  [17/87] rdf-n-quads/nq-syntax-bad-quint-01 ok
  [18/87] rdf-n-quads/nt-syntax-file-01 ok
  [19/87] rdf-n-quads/nt-syntax-file-02 ok
  [20/87] rdf-n-quads/nt-syntax-file-03 ok
  [21/87] rdf-n-quads/nt-syntax-uri-01 ok
  [22/87] rdf-n-quads/nt-syntax-uri-02 ok
  [23/87] rdf-n-quads/nt-syntax-uri-03 ok
  [24/87] rdf-n-quads/nt-syntax-uri-04 ok
  [25/87] rdf-n-quads/nt-syntax-string-01 ok
  [26/87] rdf-n-quads/nt-syntax-string-02 ok
  [27/87] rdf-n-quads/nt-syntax-string-03 ok
  [28/87] rdf-n-quads/nt-syntax-str-esc-01 ok
  [29/87] rdf-n-quads/nt-syntax-str-esc-02 ok
  [30/87] rdf-n-quads/nt-syntax-str-esc-03 ok
  [31/87] rdf-n-quads/nt-syntax-bnode-01 ok
  [32/87] rdf-n-quads/nt-syntax-bnode-02 ok
  [33/87] rdf-n-quads/nt-syntax-bnode-03 ok
  [34/87] rdf-n-quads/nt-syntax-datatypes-01 ok
  [35/87] rdf-n-quads/nt-syntax-datatypes-02 ok
  [36/87] rdf-n-quads/nt-syntax-bad-uri-01 ok
  [37/87] rdf-n-quads/nt-syntax-bad-uri-02 ok
  [38/87] rdf-n-quads/nt-syntax-bad-uri-03 ok
  [39/87] rdf-n-quads/nt-syntax-bad-uri-04 ok
  [40/87] rdf-n-quads/nt-syntax-bad-uri-05 ok
  [41/87] rdf-n-quads/nt-syntax-bad-uri-06 ok
  [42/87] rdf-n-quads/nt-syntax-bad-uri-07 ok
  [43/87] rdf-n-quads/nt-syntax-bad-uri-08 ok
  [44/87] rdf-n-quads/nt-syntax-bad-uri-09 ok
  [45/87] rdf-n-quads/nt-syntax-bad-prefix-01 ok
  [46/87] rdf-n-quads/nt-syntax-bad-base-01 ok
  [47/87] rdf-n-quads/nt-syntax-bad-bnode-01 ok
  [48/87] rdf-n-quads/nt-syntax-bad-bnode-02 ok
  [49/87] rdf-n-quads/nt-syntax-bad-struct-01 ok
  [50/87] rdf-n-quads/nt-syntax-bad-struct-02 ok
  [51/87] rdf-n-quads/nt-syntax-bad-lang-01 ok
  [52/87] rdf-n-quads/nt-syntax-bad-esc-01 ok
  [53/87] rdf-n-quads/nt-syntax-bad-esc-02 ok
  [54/87] rdf-n-quads/nt-syntax-bad-esc-03 ok
  [55/87] rdf-n-quads/nt-syntax-bad-string-01 ok
  [56/87] rdf-n-quads/nt-syntax-bad-string-02 ok
  [57/87] rdf-n-quads/nt-syntax-bad-string-03 ok
  [58/87] rdf-n-quads/nt-syntax-bad-string-04 ok
  [59/87] rdf-n-quads/nt-syntax-bad-string-05 ok
  [60/87] rdf-n-quads/nt-syntax-bad-string-06 ok
  [61/87] rdf-n-quads/nt-syntax-bad-string-07 ok
  [62/87] rdf-n-quads/nt-syntax-bad-num-01 ok
  [63/87] rdf-n-quads/nt-syntax-bad-num-02 ok
  [64/87] rdf-n-quads/nt-syntax-bad-num-03 ok
  [65/87] rdf-n-quads/nt-syntax-subm-01 ok
  [66/87] rdf-n-quads/comment_following_triple ok
  [67/87] rdf-n-quads/literal ok
  [68/87] rdf-n-quads/literal_all_controls ok
  [69/87] rdf-n-quads/literal_all_punctuation ok
  [70/87] rdf-n-quads/literal_ascii_boundaries ok
  [71/87] rdf-n-quads/literal_with_2_dquotes ok
  [72/87] rdf-n-quads/literal_with_2_squotes ok
  [73/87] rdf-n-quads/literal_with_BACKSPACE ok
  [74/87] rdf-n-quads/literal_with_CARRIAGE_RETURN ok
  [75/87] rdf-n-quads/literal_with_CHARACTER_TABULATION ok
  [76/87] rdf-n-quads/literal_with_dquote ok
  [77/87] rdf-n-quads/literal_with_FORM_FEED ok
  [78/87] rdf-n-quads/literal_with_LINE_FEED ok
  [79/87] rdf-n-quads/literal_with_numeric_escape4 ok
  [80/87] rdf-n-quads/literal_with_numeric_escape8 ok
  [81/87] rdf-n-quads/literal_with_REVERSE_SOLIDUS ok
  [82/87] rdf-n-quads/literal_with_REVERSE_SOLIDUS2 ok
  [83/87] rdf-n-quads/literal_with_squote ok
  [84/87] rdf-n-quads/literal_with_UTF8_boundaries ok
  [85/87] rdf-n-quads/langtagged_string ok
  [86/87] rdf-n-quads/lantag_with_subtag ok
  [87/87] rdf-n-quads/minimal_whitespace ok
  [1/70] rdf-n-triples/nt-syntax-file-01 ok
  [2/70] rdf-n-triples/nt-syntax-file-02 ok
  [3/70] rdf-n-triples/nt-syntax-file-03 ok
  [4/70] rdf-n-triples/nt-syntax-uri-01 ok
  [5/70] rdf-n-triples/nt-syntax-uri-02 ok
  [6/70] rdf-n-triples/nt-syntax-uri-03 ok
  [7/70] rdf-n-triples/nt-syntax-uri-04 ok
  [8/70] rdf-n-triples/nt-syntax-string-01 ok
  [9/70] rdf-n-triples/nt-syntax-string-02 ok
  [10/70] rdf-n-triples/nt-syntax-string-03 ok
  [11/70] rdf-n-triples/nt-syntax-str-esc-01 ok
  [12/70] rdf-n-triples/nt-syntax-str-esc-02 ok
  [13/70] rdf-n-triples/nt-syntax-str-esc-03 ok
  [14/70] rdf-n-triples/nt-syntax-bnode-01 ok
  [15/70] rdf-n-triples/nt-syntax-bnode-02 ok
  [16/70] rdf-n-triples/nt-syntax-bnode-03 ok
  [17/70] rdf-n-triples/nt-syntax-datatypes-01 ok
  [18/70] rdf-n-triples/nt-syntax-datatypes-02 ok
  [19/70] rdf-n-triples/nt-syntax-bad-uri-01 ok
  [20/70] rdf-n-triples/nt-syntax-bad-uri-02 ok
  [21/70] rdf-n-triples/nt-syntax-bad-uri-03 ok
  [22/70] rdf-n-triples/nt-syntax-bad-uri-04 ok
  [23/70] rdf-n-triples/nt-syntax-bad-uri-05 ok
  [24/70] rdf-n-triples/nt-syntax-bad-uri-06 ok
  [25/70] rdf-n-triples/nt-syntax-bad-uri-07 ok
  [26/70] rdf-n-triples/nt-syntax-bad-uri-08 ok
  [27/70] rdf-n-triples/nt-syntax-bad-uri-09 ok
  [28/70] rdf-n-triples/nt-syntax-bad-prefix-01 ok
  [29/70] rdf-n-triples/nt-syntax-bad-base-01 ok
  [30/70] rdf-n-triples/nt-syntax-bad-bnode-01 ok
  [31/70] rdf-n-triples/nt-syntax-bad-bnode-02 ok
  [32/70] rdf-n-triples/nt-syntax-bad-struct-01 ok
  [33/70] rdf-n-triples/nt-syntax-bad-struct-02 ok
  [34/70] rdf-n-triples/nt-syntax-bad-lang-01 ok
  [35/70] rdf-n-triples/nt-syntax-bad-esc-01 ok
  [36/70] rdf-n-triples/nt-syntax-bad-esc-02 ok
  [37/70] rdf-n-triples/nt-syntax-bad-esc-03 ok
  [38/70] rdf-n-triples/nt-syntax-bad-string-01 ok
  [39/70] rdf-n-triples/nt-syntax-bad-string-02 ok
  [40/70] rdf-n-triples/nt-syntax-bad-string-03 ok
  [41/70] rdf-n-triples/nt-syntax-bad-string-04 ok
  [42/70] rdf-n-triples/nt-syntax-bad-string-05 ok
  [43/70] rdf-n-triples/nt-syntax-bad-string-06 ok
  [44/70] rdf-n-triples/nt-syntax-bad-string-07 ok
  [45/70] rdf-n-triples/nt-syntax-bad-num-01 ok
  [46/70] rdf-n-triples/nt-syntax-bad-num-02 ok
  [47/70] rdf-n-triples/nt-syntax-bad-num-03 ok
  [48/70] rdf-n-triples/nt-syntax-subm-01 ok
  [49/70] rdf-n-triples/comment_following_triple ok
  [50/70] rdf-n-triples/literal ok
  [51/70] rdf-n-triples/literal_all_controls ok
  [52/70] rdf-n-triples/literal_all_punctuation ok
  [53/70] rdf-n-triples/literal_ascii_boundaries ok
  [54/70] rdf-n-triples/literal_with_2_dquotes ok
  [55/70] rdf-n-triples/literal_with_2_squotes ok
  [56/70] rdf-n-triples/literal_with_BACKSPACE ok
  [57/70] rdf-n-triples/literal_with_CARRIAGE_RETURN ok
  [58/70] rdf-n-triples/literal_with_CHARACTER_TABULATION ok
  [59/70] rdf-n-triples/literal_with_dquote ok
  [60/70] rdf-n-triples/literal_with_FORM_FEED ok
  [61/70] rdf-n-triples/literal_with_LINE_FEED ok
  [62/70] rdf-n-triples/literal_with_numeric_escape4 ok
  [63/70] rdf-n-triples/literal_with_numeric_escape8 ok
  [64/70] rdf-n-triples/literal_with_REVERSE_SOLIDUS ok
  [65/70] rdf-n-triples/literal_with_REVERSE_SOLIDUS2 ok
  [66/70] rdf-n-triples/literal_with_squote ok
  [67/70] rdf-n-triples/literal_with_UTF8_boundaries ok
  [68/70] rdf-n-triples/langtagged_string ok
  [69/70] rdf-n-triples/lantag_with_subtag ok
  [70/70] rdf-n-triples/minimal_whitespace ok
  [1/356] rdf-trig/anonymous_blank_node_graph ok
  [2/356] rdf-trig/labeled_blank_node_graph ok
  [3/356] rdf-trig/alternating_iri_graphs ok
  [4/356] rdf-trig/alternating_bnode_graphs ok
  [5/356] rdf-trig/trig-syntax-bad-base-04 ok
  [6/356] rdf-trig/trig-syntax-bad-base-05 ok
  [7/356] rdf-trig/trig-syntax-bad-prefix-06 ok
  [8/356] rdf-trig/trig-syntax-bad-prefix-07 ok
  [9/356] rdf-trig/trig-syntax-struct-06 ok
  [10/356] rdf-trig/trig-syntax-struct-07 ok
  [11/356] rdf-trig/trig-syntax-minimal-whitespace-01 ok
  [12/356] rdf-trig/IRI_subject ok
  [13/356] rdf-trig/IRI_with_four_digit_numeric_escape ok
  [14/356] rdf-trig/IRI_with_eight_digit_numeric_escape ok
  [15/356] rdf-trig/IRI_with_all_punctuation ok
  [16/356] rdf-trig/bareword_a_predicate ok
  [17/356] rdf-trig/old_style_prefix ok
  [18/356] rdf-trig/SPARQL_style_prefix ok
  [19/356] rdf-trig/prefixed_IRI_predicate ok
  [20/356] rdf-trig/prefixed_IRI_object ok
  [21/356] rdf-trig/prefix_only_IRI ok
  [22/356] rdf-trig/prefix_with_PN_CHARS_BASE_character_boundaries ok
  [23/356] rdf-trig/prefix_with_non_leading_extras ok
  [24/356] rdf-trig/default_namespace_IRI ok
  [25/356] rdf-trig/prefix_reassigned_and_used ok
  [26/356] rdf-trig/reserved_escaped_localName ok
  [27/356] rdf-trig/percent_escaped_localName ok
  [28/356] rdf-trig/HYPHEN_MINUS_in_localName ok
  [29/356] rdf-trig/underscore_in_localName ok
  [30/356] rdf-trig/localname_with_COLON ok
  [31/356] rdf-trig/localName_with_assigned_nfc_bmp_PN_CHARS_BASE_character_boundaries ok
  [32/356] rdf-trig/localName_with_assigned_nfc_PN_CHARS_BASE_character_boundaries ok
  [33/356] rdf-trig/localName_with_nfc_PN_CHARS_BASE_character_boundaries ok
  [34/356] rdf-trig/localName_with_leading_underscore ok
  [35/356] rdf-trig/localName_with_leading_digit ok
  [36/356] rdf-trig/localName_with_non_leading_extras ok
  [37/356] rdf-trig/old_style_base ok
  [38/356] rdf-trig/SPARQL_style_base ok
  [39/356] rdf-trig/labeled_blank_node_subject ok
  [40/356] rdf-trig/labeled_blank_node_object ok
  [41/356] rdf-trig/labeled_blank_node_with_PN_CHARS_BASE_character_boundaries ok
  [42/356] rdf-trig/labeled_blank_node_with_leading_underscore ok
  [43/356] rdf-trig/labeled_blank_node_with_leading_digit ok
  [44/356] rdf-trig/labeled_blank_node_with_non_leading_extras ok
  [45/356] rdf-trig/anonymous_blank_node_subject ok
  [46/356] rdf-trig/anonymous_blank_node_object ok
  [47/356] rdf-trig/sole_blankNodePropertyList ok
  [48/356] rdf-trig/blankNodePropertyList_as_subject ok
  [49/356] rdf-trig/blankNodePropertyList_as_object ok
  [50/356] rdf-trig/blankNodePropertyList_as_object_containing_objectList ok
  [51/356] rdf-trig/blankNodePropertyList_as_object_containing_objectList_of_two_objects ok
  [52/356] rdf-trig/blankNodePropertyList_with_multiple_triples ok
  [53/356] rdf-trig/nested_blankNodePropertyLists ok
  [54/356] rdf-trig/blankNodePropertyList_containing_collection ok
  [55/356] rdf-trig/collection_subject ok
  [56/356] rdf-trig/collection_object ok
  [57/356] rdf-trig/empty_collection ok
  [58/356] rdf-trig/nested_collection ok
  [59/356] rdf-trig/first ok
  [60/356] rdf-trig/last ok
  [61/356] rdf-trig/LITERAL1 ok
  [62/356] rdf-trig/LITERAL1_ascii_boundaries ok
  [63/356] rdf-trig/LITERAL1_with_UTF8_boundaries ok
  [64/356] rdf-trig/LITERAL1_all_controls ok
  [65/356] rdf-trig/LITERAL1_all_punctuation ok
  [66/356] rdf-trig/LITERAL_LONG1 ok
  [67/356] rdf-trig/LITERAL_LONG1_ascii_boundaries ok
  [68/356] rdf-trig/LITERAL_LONG1_with_UTF8_boundaries ok
  [69/356] rdf-trig/LITERAL_LONG1_with_1_squote ok
  [70/356] rdf-trig/LITERAL_LONG1_with_2_squotes ok
  [71/356] rdf-trig/LITERAL2 ok
  [72/356] rdf-trig/LITERAL2_ascii_boundaries ok
  [73/356] rdf-trig/LITERAL2_with_UTF8_boundaries ok
  [74/356] rdf-trig/LITERAL_LONG2 ok
  [75/356] rdf-trig/LITERAL_LONG2_ascii_boundaries ok
  [76/356] rdf-trig/LITERAL_LONG2_with_UTF8_boundaries ok
  [77/356] rdf-trig/LITERAL_LONG2_with_1_squote ok
  [78/356] rdf-trig/LITERAL_LONG2_with_2_squotes ok
  [79/356] rdf-trig/literal_with_CHARACTER_TABULATION ok
  [80/356] rdf-trig/literal_with_BACKSPACE ok
  [81/356] rdf-trig/literal_with_LINE_FEED ok
  [82/356] rdf-trig/literal_with_CARRIAGE_RETURN ok
  [83/356] rdf-trig/literal_with_FORM_FEED ok
  [84/356] rdf-trig/literal_with_REVERSE_SOLIDUS ok
  [85/356] rdf-trig/literal_with_escaped_CHARACTER_TABULATION ok
  [86/356] rdf-trig/literal_with_escaped_BACKSPACE ok
  [87/356] rdf-trig/literal_with_escaped_LINE_FEED ok
  [88/356] rdf-trig/literal_with_escaped_CARRIAGE_RETURN ok
  [89/356] rdf-trig/literal_with_escaped_FORM_FEED ok
  [90/356] rdf-trig/literal_with_numeric_escape4 ok
  [91/356] rdf-trig/literal_with_numeric_escape8 ok
  [92/356] rdf-trig/IRIREF_datatype ok
  [93/356] rdf-trig/prefixed_name_datatype ok
  [94/356] rdf-trig/bareword_integer ok
  [95/356] rdf-trig/bareword_decimal ok
  [96/356] rdf-trig/bareword_double ok
  [97/356] rdf-trig/double_lower_case_e ok
  [98/356] rdf-trig/negative_numeric ok
  [99/356] rdf-trig/positive_numeric ok
  [100/356] rdf-trig/numeric_with_leading_0 ok
  [101/356] rdf-trig/literal_true ok
  [102/356] rdf-trig/literal_false ok
  [103/356] rdf-trig/langtagged_non_LONG ok
  [104/356] rdf-trig/langtagged_LONG ok
  [105/356] rdf-trig/lantag_with_subtag ok
  [106/356] rdf-trig/objectList_with_two_objects ok
  [107/356] rdf-trig/predicateObjectList_with_two_objectLists ok
  [108/356] rdf-trig/predicateObjectList_with_blankNodePropertyList_as_object ok
  [109/356] rdf-trig/repeated_semis_at_end ok
  [110/356] rdf-trig/repeated_semis_not_at_end ok
  [111/356] rdf-trig/comment_following_localName ok
  [112/356] rdf-trig/number_sign_following_localName ok
  [113/356] rdf-trig/comment_following_PNAME_NS ok
  [114/356] rdf-trig/number_sign_following_PNAME_NS ok
  [115/356] rdf-trig/LITERAL_LONG2_with_REVERSE_SOLIDUS ok
  [116/356] rdf-trig/trig-syntax-bad-num-05 ok
  [117/356] rdf-trig/two_LITERAL_LONG2s ok
  [118/356] rdf-trig/langtagged_LONG_with_subtag ok
  [119/356] rdf-trig/trig-syntax-file-01 ok
  [120/356] rdf-trig/trig-syntax-file-02 ok
  [121/356] rdf-trig/trig-syntax-file-03 ok
  [122/356] rdf-trig/trig-syntax-uri-01 ok
  [123/356] rdf-trig/trig-syntax-uri-02 ok
  [124/356] rdf-trig/trig-syntax-uri-03 ok
  [125/356] rdf-trig/trig-syntax-uri-04 ok
  [126/356] rdf-trig/trig-syntax-base-01 ok
  [127/356] rdf-trig/trig-syntax-base-02 ok
  [128/356] rdf-trig/trig-syntax-base-03 ok
  [129/356] rdf-trig/trig-syntax-base-04 ok
  [130/356] rdf-trig/trig-syntax-prefix-01 ok
  [131/356] rdf-trig/trig-syntax-prefix-02 ok
  [132/356] rdf-trig/trig-syntax-prefix-03 ok
  [133/356] rdf-trig/trig-syntax-prefix-04 ok
  [134/356] rdf-trig/trig-syntax-prefix-05 ok
  [135/356] rdf-trig/trig-syntax-prefix-06 ok
  [136/356] rdf-trig/trig-syntax-prefix-07 ok
  [137/356] rdf-trig/trig-syntax-prefix-08 ok
  [138/356] rdf-trig/trig-syntax-prefix-09 ok
  [139/356] rdf-trig/trig-syntax-string-01 ok
  [140/356] rdf-trig/trig-syntax-string-02 ok
  [141/356] rdf-trig/trig-syntax-string-03 ok
  [142/356] rdf-trig/trig-syntax-string-04 ok
  [143/356] rdf-trig/trig-syntax-string-05 ok
  [144/356] rdf-trig/trig-syntax-string-06 ok
  [145/356] rdf-trig/trig-syntax-string-07 ok
  [146/356] rdf-trig/trig-syntax-string-08 ok
  [147/356] rdf-trig/trig-syntax-string-09 ok
  [148/356] rdf-trig/trig-syntax-string-10 ok
  [149/356] rdf-trig/trig-syntax-string-11 ok
  [150/356] rdf-trig/trig-syntax-str-esc-01 ok
  [151/356] rdf-trig/trig-syntax-str-esc-02 ok
  [152/356] rdf-trig/trig-syntax-str-esc-03 ok
  [153/356] rdf-trig/trig-syntax-pname-esc-01 ok
  [154/356] rdf-trig/trig-syntax-pname-esc-02 ok
  [155/356] rdf-trig/trig-syntax-pname-esc-03 ok
  [156/356] rdf-trig/trig-syntax-bnode-01 ok
  [157/356] rdf-trig/trig-syntax-bnode-02 ok
  [158/356] rdf-trig/trig-syntax-bnode-03 ok
  [159/356] rdf-trig/trig-syntax-bnode-04 ok
  [160/356] rdf-trig/trig-syntax-bnode-05 ok
  [161/356] rdf-trig/trig-syntax-bnode-06 ok
  [162/356] rdf-trig/trig-syntax-bnode-07 ok
  [163/356] rdf-trig/trig-syntax-bnode-08 ok
  [164/356] rdf-trig/trig-syntax-bnode-09 ok
  [165/356] rdf-trig/trig-syntax-bnode-10 ok
  [166/356] rdf-trig/trig-syntax-number-01 ok
  [167/356] rdf-trig/trig-syntax-number-02 ok
  [168/356] rdf-trig/trig-syntax-number-03 ok
  [169/356] rdf-trig/trig-syntax-number-04 ok
  [170/356] rdf-trig/trig-syntax-number-05 ok
  [171/356] rdf-trig/trig-syntax-number-06 ok
  [172/356] rdf-trig/trig-syntax-number-07 ok
  [173/356] rdf-trig/trig-syntax-number-08 ok
  [174/356] rdf-trig/trig-syntax-number-09 ok
  [175/356] rdf-trig/trig-syntax-number-10 ok
  [176/356] rdf-trig/trig-syntax-number-11 ok
  [177/356] rdf-trig/trig-syntax-number-12 ok
  [178/356] rdf-trig/trig-syntax-number-13 ok
  [179/356] rdf-trig/trig-syntax-datatypes-01 ok
  [180/356] rdf-trig/trig-syntax-datatypes-02 ok
  [181/356] rdf-trig/trig-syntax-kw-01 ok
  [182/356] rdf-trig/trig-syntax-kw-02 ok
  [183/356] rdf-trig/trig-syntax-kw-03 ok
  [184/356] rdf-trig/trig-syntax-struct-01 ok
  [185/356] rdf-trig/trig-syntax-struct-02 ok
  [186/356] rdf-trig/trig-syntax-struct-03 ok
  [187/356] rdf-trig/trig-syntax-struct-04 ok
  [188/356] rdf-trig/trig-syntax-struct-05 ok
  [189/356] rdf-trig/trig-syntax-lists-01 ok
  [190/356] rdf-trig/trig-syntax-lists-02 ok
  [191/356] rdf-trig/trig-syntax-lists-03 ok
  [192/356] rdf-trig/trig-syntax-lists-04 ok
  [193/356] rdf-trig/trig-syntax-lists-05 ok
  [194/356] rdf-trig/trig-syntax-bad-uri-01 ok
  [195/356] rdf-trig/trig-syntax-bad-uri-02 ok
  [196/356] rdf-trig/trig-syntax-bad-uri-03 ok
  [197/356] rdf-trig/trig-syntax-bad-uri-04 ok
  [198/356] rdf-trig/trig-syntax-bad-uri-05 ok
  [199/356] rdf-trig/trig-syntax-bad-prefix-01 ok
  [200/356] rdf-trig/trig-syntax-bad-prefix-02 ok
  [201/356] rdf-trig/trig-syntax-bad-prefix-03 ok
  [202/356] rdf-trig/trig-syntax-bad-prefix-04 ok
  [203/356] rdf-trig/trig-syntax-bad-prefix-05 ok
  [204/356] rdf-trig/trig-syntax-bad-base-01 ok
  [205/356] rdf-trig/trig-syntax-bad-base-02 ok
  [206/356] rdf-trig/trig-syntax-bad-base-03 ok
  [207/356] rdf-trig/trig-syntax-bad-bnode-01 ok
  [208/356] rdf-trig/trig-syntax-bad-bnode-02 ok
  [209/356] rdf-trig/trig-syntax-bad-struct-02 ok
  [210/356] rdf-trig/trig-syntax-bad-struct-03 ok
  [211/356] rdf-trig/trig-syntax-bad-struct-04 ok
  [212/356] rdf-trig/trig-syntax-bad-struct-05 ok
  [213/356] rdf-trig/trig-syntax-bad-struct-06 ok
  [214/356] rdf-trig/trig-syntax-bad-struct-07 ok
  [215/356] rdf-trig/trig-syntax-bad-kw-01 ok
  [216/356] rdf-trig/trig-syntax-bad-kw-02 ok
  [217/356] rdf-trig/trig-syntax-bad-kw-03 ok
  [218/356] rdf-trig/trig-syntax-bad-kw-04 ok
  [219/356] rdf-trig/trig-syntax-bad-kw-05 ok
  [220/356] rdf-trig/trig-syntax-bad-n3-extras-01 ok
  [221/356] rdf-trig/trig-syntax-bad-n3-extras-02 ok
  [222/356] rdf-trig/trig-syntax-bad-n3-extras-03 ok
  [223/356] rdf-trig/trig-syntax-bad-n3-extras-04 ok
  [224/356] rdf-trig/trig-syntax-bad-n3-extras-05 ok
  [225/356] rdf-trig/trig-syntax-bad-n3-extras-06 ok
  [226/356] rdf-trig/trig-syntax-bad-n3-extras-07 ok
  [227/356] rdf-trig/trig-syntax-bad-n3-extras-08 ok
  [228/356] rdf-trig/trig-syntax-bad-n3-extras-09 ok
  [229/356] rdf-trig/trig-syntax-bad-n3-extras-10 ok
  [230/356] rdf-trig/trig-syntax-bad-n3-extras-11 ok
  [231/356] rdf-trig/trig-syntax-bad-n3-extras-12 ok
  [232/356] rdf-trig/trig-syntax-bad-n3-extras-13 ok
  [233/356] rdf-trig/trig-syntax-bad-numeric-escape-01 ok
  [234/356] rdf-trig/trig-syntax-bad-numeric-escape-02 ok
  [235/356] rdf-trig/trig-syntax-bad-numeric-escape-03 ok
  [236/356] rdf-trig/trig-syntax-bad-numeric-escape-04 ok
  [237/356] rdf-trig/trig-syntax-bad-numeric-escape-05 ok
  [238/356] rdf-trig/trig-syntax-bad-numeric-escape-06 ok
  [239/356] rdf-trig/trig-syntax-bad-numeric-escape-07 ok
  [240/356] rdf-trig/trig-syntax-bad-numeric-escape-08 ok
  [241/356] rdf-trig/trig-syntax-bad-numeric-escape-09 ok
  [242/356] rdf-trig/trig-syntax-bad-numeric-escape-10 ok
  [243/356] rdf-trig/trig-syntax-bad-struct-09 ok
  [244/356] rdf-trig/trig-syntax-bad-struct-10 ok
  [245/356] rdf-trig/trig-syntax-bad-struct-12 ok
  [246/356] rdf-trig/trig-syntax-bad-struct-13 ok
  [247/356] rdf-trig/trig-syntax-bad-struct-14 ok
  [248/356] rdf-trig/trig-syntax-bad-struct-15 ok
  [249/356] rdf-trig/trig-syntax-bad-struct-16 ok
  [250/356] rdf-trig/trig-syntax-bad-struct-17 ok
  [251/356] rdf-trig/trig-syntax-bad-lang-01 ok
  [252/356] rdf-trig/trig-syntax-bad-esc-01 ok
  [253/356] rdf-trig/trig-syntax-bad-esc-02 ok
  [254/356] rdf-trig/trig-syntax-bad-esc-03 ok
  [255/356] rdf-trig/trig-syntax-bad-esc-04 ok
  [256/356] rdf-trig/trig-syntax-bad-pname-01 ok
  [257/356] rdf-trig/trig-syntax-bad-pname-02 ok
  [258/356] rdf-trig/trig-syntax-bad-pname-03 ok
  [259/356] rdf-trig/trig-syntax-bad-string-01 ok
  [260/356] rdf-trig/trig-syntax-bad-string-02 ok
  [261/356] rdf-trig/trig-syntax-bad-string-03 ok
  [262/356] rdf-trig/trig-syntax-bad-string-04 ok
  [263/356] rdf-trig/trig-syntax-bad-string-05 ok
  [264/356] rdf-trig/trig-syntax-bad-string-06 ok
  [265/356] rdf-trig/trig-syntax-bad-string-07 ok
  [266/356] rdf-trig/trig-syntax-bad-num-01 ok
  [267/356] rdf-trig/trig-syntax-bad-num-02 ok
  [268/356] rdf-trig/trig-syntax-bad-num-03 ok
  [269/356] rdf-trig/trig-syntax-bad-num-04 ok
  [270/356] rdf-trig/trig-syntax-bad-num-05 ok
  [271/356] rdf-trig/trig-eval-struct-01 ok
  [272/356] rdf-trig/trig-eval-struct-02 ok
  [273/356] rdf-trig/trig-subm-01 ok
  [274/356] rdf-trig/trig-subm-02 ok
  [275/356] rdf-trig/trig-subm-03 ok
  [276/356] rdf-trig/trig-subm-04 ok
  [277/356] rdf-trig/trig-subm-05 ok
  [278/356] rdf-trig/trig-subm-06 ok
  [279/356] rdf-trig/trig-subm-07 ok
  [280/356] rdf-trig/trig-subm-08 ok
  [281/356] rdf-trig/trig-subm-09 ok
  [282/356] rdf-trig/trig-subm-10 ok
  [283/356] rdf-trig/trig-subm-11 ok
  [284/356] rdf-trig/trig-subm-12 ok
  [285/356] rdf-trig/trig-subm-13 ok
  [286/356] rdf-trig/trig-subm-14 ok
  [287/356] rdf-trig/trig-subm-15 ok
  [288/356] rdf-trig/trig-subm-16 ok
  [289/356] rdf-trig/trig-subm-17 ok
  [290/356] rdf-trig/trig-subm-18 ok
  [291/356] rdf-trig/trig-subm-19 ok
  [292/356] rdf-trig/trig-subm-20 ok
  [293/356] rdf-trig/trig-subm-21 ok
  [294/356] rdf-trig/trig-subm-22 ok
  [295/356] rdf-trig/trig-subm-23 ok
  [296/356] rdf-trig/trig-subm-24 ok
  [297/356] rdf-trig/trig-subm-25 ok
  [298/356] rdf-trig/trig-subm-26 ok
  [299/356] rdf-trig/trig-subm-27 ok
  [300/356] rdf-trig/trig-eval-bad-01 ok
  [301/356] rdf-trig/trig-eval-bad-02 ok
  [302/356] rdf-trig/trig-eval-bad-03 ok
  [303/356] rdf-trig/trig-eval-bad-04 ok
  [304/356] rdf-trig/trig-syntax-bad-blank-label-dot-end ok
  [305/356] rdf-trig/trig-syntax-bad-ln-dash-start ok
  [306/356] rdf-trig/trig-syntax-bad-ln-escape-start ok
  [307/356] rdf-trig/trig-syntax-bad-ln-escape ok
  [308/356] rdf-trig/trig-syntax-bad-missing-ns-dot-end ok
  [309/356] rdf-trig/trig-syntax-bad-missing-ns-dot-start ok
  [310/356] rdf-trig/trig-syntax-bad-ns-dot-end ok
  [311/356] rdf-trig/trig-syntax-bad-ns-dot-start ok
  [312/356] rdf-trig/trig-syntax-bad-number-dot-in-anon ok
  [313/356] rdf-trig/trig-syntax-bad-list-01 ok
  [314/356] rdf-trig/trig-syntax-bad-list-02 ok
  [315/356] rdf-trig/trig-syntax-bad-list-03 ok
  [316/356] rdf-trig/trig-syntax-bad-list-04 ok
  [317/356] rdf-trig/trig-syntax-blank-label ok
  [318/356] rdf-trig/trig-syntax-ln-colons ok
  [319/356] rdf-trig/trig-syntax-ln-dots ok
  [320/356] rdf-trig/trig-syntax-ns-dots ok
  [321/356] rdf-trig/trig-kw-graph-01 ok
  [322/356] rdf-trig/trig-kw-graph-02 ok
  [323/356] rdf-trig/trig-kw-graph-03 ok
  [324/356] rdf-trig/trig-kw-graph-04 ok
  [325/356] rdf-trig/trig-kw-graph-05 ok
  [326/356] rdf-trig/trig-kw-graph-06 ok
  [327/356] rdf-trig/trig-kw-graph-07 ok
  [328/356] rdf-trig/trig-kw-graph-08 ok
  [329/356] rdf-trig/trig-kw-graph-09 ok
  [330/356] rdf-trig/trig-kw-graph-10 ok
  [331/356] rdf-trig/trig-graph-bad-01 ok
  [332/356] rdf-trig/trig-graph-bad-02 ok
  [333/356] rdf-trig/trig-graph-bad-03 ok
  [334/356] rdf-trig/trig-graph-bad-04 ok
  [335/356] rdf-trig/trig-graph-bad-05 ok
  [336/356] rdf-trig/trig-graph-bad-06 ok
  [337/356] rdf-trig/trig-graph-bad-07 ok
  [338/356] rdf-trig/trig-graph-bad-08 ok
  [339/356] rdf-trig/trig-graph-bad-09 ok
  [340/356] rdf-trig/trig-graph-bad-10 ok
  [341/356] rdf-trig/trig-graph-bad-11 ok
  [342/356] rdf-trig/trig-bnodeplist-graph-bad-01 ok
  [343/356] rdf-trig/trig-collection-graph-bad-01 ok
  [344/356] rdf-trig/trig-collection-graph-bad-02 ok
  [345/356] rdf-trig/trig-turtle-01 ok
  [346/356] rdf-trig/trig-turtle-02 ok
  [347/356] rdf-trig/trig-turtle-03 ok
  [348/356] rdf-trig/trig-turtle-04 ok
  [349/356] rdf-trig/trig-turtle-05 ok
  [350/356] rdf-trig/trig-turtle-06 ok
  [351/356] rdf-trig/trig-turtle-bad-01 ok
  [352/356] rdf-trig/trig-turtle-bad-02 ok
  [353/356] rdf-trig/IRI-resolution-01 ok
  [354/356] rdf-trig/IRI-resolution-02 ok
  [355/356] rdf-trig/IRI-resolution-07 ok
  [356/356] rdf-trig/IRI-resolution-08 ok
  [1/313] rdf-turtle/IRI_subject ok
  [2/313] rdf-turtle/IRI_with_four_digit_numeric_escape ok
  [3/313] rdf-turtle/IRI_with_eight_digit_numeric_escape ok
  [4/313] rdf-turtle/IRI_with_all_punctuation ok
  [5/313] rdf-turtle/bareword_a_predicate ok
  [6/313] rdf-turtle/old_style_prefix ok
  [7/313] rdf-turtle/SPARQL_style_prefix ok
  [8/313] rdf-turtle/prefixed_IRI_predicate ok
  [9/313] rdf-turtle/prefixed_IRI_object ok
  [10/313] rdf-turtle/prefix_only_IRI ok
  [11/313] rdf-turtle/prefix_with_PN_CHARS_BASE_character_boundaries ok
  [12/313] rdf-turtle/prefix_with_non_leading_extras ok
  [13/313] rdf-turtle/default_namespace_IRI ok
  [14/313] rdf-turtle/prefix_reassigned_and_used ok
  [15/313] rdf-turtle/reserved_escaped_localName ok
  [16/313] rdf-turtle/percent_escaped_localName ok
  [17/313] rdf-turtle/HYPHEN_MINUS_in_localName ok
  [18/313] rdf-turtle/underscore_in_localName ok
  [19/313] rdf-turtle/localname_with_COLON ok
  [20/313] rdf-turtle/localName_with_assigned_nfc_bmp_PN_CHARS_BASE_character_boundaries ok
  [21/313] rdf-turtle/localName_with_assigned_nfc_PN_CHARS_BASE_character_boundaries ok
  [22/313] rdf-turtle/localName_with_nfc_PN_CHARS_BASE_character_boundaries ok
  [23/313] rdf-turtle/localName_with_leading_underscore ok
  [24/313] rdf-turtle/localName_with_leading_digit ok
  [25/313] rdf-turtle/localName_with_non_leading_extras ok
  [26/313] rdf-turtle/old_style_base ok
  [27/313] rdf-turtle/SPARQL_style_base ok
  [28/313] rdf-turtle/labeled_blank_node_subject ok
  [29/313] rdf-turtle/labeled_blank_node_object ok
  [30/313] rdf-turtle/labeled_blank_node_with_PN_CHARS_BASE_character_boundaries ok
  [31/313] rdf-turtle/labeled_blank_node_with_leading_underscore ok
  [32/313] rdf-turtle/labeled_blank_node_with_leading_digit ok
  [33/313] rdf-turtle/labeled_blank_node_with_non_leading_extras ok
  [34/313] rdf-turtle/anonymous_blank_node_subject ok
  [35/313] rdf-turtle/anonymous_blank_node_object ok
  [36/313] rdf-turtle/sole_blankNodePropertyList ok
  [37/313] rdf-turtle/blankNodePropertyList_as_subject ok
  [38/313] rdf-turtle/blankNodePropertyList_as_object ok
  [39/313] rdf-turtle/blankNodePropertyList_as_object_containing_objectList ok
  [40/313] rdf-turtle/blankNodePropertyList_as_object_containing_objectList_of_two_objects ok
  [41/313] rdf-turtle/blankNodePropertyList_with_multiple_triples ok
  [42/313] rdf-turtle/nested_blankNodePropertyLists ok
  [43/313] rdf-turtle/blankNodePropertyList_containing_collection ok
  [44/313] rdf-turtle/collection_subject ok
  [45/313] rdf-turtle/collection_object ok
  [46/313] rdf-turtle/empty_collection ok
  [47/313] rdf-turtle/nested_collection ok
  [48/313] rdf-turtle/first ok
  [49/313] rdf-turtle/last ok
  [50/313] rdf-turtle/LITERAL1 ok
  [51/313] rdf-turtle/LITERAL1_ascii_boundaries ok
  [52/313] rdf-turtle/LITERAL1_with_UTF8_boundaries ok
  [53/313] rdf-turtle/LITERAL1_all_controls ok
  [54/313] rdf-turtle/LITERAL1_all_punctuation ok
  [55/313] rdf-turtle/LITERAL_LONG1 ok
  [56/313] rdf-turtle/LITERAL_LONG1_ascii_boundaries ok
  [57/313] rdf-turtle/LITERAL_LONG1_with_UTF8_boundaries ok
  [58/313] rdf-turtle/LITERAL_LONG1_with_1_squote ok
  [59/313] rdf-turtle/LITERAL_LONG1_with_2_squotes ok
  [60/313] rdf-turtle/LITERAL2 ok
  [61/313] rdf-turtle/LITERAL2_ascii_boundaries ok
  [62/313] rdf-turtle/LITERAL2_with_UTF8_boundaries ok
  [63/313] rdf-turtle/LITERAL_LONG2 ok
  [64/313] rdf-turtle/LITERAL_LONG2_ascii_boundaries ok
  [65/313] rdf-turtle/LITERAL_LONG2_with_UTF8_boundaries ok
  [66/313] rdf-turtle/LITERAL_LONG2_with_1_squote ok
  [67/313] rdf-turtle/LITERAL_LONG2_with_2_squotes ok
  [68/313] rdf-turtle/literal_with_CHARACTER_TABULATION ok
  [69/313] rdf-turtle/literal_with_BACKSPACE ok
  [70/313] rdf-turtle/literal_with_LINE_FEED ok
  [71/313] rdf-turtle/literal_with_CARRIAGE_RETURN ok
  [72/313] rdf-turtle/literal_with_FORM_FEED ok
  [73/313] rdf-turtle/literal_with_REVERSE_SOLIDUS ok
  [74/313] rdf-turtle/literal_with_escaped_CHARACTER_TABULATION ok
  [75/313] rdf-turtle/literal_with_escaped_BACKSPACE ok
  [76/313] rdf-turtle/literal_with_escaped_LINE_FEED ok
  [77/313] rdf-turtle/literal_with_escaped_CARRIAGE_RETURN ok
  [78/313] rdf-turtle/literal_with_escaped_FORM_FEED ok
  [79/313] rdf-turtle/literal_with_numeric_escape4 ok
  [80/313] rdf-turtle/literal_with_numeric_escape8 ok
  [81/313] rdf-turtle/IRIREF_datatype ok
  [82/313] rdf-turtle/prefixed_name_datatype ok
  [83/313] rdf-turtle/bareword_integer ok
  [84/313] rdf-turtle/bareword_decimal ok
  [85/313] rdf-turtle/bareword_double ok
  [86/313] rdf-turtle/double_lower_case_e ok
  [87/313] rdf-turtle/negative_numeric ok
  [88/313] rdf-turtle/positive_numeric ok
  [89/313] rdf-turtle/numeric_with_leading_0 ok
  [90/313] rdf-turtle/literal_true ok
  [91/313] rdf-turtle/literal_false ok
  [92/313] rdf-turtle/langtagged_non_LONG ok
  [93/313] rdf-turtle/langtagged_LONG ok
  [94/313] rdf-turtle/lantag_with_subtag ok
  [95/313] rdf-turtle/objectList_with_two_objects ok
  [96/313] rdf-turtle/predicateObjectList_with_two_objectLists ok
  [97/313] rdf-turtle/predicateObjectList_with_blankNodePropertyList_as_object ok
  [98/313] rdf-turtle/repeated_semis_at_end ok
  [99/313] rdf-turtle/repeated_semis_not_at_end ok
  [100/313] rdf-turtle/comment_following_localName ok
  [101/313] rdf-turtle/number_sign_following_localName ok
  [102/313] rdf-turtle/comment_following_PNAME_NS ok
  [103/313] rdf-turtle/number_sign_following_PNAME_NS ok
  [104/313] rdf-turtle/LITERAL_LONG2_with_REVERSE_SOLIDUS ok
  [105/313] rdf-turtle/turtle-syntax-bad-num-05 ok
  [106/313] rdf-turtle/two_LITERAL_LONG2s ok
  [107/313] rdf-turtle/langtagged_LONG_with_subtag ok
  [108/313] rdf-turtle/turtle-syntax-file-01 ok
  [109/313] rdf-turtle/turtle-syntax-file-02 ok
  [110/313] rdf-turtle/turtle-syntax-file-03 ok
  [111/313] rdf-turtle/turtle-syntax-uri-01 ok
  [112/313] rdf-turtle/turtle-syntax-uri-02 ok
  [113/313] rdf-turtle/turtle-syntax-uri-03 ok
  [114/313] rdf-turtle/turtle-syntax-uri-04 ok
  [115/313] rdf-turtle/turtle-syntax-base-01 ok
  [116/313] rdf-turtle/turtle-syntax-base-02 ok
  [117/313] rdf-turtle/turtle-syntax-base-03 ok
  [118/313] rdf-turtle/turtle-syntax-base-04 ok
  [119/313] rdf-turtle/turtle-syntax-prefix-01 ok
  [120/313] rdf-turtle/turtle-syntax-prefix-02 ok
  [121/313] rdf-turtle/turtle-syntax-prefix-03 ok
  [122/313] rdf-turtle/turtle-syntax-prefix-04 ok
  [123/313] rdf-turtle/turtle-syntax-prefix-05 ok
  [124/313] rdf-turtle/turtle-syntax-prefix-06 ok
  [125/313] rdf-turtle/turtle-syntax-prefix-07 ok
  [126/313] rdf-turtle/turtle-syntax-prefix-08 ok
  [127/313] rdf-turtle/turtle-syntax-prefix-09 ok
  [128/313] rdf-turtle/turtle-syntax-string-01 ok
  [129/313] rdf-turtle/turtle-syntax-string-02 ok
  [130/313] rdf-turtle/turtle-syntax-string-03 ok
  [131/313] rdf-turtle/turtle-syntax-string-04 ok
  [132/313] rdf-turtle/turtle-syntax-string-05 ok
  [133/313] rdf-turtle/turtle-syntax-string-06 ok
  [134/313] rdf-turtle/turtle-syntax-string-07 ok
  [135/313] rdf-turtle/turtle-syntax-string-08 ok
  [136/313] rdf-turtle/turtle-syntax-string-09 ok
  [137/313] rdf-turtle/turtle-syntax-string-10 ok
  [138/313] rdf-turtle/turtle-syntax-string-11 ok
  [139/313] rdf-turtle/turtle-syntax-str-esc-01 ok
  [140/313] rdf-turtle/turtle-syntax-str-esc-02 ok
  [141/313] rdf-turtle/turtle-syntax-str-esc-03 ok
  [142/313] rdf-turtle/turtle-syntax-pname-esc-01 ok
  [143/313] rdf-turtle/turtle-syntax-pname-esc-02 ok
  [144/313] rdf-turtle/turtle-syntax-pname-esc-03 ok
  [145/313] rdf-turtle/turtle-syntax-bnode-01 ok
  [146/313] rdf-turtle/turtle-syntax-bnode-02 ok
  [147/313] rdf-turtle/turtle-syntax-bnode-03 ok
  [148/313] rdf-turtle/turtle-syntax-bnode-04 ok
  [149/313] rdf-turtle/turtle-syntax-bnode-05 ok
  [150/313] rdf-turtle/turtle-syntax-bnode-06 ok
  [151/313] rdf-turtle/turtle-syntax-bnode-07 ok
  [152/313] rdf-turtle/turtle-syntax-bnode-08 ok
  [153/313] rdf-turtle/turtle-syntax-bnode-09 ok
  [154/313] rdf-turtle/turtle-syntax-bnode-10 ok
  [155/313] rdf-turtle/turtle-syntax-number-01 ok
  [156/313] rdf-turtle/turtle-syntax-number-02 ok
  [157/313] rdf-turtle/turtle-syntax-number-03 ok
  [158/313] rdf-turtle/turtle-syntax-number-04 ok
  [159/313] rdf-turtle/turtle-syntax-number-05 ok
  [160/313] rdf-turtle/turtle-syntax-number-06 ok
  [161/313] rdf-turtle/turtle-syntax-number-07 ok
  [162/313] rdf-turtle/turtle-syntax-number-08 ok
  [163/313] rdf-turtle/turtle-syntax-number-09 ok
  [164/313] rdf-turtle/turtle-syntax-number-10 ok
  [165/313] rdf-turtle/turtle-syntax-number-11 ok
  [166/313] rdf-turtle/turtle-syntax-number-12 ok
  [167/313] rdf-turtle/turtle-syntax-number-13 ok
  [168/313] rdf-turtle/turtle-syntax-datatypes-01 ok
  [169/313] rdf-turtle/turtle-syntax-datatypes-02 ok
  [170/313] rdf-turtle/turtle-syntax-kw-01 ok
  [171/313] rdf-turtle/turtle-syntax-kw-02 ok
  [172/313] rdf-turtle/turtle-syntax-kw-03 ok
  [173/313] rdf-turtle/turtle-syntax-struct-01 ok
  [174/313] rdf-turtle/turtle-syntax-struct-02 ok
  [175/313] rdf-turtle/turtle-syntax-struct-03 ok
  [176/313] rdf-turtle/turtle-syntax-struct-04 ok
  [177/313] rdf-turtle/turtle-syntax-struct-05 ok
  [178/313] rdf-turtle/turtle-eval-lists-01 ok
  [179/313] rdf-turtle/turtle-eval-lists-02 ok
  [180/313] rdf-turtle/turtle-eval-lists-03 ok
  [181/313] rdf-turtle/turtle-eval-lists-04 ok
  [182/313] rdf-turtle/turtle-eval-lists-05 ok
  [183/313] rdf-turtle/turtle-eval-lists-06 ok
  [184/313] rdf-turtle/turtle-syntax-bad-uri-01 ok
  [185/313] rdf-turtle/turtle-syntax-bad-uri-02 ok
  [186/313] rdf-turtle/turtle-syntax-bad-uri-03 ok
  [187/313] rdf-turtle/turtle-syntax-bad-uri-04 ok
  [188/313] rdf-turtle/turtle-syntax-bad-uri-05 ok
  [189/313] rdf-turtle/turtle-syntax-bad-prefix-01 ok
  [190/313] rdf-turtle/turtle-syntax-bad-prefix-02 ok
  [191/313] rdf-turtle/turtle-syntax-bad-prefix-03 ok
  [192/313] rdf-turtle/turtle-syntax-bad-prefix-04 ok
  [193/313] rdf-turtle/turtle-syntax-bad-prefix-05 ok
  [194/313] rdf-turtle/turtle-syntax-bad-base-01 ok
  [195/313] rdf-turtle/turtle-syntax-bad-base-02 ok
  [196/313] rdf-turtle/turtle-syntax-bad-base-03 ok
  [197/313] rdf-turtle/turtle-syntax-bad-bnode-01 ok
  [198/313] rdf-turtle/turtle-syntax-bad-bnode-02 ok
  [199/313] rdf-turtle/turtle-syntax-bad-struct-01 ok
  [200/313] rdf-turtle/turtle-syntax-bad-struct-02 ok
  [201/313] rdf-turtle/turtle-syntax-bad-struct-03 ok
  [202/313] rdf-turtle/turtle-syntax-bad-struct-04 ok
  [203/313] rdf-turtle/turtle-syntax-bad-struct-05 ok
  [204/313] rdf-turtle/turtle-syntax-bad-struct-06 ok
  [205/313] rdf-turtle/turtle-syntax-bad-struct-07 ok
  [206/313] rdf-turtle/turtle-syntax-bad-kw-01 ok
  [207/313] rdf-turtle/turtle-syntax-bad-kw-02 ok
  [208/313] rdf-turtle/turtle-syntax-bad-kw-03 ok
  [209/313] rdf-turtle/turtle-syntax-bad-kw-04 ok
  [210/313] rdf-turtle/turtle-syntax-bad-kw-05 ok
  [211/313] rdf-turtle/turtle-syntax-bad-n3-extras-01 ok
  [212/313] rdf-turtle/turtle-syntax-bad-n3-extras-02 ok
  [213/313] rdf-turtle/turtle-syntax-bad-n3-extras-03 ok
  [214/313] rdf-turtle/turtle-syntax-bad-n3-extras-04 ok
  [215/313] rdf-turtle/turtle-syntax-bad-n3-extras-05 ok
  [216/313] rdf-turtle/turtle-syntax-bad-n3-extras-06 ok
  [217/313] rdf-turtle/turtle-syntax-bad-n3-extras-07 ok
  [218/313] rdf-turtle/turtle-syntax-bad-n3-extras-08 ok
  [219/313] rdf-turtle/turtle-syntax-bad-n3-extras-09 ok
  [220/313] rdf-turtle/turtle-syntax-bad-n3-extras-10 ok
  [221/313] rdf-turtle/turtle-syntax-bad-n3-extras-11 ok
  [222/313] rdf-turtle/turtle-syntax-bad-n3-extras-12 ok
  [223/313] rdf-turtle/turtle-syntax-bad-n3-extras-13 ok
  [224/313] rdf-turtle/turtle-syntax-bad-numeric-escape-01 ok
  [225/313] rdf-turtle/turtle-syntax-bad-numeric-escape-02 ok
  [226/313] rdf-turtle/turtle-syntax-bad-numeric-escape-03 ok
  [227/313] rdf-turtle/turtle-syntax-bad-numeric-escape-04 ok
  [228/313] rdf-turtle/turtle-syntax-bad-numeric-escape-05 ok
  [229/313] rdf-turtle/turtle-syntax-bad-numeric-escape-06 ok
  [230/313] rdf-turtle/turtle-syntax-bad-numeric-escape-07 ok
  [231/313] rdf-turtle/turtle-syntax-bad-numeric-escape-08 ok
  [232/313] rdf-turtle/turtle-syntax-bad-numeric-escape-09 ok
  [233/313] rdf-turtle/turtle-syntax-bad-numeric-escape-10 ok
  [234/313] rdf-turtle/turtle-syntax-bad-struct-08 ok
  [235/313] rdf-turtle/turtle-syntax-bad-struct-09 ok
  [236/313] rdf-turtle/turtle-syntax-bad-struct-10 ok
  [237/313] rdf-turtle/turtle-syntax-bad-struct-11 ok
  [238/313] rdf-turtle/turtle-syntax-bad-struct-12 ok
  [239/313] rdf-turtle/turtle-syntax-bad-struct-13 ok
  [240/313] rdf-turtle/turtle-syntax-bad-struct-14 ok
  [241/313] rdf-turtle/turtle-syntax-bad-struct-15 ok
  [242/313] rdf-turtle/turtle-syntax-bad-struct-16 ok
  [243/313] rdf-turtle/turtle-syntax-bad-struct-17 ok
  [244/313] rdf-turtle/turtle-syntax-bad-lang-01 ok
  [245/313] rdf-turtle/turtle-syntax-bad-esc-01 ok
  [246/313] rdf-turtle/turtle-syntax-bad-esc-02 ok
  [247/313] rdf-turtle/turtle-syntax-bad-esc-03 ok
  [248/313] rdf-turtle/turtle-syntax-bad-esc-04 ok
  [249/313] rdf-turtle/turtle-syntax-bad-pname-01 ok
  [250/313] rdf-turtle/turtle-syntax-bad-pname-02 ok
  [251/313] rdf-turtle/turtle-syntax-bad-pname-03 ok
  [252/313] rdf-turtle/turtle-syntax-bad-string-01 ok
  [253/313] rdf-turtle/turtle-syntax-bad-string-02 ok
  [254/313] rdf-turtle/turtle-syntax-bad-string-03 ok
  [255/313] rdf-turtle/turtle-syntax-bad-string-04 ok
  [256/313] rdf-turtle/turtle-syntax-bad-string-05 ok
  [257/313] rdf-turtle/turtle-syntax-bad-string-06 ok
  [258/313] rdf-turtle/turtle-syntax-bad-string-07 ok
  [259/313] rdf-turtle/turtle-syntax-bad-num-01 ok
  [260/313] rdf-turtle/turtle-syntax-bad-num-02 ok
  [261/313] rdf-turtle/turtle-syntax-bad-num-03 ok
  [262/313] rdf-turtle/turtle-syntax-bad-num-04 ok
  [263/313] rdf-turtle/turtle-syntax-bad-num-05 ok
  [264/313] rdf-turtle/turtle-eval-struct-01 ok
  [265/313] rdf-turtle/turtle-eval-struct-02 ok
  [266/313] rdf-turtle/turtle-subm-01 ok
  [267/313] rdf-turtle/turtle-subm-02 ok
  [268/313] rdf-turtle/turtle-subm-03 ok
  [269/313] rdf-turtle/turtle-subm-04 ok
  [270/313] rdf-turtle/turtle-subm-05 ok
  [271/313] rdf-turtle/turtle-subm-06 ok
  [272/313] rdf-turtle/turtle-subm-07 ok
  [273/313] rdf-turtle/turtle-subm-08 ok
  [274/313] rdf-turtle/turtle-subm-09 ok
  [275/313] rdf-turtle/turtle-subm-10 ok
  [276/313] rdf-turtle/turtle-subm-11 ok
  [277/313] rdf-turtle/turtle-subm-12 ok
  [278/313] rdf-turtle/turtle-subm-13 ok
  [279/313] rdf-turtle/turtle-subm-14 ok
  [280/313] rdf-turtle/turtle-subm-15 ok
  [281/313] rdf-turtle/turtle-subm-16 ok
  [282/313] rdf-turtle/turtle-subm-17 ok
  [283/313] rdf-turtle/turtle-subm-18 ok
  [284/313] rdf-turtle/turtle-subm-19 ok
  [285/313] rdf-turtle/turtle-subm-20 ok
  [286/313] rdf-turtle/turtle-subm-21 ok
  [287/313] rdf-turtle/turtle-subm-22 ok
  [288/313] rdf-turtle/turtle-subm-23 ok
  [289/313] rdf-turtle/turtle-subm-24 ok
  [290/313] rdf-turtle/turtle-subm-25 ok
  [291/313] rdf-turtle/turtle-subm-26 ok
  [292/313] rdf-turtle/turtle-subm-27 ok
  [293/313] rdf-turtle/turtle-eval-bad-01 ok
  [294/313] rdf-turtle/turtle-eval-bad-02 ok
  [295/313] rdf-turtle/turtle-eval-bad-03 ok
  [296/313] rdf-turtle/turtle-eval-bad-04 ok
  [297/313] rdf-turtle/turtle-syntax-bad-blank-label-dot-end ok
  [298/313] rdf-turtle/turtle-syntax-bad-ln-dash-start ok
  [299/313] rdf-turtle/turtle-syntax-bad-ln-escape-start ok
  [300/313] rdf-turtle/turtle-syntax-bad-ln-escape ok
  [301/313] rdf-turtle/turtle-syntax-bad-missing-ns-dot-end ok
  [302/313] rdf-turtle/turtle-syntax-bad-missing-ns-dot-start ok
  [303/313] rdf-turtle/turtle-syntax-bad-ns-dot-end ok
  [304/313] rdf-turtle/turtle-syntax-bad-ns-dot-start ok
  [305/313] rdf-turtle/turtle-syntax-bad-number-dot-in-anon ok
  [306/313] rdf-turtle/turtle-syntax-blank-label ok
  [307/313] rdf-turtle/turtle-syntax-ln-colons ok
  [308/313] rdf-turtle/turtle-syntax-ln-dots ok
  [309/313] rdf-turtle/turtle-syntax-ns-dots ok
  [310/313] rdf-turtle/IRI-resolution-01 ok
  [311/313] rdf-turtle/IRI-resolution-02 ok
  [312/313] rdf-turtle/IRI-resolution-07 ok
  [313/313] rdf-turtle/IRI-resolution-08 ok
  [1/166] rdf-xml/amp-in-url-test001 ok
  [2/166] rdf-xml/datatypes-test001 ok
  [3/166] rdf-xml/datatypes-test002 ok
  [4/166] rdf-xml/rdf-charmod-literals-test001 ok
  [5/166] rdf-xml/rdf-charmod-uris-test001 ok
  [6/166] rdf-xml/rdf-charmod-uris-test002 ok
  [7/166] rdf-xml/rdf-containers-syntax-vs-schema-error001 ok
  [8/166] rdf-xml/rdf-containers-syntax-vs-schema-error002 ok
  [9/166] rdf-xml/rdf-containers-syntax-vs-schema-test001 ok
  [10/166] rdf-xml/rdf-containers-syntax-vs-schema-test002 ok
  [11/166] rdf-xml/rdf-containers-syntax-vs-schema-test003 ok
  [12/166] rdf-xml/rdf-containers-syntax-vs-schema-test004 ok
  [13/166] rdf-xml/rdf-containers-syntax-vs-schema-test006 ok
  [14/166] rdf-xml/rdf-containers-syntax-vs-schema-test007 ok
  [15/166] rdf-xml/rdf-containers-syntax-vs-schema-test008 ok
  [16/166] rdf-xml/rdf-element-not-mandatory-test001 ok
  [17/166] rdf-xml/rdf-node-element-test001 ok
  [18/166] rdf-xml/rdf-ns-prefix-confusion-test0001 ok
  [19/166] rdf-xml/rdf-ns-prefix-confusion-test0003 ok
  [20/166] rdf-xml/rdf-ns-prefix-confusion-test0004 ok
  [21/166] rdf-xml/rdf-ns-prefix-confusion-test0005 ok
  [22/166] rdf-xml/rdf-ns-prefix-confusion-test0006 ok
  [23/166] rdf-xml/rdf-ns-prefix-confusion-test0009 ok
  [24/166] rdf-xml/rdf-ns-prefix-confusion-test0010 ok
  [25/166] rdf-xml/rdf-ns-prefix-confusion-test0011 ok
  [26/166] rdf-xml/rdf-ns-prefix-confusion-test0012 ok
  [27/166] rdf-xml/rdf-ns-prefix-confusion-test0013 ok
  [28/166] rdf-xml/rdf-ns-prefix-confusion-test0014 ok
  [29/166] rdf-xml/rdfms-abouteach-error001 ok
  [30/166] rdf-xml/rdfms-abouteach-error002 ok
  [31/166] rdf-xml/rdfms-difference-between-ID-and-about-error1 ok
  [32/166] rdf-xml/rdfms-difference-between-ID-and-about-test1 ok
  [33/166] rdf-xml/rdfms-difference-between-ID-and-about-test2 ok
  [34/166] rdf-xml/rdfms-difference-between-ID-and-about-test3 ok
  [35/166] rdf-xml/rdfms-duplicate-member-props-test001 ok
  [36/166] rdf-xml/rdfms-empty-property-elements-error001 ok
  [37/166] rdf-xml/rdfms-empty-property-elements-error002 ok
  [38/166] rdf-xml/rdfms-empty-property-elements-test001 ok
  [39/166] rdf-xml/rdfms-empty-property-elements-test002 ok
  [40/166] rdf-xml/rdfms-empty-property-elements-test004 ok
  [41/166] rdf-xml/rdfms-empty-property-elements-test005 ok
  [42/166] rdf-xml/rdfms-empty-property-elements-test006 ok
  [43/166] rdf-xml/rdfms-empty-property-elements-test007 ok
  [44/166] rdf-xml/rdfms-empty-property-elements-test008 ok
  [45/166] rdf-xml/rdfms-empty-property-elements-test010 ok
  [46/166] rdf-xml/rdfms-empty-property-elements-test011 ok
  [47/166] rdf-xml/rdfms-empty-property-elements-test012 ok
  [48/166] rdf-xml/rdfms-empty-property-elements-test013 ok
  [49/166] rdf-xml/rdfms-empty-property-elements-test014 ok
  [50/166] rdf-xml/rdfms-empty-property-elements-test015 ok
  [51/166] rdf-xml/rdfms-empty-property-elements-test016 ok
  [52/166] rdf-xml/rdfms-empty-property-elements-test017 ok
  [53/166] rdf-xml/rdfms-identity-anon-resources-test001 ok
  [54/166] rdf-xml/rdfms-identity-anon-resources-test002 ok
  [55/166] rdf-xml/rdfms-identity-anon-resources-test003 ok
  [56/166] rdf-xml/rdfms-identity-anon-resources-test004 ok
  [57/166] rdf-xml/rdfms-identity-anon-resources-test005 ok
  [58/166] rdf-xml/rdfms-not-id-and-resource-attr-test001 ok
  [59/166] rdf-xml/rdfms-not-id-and-resource-attr-test002 ok
  [60/166] rdf-xml/rdfms-not-id-and-resource-attr-test004 ok
  [61/166] rdf-xml/rdfms-not-id-and-resource-attr-test005 ok
  [62/166] rdf-xml/rdfms-para196-test001 ok
  [63/166] rdf-xml/rdfms-rdf-id-error001 ok
  [64/166] rdf-xml/rdfms-rdf-id-error002 ok
  [65/166] rdf-xml/rdfms-rdf-id-error003 ok
  [66/166] rdf-xml/rdfms-rdf-id-error004 ok
  [67/166] rdf-xml/rdfms-rdf-id-error005 ok
  [68/166] rdf-xml/rdfms-rdf-id-error006 ok
  [69/166] rdf-xml/rdfms-rdf-id-error007 ok
  [70/166] rdf-xml/rdfms-rdf-names-use-error-001 ok
  [71/166] rdf-xml/rdfms-rdf-names-use-error-002 ok
  [72/166] rdf-xml/rdfms-rdf-names-use-error-003 ok
  [73/166] rdf-xml/rdfms-rdf-names-use-error-004 ok
  [74/166] rdf-xml/rdfms-rdf-names-use-error-005 ok
  [75/166] rdf-xml/rdfms-rdf-names-use-error-006 ok
  [76/166] rdf-xml/rdfms-rdf-names-use-error-007 ok
  [77/166] rdf-xml/rdfms-rdf-names-use-error-008 ok
  [78/166] rdf-xml/rdfms-rdf-names-use-error-009 ok
  [79/166] rdf-xml/rdfms-rdf-names-use-error-010 ok
  [80/166] rdf-xml/rdfms-rdf-names-use-error-011 ok
  [81/166] rdf-xml/rdfms-rdf-names-use-error-012 ok
  [82/166] rdf-xml/rdfms-rdf-names-use-error-013 ok
  [83/166] rdf-xml/rdfms-rdf-names-use-error-014 ok
  [84/166] rdf-xml/rdfms-rdf-names-use-error-015 ok
  [85/166] rdf-xml/rdfms-rdf-names-use-error-016 ok
  [86/166] rdf-xml/rdfms-rdf-names-use-error-017 ok
  [87/166] rdf-xml/rdfms-rdf-names-use-error-018 ok
  [88/166] rdf-xml/rdfms-rdf-names-use-error-019 ok
  [89/166] rdf-xml/rdfms-rdf-names-use-error-020 ok
  [90/166] rdf-xml/rdfms-rdf-names-use-test-001 ok
  [91/166] rdf-xml/rdfms-rdf-names-use-test-002 ok
  [92/166] rdf-xml/rdfms-rdf-names-use-test-003 ok
  [93/166] rdf-xml/rdfms-rdf-names-use-test-004 ok
  [94/166] rdf-xml/rdfms-rdf-names-use-test-005 ok
  [95/166] rdf-xml/rdfms-rdf-names-use-test-006 ok
  [96/166] rdf-xml/rdfms-rdf-names-use-test-007 ok
  [97/166] rdf-xml/rdfms-rdf-names-use-test-008 ok
  [98/166] rdf-xml/rdfms-rdf-names-use-test-009 ok
  [99/166] rdf-xml/rdfms-rdf-names-use-test-010 ok
  [100/166] rdf-xml/rdfms-rdf-names-use-test-011 ok
  [101/166] rdf-xml/rdfms-rdf-names-use-test-012 ok
  [102/166] rdf-xml/rdfms-rdf-names-use-test-013 ok
  [103/166] rdf-xml/rdfms-rdf-names-use-test-014 ok
  [104/166] rdf-xml/rdfms-rdf-names-use-test-015 ok
  [105/166] rdf-xml/rdfms-rdf-names-use-test-016 ok
  [106/166] rdf-xml/rdfms-rdf-names-use-test-017 ok
  [107/166] rdf-xml/rdfms-rdf-names-use-test-018 ok
  [108/166] rdf-xml/rdfms-rdf-names-use-test-019 ok
  [109/166] rdf-xml/rdfms-rdf-names-use-test-020 ok
  [110/166] rdf-xml/rdfms-rdf-names-use-test-021 ok
  [111/166] rdf-xml/rdfms-rdf-names-use-test-022 ok
  [112/166] rdf-xml/rdfms-rdf-names-use-test-023 ok
  [113/166] rdf-xml/rdfms-rdf-names-use-test-024 ok
  [114/166] rdf-xml/rdfms-rdf-names-use-test-025 ok
  [115/166] rdf-xml/rdfms-rdf-names-use-test-026 ok
  [116/166] rdf-xml/rdfms-rdf-names-use-test-027 ok
  [117/166] rdf-xml/rdfms-rdf-names-use-test-028 ok
  [118/166] rdf-xml/rdfms-rdf-names-use-test-029 ok
  [119/166] rdf-xml/rdfms-rdf-names-use-test-030 ok
  [120/166] rdf-xml/rdfms-rdf-names-use-test-031 ok
  [121/166] rdf-xml/rdfms-rdf-names-use-test-032 ok
  [122/166] rdf-xml/rdfms-rdf-names-use-test-033 ok
  [123/166] rdf-xml/rdfms-rdf-names-use-test-034 ok
  [124/166] rdf-xml/rdfms-rdf-names-use-test-035 ok
  [125/166] rdf-xml/rdfms-rdf-names-use-test-036 ok
  [126/166] rdf-xml/rdfms-rdf-names-use-test-037 ok
  [127/166] rdf-xml/rdfms-rdf-names-use-warn-001 ok
  [128/166] rdf-xml/rdfms-rdf-names-use-warn-002 ok
  [129/166] rdf-xml/rdfms-rdf-names-use-warn-003 ok
  [130/166] rdf-xml/rdfms-reification-required-test001 ok
  [131/166] rdf-xml/rdfms-reification-required-test002 ok
  [132/166] rdf-xml/rdfms-seq-representation-test001 ok
  [133/166] rdf-xml/rdfms-seq-representation-test002 ok
  [134/166] rdf-xml/rdfms-syntax-incomplete-test001 ok
  [135/166] rdf-xml/rdfms-syntax-incomplete-test002 ok
  [136/166] rdf-xml/rdfms-syntax-incomplete-test003 ok
  [137/166] rdf-xml/rdfms-syntax-incomplete-test004 ok
  [138/166] rdf-xml/rdfms-syntax-incomplete-error001 ok
=== W3C SPARQL 1.1 Test Runner ===
Test base: ../../third_party/testing/w3c/sparql/sparql11


--- add ---
  PASS: ADD 1
  PASS: ADD 2
  PASS: ADD 3
  PASS: ADD 4
  PASS: ADD 5
  PASS: ADD 6
  PASS: ADD 7
  PASS: ADD 8
  [suite time: 0.0s]

--- aggregates ---
  PASS: COUNT 1
  PASS: COUNT 2
  PASS: COUNT 3
  PASS: COUNT 4
  PASS: COUNT 5
  PASS: COUNT 6
  PASS: COUNT 7
  PASS: COUNT 8
  PASS: COUNT 8b
  PASS: COUNT 9
  PASS: COUNT 10
  PASS: COUNT 11
  PASS: COUNT 12
  PASS: GROUP_CONCAT 1
  PASS: GROUP_CONCAT 2
  PASS: GROUP_CONCAT with SEPARATOR
  PASS: GROUP_CONCAT with same language tag
  PASS: GROUP_CONCAT with different language tags
  PASS: GROUP_CONCAT with one element
  PASS: SUM
  PASS: SUM with GROUP BY
  PASS: AVG
  PASS: AVG with GROUP BY
  PASS: AVG with empty group (value defined to be 0)
  PASS: MIN
  PASS: MIN with GROUP BY
  PASS: MAX
  PASS: MAX with GROUP BY
  PASS: SAMPLE
  PASS: Error in AVG
  PASS: Protect from error in AVG
  PASS: agg on empty set, explicit grouping
  PASS: agg on empty set, no grouping
  PASS: COUNT: no match, with group
  PASS: COUNT: no match, no group
  PASS: COUNT: no GROUP BY inside of GRAPH
  PASS: HAVING: multiple conditions
  PASS: GROUP BY with a function
  PASS: GROUP BY with a built-in function
  PASS: AVG DISTINCT with GROUP BY
  PASS: COUNT DISTINCT with GROUP BY
  PASS: COUNT(DISTINCT *) with GROUP BY
  PASS: GROUP_CONCAT DISTINCT
  PASS: MAX DISTINCT with GROUP BY
  PASS: MIN DISTINCT with GROUP BY
  PASS: SAMPLE DISTINCT
  PASS: SUM DISTINCT with GROUP BY
  [suite time: 0.1s]

--- basic-update ---
  PASS: Simple insert data 1
  PASS: Simple insert data named 1
  PASS: Simple insert data named 2
  PASS: Simple insert data named 3
  PASS: INSERT 01
  PASS: INSERT 02
  PASS: INSERT 03
  PASS: INSERT 04
  PASS: INSERT USING 01
  PASS: INSERT same bnode twice
  PASS: INSERTing the same bnode with INSERT DATA into two different Graphs is the same bnode
  PASS: INSERTing the same bnode with two INSERT WHERE statement within one request is NOT the same bnode
  PASS: INSERTing the same bnode with two INSERT WHERE statement within one request is NOT the same bnode even if both WHERE clauses have the empty solution mapping as the only solution.
  [suite time: 0.0s]

--- bind ---
  PASS: bind01 - BIND
  PASS: bind02 - BIND
  PASS: bind03 - BIND
  PASS: bind04 - BIND
  PASS: bind05 - BIND
  PASS: bind06 - BIND
  PASS: bind07 - BIND
  PASS: bind08 - BIND
  PASS: bind10 - BIND scoping - Variable in filter not in scope
  PASS: bind11 - BIND scoping - Variable in filter in scope
  [suite time: 0.0s]

--- bindings ---
  PASS: Post-query VALUES with subj-var, 1 row
  PASS: Post-query VALUES with obj-var, 1 row
  PASS: Post-query VALUES with 2 obj-vars, 1 row
  PASS: Post-query VALUES with 2 obj-vars, 1 row with UNDEF
  PASS: Post-query VALUES with 2 obj-vars, 2 rows with UNDEF
  PASS: Post-query VALUES with pred-var, 1 row
  PASS: Post-query VALUES with (OPTIONAL) obj-var, 1 row
  PASS: Post-query VALUES with subj/obj-vars, 2 rows with UNDEF
  PASS: Inline VALUES graph pattern
  PASS: Post-subquery VALUES
  PASS: VALUES inside GRAPH binding the same variable as the graph name
  [suite time: 0.0s]

--- cast ---
  PASS: xsd:boolean cast
  PASS: xsd:integer cast
  PASS: xsd:float cast
  PASS: xsd:double cast
  PASS: xsd:decimal cast
  PASS: xsd:string cast
  [suite time: 0.0s]

--- clear ---
  PASS: CLEAR DEFAULT
  PASS: CLEAR GRAPH
  PASS: CLEAR NAMED
  PASS: CLEAR ALL
  [suite time: 0.0s]

--- construct ---
  PASS: constructwhere01 - CONSTRUCT WHERE
  PASS: constructwhere02 - CONSTRUCT WHERE
  PASS: constructwhere03 - CONSTRUCT WHERE
  PASS: constructwhere04 - CONSTRUCT WHERE
  PASS: constructwhere05 - CONSTRUCT WHERE
  PASS: constructwhere06 - CONSTRUCT WHERE
  PASS: CONSTRUCT list
  [suite time: 0.0s]

--- copy ---
  PASS: COPY 1
  PASS: COPY 2
  PASS: COPY 3
  PASS: COPY 4
  PASS: COPY 6
  PASS: COPY 7
  [suite time: 0.0s]

--- csv-tsv-res ---
  PASS: csv01 - CSV Result Format
  PASS: tsv01 - TSV Result Format
  PASS: cvs02 - CSV Result Format
  PASS: tsv02 - TSV Result Format
  PASS: csv03 - CSV Result Format
  PASS: tsv03 - TSV Result Format
  [suite time: 0.0s]

--- delete ---
  PASS: Simple DELETE 1
  PASS: Simple DELETE 2
  PASS: Simple DELETE 3
  PASS: Simple DELETE 4
  PASS: Graph-specific DELETE 1
  PASS: Graph-specific DELETE 2
  PASS: Simple DELETE 7
  PASS: Simple DELETE 1 (WITH)
  PASS: Simple DELETE 2 (WITH)
  PASS: Simple DELETE 3 (WITH)
  PASS: Simple DELETE 4 (WITH)
  PASS: Graph-specific DELETE 1 (WITH)
  PASS: Graph-specific DELETE 2 (WITH)
  PASS: Simple DELETE 1 (USING)
  PASS: Simple DELETE 2 (USING)
  PASS: Simple DELETE 3 (USING)
  PASS: Simple DELETE 4 (USING)
  PASS: Graph-specific DELETE 1 (USING)
  PASS: Graph-specific DELETE 2 (USING)
  [suite time: 0.0s]

--- delete-data ---
  PASS: Simple DELETE DATA 1
  PASS: Simple DELETE DATA 2
  PASS: Simple DELETE DATA 3
  PASS: Simple DELETE DATA 4
  PASS: Graph-specific DELETE DATA 1
  PASS: Graph-specific DELETE DATA 2
  [suite time: 0.0s]

--- delete-insert ---
  PASS: DELETE INSERT 1
  PASS: DELETE INSERT 1b
  PASS: DELETE INSERT 1c
  PASS: DELETE INSERT 2
  PASS: DELETE INSERT 3
  PASS: DELETE INSERT 3b
  PASS: DELETE INSERT 4
  PASS: DELETE INSERT 4b
  PASS: DELETE INSERT 5
  PASS: DELETE INSERT 5b
  PASS: DELETE INSERT 6
  PASS: DELETE INSERT 6b
  PASS: DELETE INSERT 7
  PASS: DELETE INSERT 7b
  PASS: DELETE INSERT 8
  PASS: DELETE INSERT 9
  PASS: Halloween Problem: A delete/insert operation should not be able to read its own writes
  [suite time: 0.0s]

--- delete-where ---
  PASS: Simple DELETE WHERE 1
  PASS: Simple DELETE WHERE 2
  PASS: Simple DELETE WHERE 3
  PASS: Simple DELETE WHERE 4
  PASS: Graph-specific DELETE WHERE 1
  PASS: Graph-specific DELETE WHERE 2
  [suite time: 0.0s]

--- drop ---
  PASS: DROP DEFAULT
  PASS: DROP GRAPH
  PASS: DROP NAMED
  PASS: DROP ALL
  [suite time: 0.0s]

--- entailment ---
  PASS: bind01 - BIND fixed data for OWL DL (32ms)
  PASS: bind02 - BIND fixed data for OWL DL (27ms)
  PASS: bind03 - BIND fixed data for OWL DL (30ms)
  PASS: bind04 - BIND fixed data for OWL DL (25ms)
  PASS: bind05 - BIND fixed data for OWL DL (23ms)
  PASS: bind06 - BIND fixed data for OWL DL (24ms)
  PASS: bind07 - BIND fixed data for OWL DL (26ms)
  PASS: bind08 - BIND fixed data for OWL DL (25ms)
  PASS: D-Entailment test to show that  neither literals in subject position nor newly introduced surrogate blank nodes are to be returned in query answers
  PASS: Literal with language tag test (22ms)
  PASS: bnodes are not existentials (29ms)
  PASS: bnodes are not existentials with answer (35ms)
  PASS: paper-sparqldl-Q1 (51ms)
  PASS: paper-sparqldl-Q1-rdfs
  PASS: paper-sparqldl-Q2 (127ms)
  PASS: paper-sparqldl-Q3 (125ms)
  PASS: paper-sparqldl-Q4 (43ms)
  PASS: paper-sparqldl-Q5 (44ms)
  PASS: filtered subclass query with (hasChild some Thing) restriction (227ms)
  PASS: parent query with distinguished variable (59ms)
  PASS: parent query with (hasChild some Thing) restriction (223ms)
  PASS: parent query with (hasChild min 1) restriction (216ms)
  PASS: parent query with (hasChild some Female) restriction (223ms)
  PASS: parent query with (hasChild min 1 Female) restriction (224ms)
  PASS: parent query with (hasChild max 1 Female) restriction (221ms)
  PASS: parent query with (hasChild exactly 1 Female) restriction (223ms)
  PASS: subclass query with (hasChild some Thing) restriction (228ms)
  PASS: Plain literals with language tag are not the same as the same literal without (19ms)
  PASS: RDF inference test
  PASS: RDF inference test
  PASS: RDF test for blank node cardinalities
  PASS: simple triple pattern match (25ms)
  PASS: RDFS inference test rdfs:subPropertyOf (29ms)
  PASS: RDFS inference test rdfs:subPropertyOf (29ms)
  PASS: RDFS inference test combining subPropertyOf and domain
  PASS: RDFS inference test subClassOf (19ms)
  PASS: RDFS inference test subClassOf (27ms)
  PASS: RDFS inference test domain (25ms)
  PASS: RDFS inference test range (27ms)
  PASS: RDFS inference test rdf:XMLLiteral subclass of rdfs:Literal
  PASS: RDFS inference test transitivity of subClassOf (22ms)
  PASS: RDFS inference test transitivity of subPropertyOf (38ms)
  PASS: RDFS inference test subProperty and instances
  PASS: RDFS inference test containers
  PASS: RDFS inference test to show that neither literals in subject position nor newly introduced surrogate blank nodes are to be returned in query answers (19ms)
  PASS: RIF Logical Entailment (referencing RIF XML)
  PASS: RIF Core WG tests: Frames
  PASS: RIF Core WG tests: Modeling Brain Anatomy (69ms)
  PASS: RIF Core WG tests: RDF Combination Blank Node
  PASS: simple 1 (92ms)
  PASS: simple 2 (90ms)
  PASS: simple 3 (92ms)
  PASS: simple 4 (96ms)
  PASS: simple 5 (97ms)
  PASS: simple 6 (120ms)
  PASS: simple 7 (95ms)
  PASS: simple 8 (90ms)
  PASS: sparqldl-01.rq: triple pattern (22ms)
  PASS: sparqldl-02.rq: simple combined query (23ms)
  PASS: sparqldl-03.rq: combined query with complex class description (31ms)
  PASS: sparqldl-04.rq: bug fixing test (22ms)
  PASS: sparqldl-05.rq: simple undistinguished variable test. (21ms)
  PASS: sparqldl-06.rq: cycle of undistinguished variables (45ms)
  PASS: sparqldl-07.rq: two distinguished variables + undist. (44ms)
  PASS: sparqldl-08.rq: two distinguished variables + undist. (43ms)
  PASS: sparqldl-09.rq: undist vars test (33ms)
  PASS: sparqldl-10.rq: undist vars test (34ms)
  PASS: sparqldl-11.rq: domain test (58ms)
  PASS: sparqldl-12.rq: range test (56ms)
  PASS: sparqldl-13.rq: sameAs (44ms)
  [suite time: 4.2s]

--- exists ---
  PASS: Exists with one constant
  PASS: Exists with ground triple
  PASS: Exists within graph pattern
  PASS: Nested positive exists
  PASS: Nested negative exists in positive exists
  PASS: GRAPH variable inside of EXISTS is bound to external variable
  [suite time: 0.0s]

--- functions ---
  PASS: STRDT()
  PASS: STRDT(STR())
  PASS: STRDT() TypeErrors (updated for RDF 1.1)
  PASS: STRLANG()
  PASS: STRLANG(STR())
  PASS: STRLANG() TypeErrors (updated for RDF 1.1)
  PASS: isNumeric()
  PASS: ABS()
  PASS: CEIL()
  PASS: FLOOR()
  PASS: ROUND()
  PASS: CONCAT()
  PASS: CONCAT() 2
  PASS: CONCAT() without parameter
  PASS: CONCAT() with a single parameter
  PASS: SUBSTR() (3-argument)
  PASS: SUBSTR() (3-argument) on non-BMP unicode strings
  PASS: SUBSTR() (2-argument)
  PASS: SUBSTR() (2-argument) on non-BMP unicode strings
  PASS: STRLEN()
  PASS: STRLEN() on non-BMP unicode strings
  PASS: UCASE()
  PASS: UCASE() on non-BMP unicode strings
  PASS: LCASE()
  PASS: LCASE() on non-BMP unicode strings
  PASS: ENCODE_FOR_URI()
  PASS: ENCODE_FOR_URI() on non-BMP unicode strings
  PASS: CONTAINS()
  PASS: STRSTARTS()
  PASS: STRENDS()
  PASS: plus-1-corrected
  PASS: plus-2-corrected
  PASS: MD5()
  PASS: MD5() over Unicode data
  PASS: SHA1()
  PASS: SHA1() on Unicode data
  PASS: SHA256()
  PASS: SHA256() on Unicode data
  PASS: SHA384()
  PASS: SHA384() on Unicode data
  PASS: SHA512()
  PASS: SHA512() on Unicode data
  PASS: MINUTES()
  PASS: SECONDS()
  PASS: HOURS()
  PASS: MONTH()
  PASS: YEAR()
  PASS: DAY()
  PASS: TIMEZONE()
  PASS: TZ()
  PASS: BNODE(str) (13ms)
  PASS: BNODE()
  PASS: IN 1
  PASS: IN 2
  PASS: NOT IN 1
  PASS: NOT IN 2
  PASS: NOW()
  PASS: RAND()
  PASS: IRI()/URI()
  PASS: IRI()/URI() when the input is an IRI
  PASS: IF()
  PASS: IF() error propogation
  PASS: COALESCE()
  PASS: COALESCE() without arguments
  PASS: STRBEFORE()
  PASS: STRBEFORE() datatyping
  PASS: STRAFTER()
  PASS: STRAFTER() datatyping
  PASS: REPLACE()
  PASS: REPLACE() with overlapping pattern
  PASS: REPLACE() with captured substring
  PASS: REPLACE() with the 'i' option
  PASS: UUID() pattern match
  PASS: UUID() per binding
  PASS: STRUUID() pattern match
  [suite time: 0.1s]

--- grouping ---
  PASS: Group-1
  PASS: Group-3
  PASS: Group-4
  PASS: Group-5
  PASS: Group-6
  PASS: Group-7
  [suite time: 0.0s]

--- http-rdf-update ---
  PASS: PUT - Initial state
  PASS: GET of PUT - Initial state
  PASS: PUT - graph already in store
  PASS: GET of PUT - graph already in store
  PASS: PUT - default graph
  PASS: GET of PUT - default graph
  PASS: PUT - mismatched payload
  PASS: DELETE - existing graph
  PASS: GET of DELETE - existing graph
  PASS: DELETE - non-existent graph
  PASS: POST - existing graph
  PASS: GET of POST - existing graph
  PASS: POST - multipart/form-data
  PASS: GET of POST - multipart/form-data
  PASS: POST - create new graph
  PASS: GET of POST - create new graph
  PASS: GET of POST - after noop
  PASS: HEAD on an existing graph
  PASS: HEAD on a non-existing graph
  [suite time: 0.0s]

--- json-res ---
  PASS: jsonres01 - JSON Result Format
  PASS: jsonres02 - JSON Result Format
  PASS: jsonres03 - JSON Result Format
  PASS: jsonres04 - JSON Result Format
  [suite time: 0.0s]

--- move ---
  PASS: MOVE 1
  PASS: MOVE 2
  PASS: MOVE 3
  PASS: MOVE 4
  PASS: MOVE 6
  PASS: MOVE 7
  [suite time: 0.0s]

--- negation ---
  PASS: Subsets by exclusion (NOT EXISTS)
  PASS: Subsets by exclusion (MINUS)
  PASS: Medical, temporal proximity by exclusion (NOT EXISTS)
  PASS: Calculate which sets are subsets of others (include A subsetOf A)
  PASS: Calculate which sets are subsets of others (exclude A subsetOf A)
  PASS: Calculate which sets have the same elements
  PASS: Calculate proper subset (11ms)
  PASS: Positive EXISTS 1
  PASS: Positive EXISTS 2
  PASS: Subtraction with MINUS from a fully bound minuend
  PASS: Subtraction with MINUS from a partially bound minuend
  PASS: outer GRAPH operator does not affect MINUS disjointness
  [suite time: 0.0s]

--- project-expression ---
  PASS: Expression is equality
  PASS: Expression raise an error
  PASS: Reuse a project expression variable in select
  PASS: Reuse a project expression variable in order by
  PASS: Expression may return no value
  PASS: Expression has undefined variable
  PASS: Expression has variable that may be unbound
  [suite time: 0.0s]

--- property-path ---
  PASS: (pp01) Simple path
  PASS: (pp02) Star path
  PASS: (pp03) Simple path with loop
  PASS: (pp06) Path with two graphs
  PASS: (pp07) Path with one graph
  PASS: (pp08) Reverse path
  PASS: (pp09) Reverse sequence path
  PASS: (pp10) Path with negation
  PASS: (pp11) Simple path and two paths to same target node
  PASS: (pp12) Variable length path and two paths to same target node
  PASS: (pp14) Star path over foaf:knows
  PASS: (pp16) Duplicate paths and cycles through foaf:knows*
  PASS: (pp21) Diamond -- :p+
  PASS: (pp23) Diamond, with tail -- :p+
  PASS: (pp25) Diamond, with loop -- :p+
  PASS: (pp28a) Diamond, with loop -- (:p/:p)?
  PASS: (pp30) Operator precedence 1
  PASS: (pp31) Operator precedence 2
  PASS: (pp32) Operator precedence 3
  PASS: (pp33) Operator precedence 4
  PASS: (pp34) Named Graph 1
  PASS: (pp35) Named Graph 2
  PASS: (pp36) Arbitrary path with bound endpoints
  PASS: (pp37) Nested (*)*
  PASS: ZeroOrX property paths should only return terms in the graph and not also terms defined in the query
  PASS: Negated Property Set with inverse properties
  PASS: Negated Property Set with both direct and inverse properties
  PASS: Negated Property Set with the rdf:type property written using 'a'
  PASS: Negated Property Set with the inverse rdf:type property written using '^a'
  PASS: * with start being a constant on the empty dataset
  PASS: * with end being a constant on the empty dataset
  PASS: ? with start being a constant on the empty dataset
  PASS: ? with end being a constant on the empty dataset
  [suite time: 0.0s]

--- protocol ---
  PASS: query via URL-encoded POST
  PASS: GET query with protocol-specified default graph
  PASS: POST query with protocol-specified default graphs
  PASS: POST query with protocol-specified named graphs
  PASS: GET query with protocol-specified named graphs
  PASS: query with protocol-specified dataset (both named and default graphs)
  PASS: query specifying dataset in both query string and protocol; test for use of protocol-specified dataset
  PASS: query via GET
  PASS: query appropriate content type (expect one of: XML, JSON, CSV, TSV)
  PASS: query appropriate content type (expect one of: XML, JSON)
  PASS: query appropriate content type (expect one of: RDF/XML, Turtle, N-Triples, RDFa)
  PASS: query appropriate content type (expect one of: RDF/XML, Turtle, N-Triples, RDFa)
  PASS: update with protocol-specified default graph
  PASS: update with protocol-specified default graphs
  PASS: update with protocol-specified named graphs (11ms)
  PASS: update with protocol-specified dataset (both named and default graphs)
  PASS: update via URL-encoded POST
  PASS: update via POST directly
  PASS: test for service-defined BASE URI ("which MAY be the service endpoint")
  PASS: query via POST directly
  PASS: invoke query operation with a method other than GET or POST
  PASS: invoke query operation with more than one query string
  PASS: invoke query operation with a POST with media type that's not url-encoded or application/sparql-query
  PASS: invoke query operation with url-encoded body, but without application/x-www-form-urlencoded media type
  PASS: invoke query operation with SPARQL body, but without application/sparql-query media type
  PASS: invoke query operation with direct POST, but with a non-UTF8 encoding (UTF-16)
  PASS: invoke query operation with invalid query syntax (4XX result)
  PASS: invoke update operation with GET
  PASS: invoke update operation with more than one update string
  PASS: invoke update operation with a POST with media type that's not url-encoded or application/sparql-update
  PASS: invoke update operation with url-encoded body, but without application/x-www-form-urlencoded media type
  PASS: invoke update operation with direct POST, but with a non-UTF8 encoding
  PASS: invoke update operation with invalid update syntax
  PASS: invoke update with both using-graph-uri/using-named-graph-uri parameter and USING/WITH clause
  [suite time: 0.1s]

--- service ---
  PASS: SERVICE test 1
  PASS: SERVICE test 2
  PASS: SERVICE test 3
  PASS: SERVICE test 4a with VALUES clause
  PASS: SERVICE test 5
  PASS: SERVICE test 6
  PASS: SERVICE test 7
  [suite time: 0.0s]

--- service-description ---
  PASS: Service description contains a matching sd:endpoint triple
  PASS: GET on endpoint returns RDF
  PASS: Service description conforms to schema
  [suite time: 0.0s]

--- subquery ---
  PASS: sq01 - Subquery within graph pattern
  PASS: sq02 - Subquery within graph pattern, graph variable is bound
  PASS: sq03 - Subquery within graph pattern, graph variable is not bound
  PASS: sq04 - Subquery within graph pattern, default graph does not apply
  PASS: sq05 - Subquery within graph pattern, from named applies
  PASS: sq06 - Subquery with graph pattern, from named applies
  PASS: sq07 - Subquery with from 
  PASS: sq08 - Subquery with aggregate
  PASS: sq09 - Nested Subqueries
  PASS: sq10 - Subquery with exists
  PASS: sq11 - Subquery limit per resource
  PASS: sq12 - Subquery in CONSTRUCT with built-ins
  PASS: sq13 - Subqueries don't inject bindings
  PASS: sq14 - limit by resource
  [suite time: 0.0s]

--- syntax-fed ---
  PASS: syntax-service-01.rq
  PASS: syntax-service-02.rq
  PASS: syntax-service-03.rq
  [suite time: 0.0s]

--- syntax-query ---
  PASS: syntax-select-expr-01.rq
  PASS: syntax-select-expr-02.rq
  PASS: syntax-select-expr-03.rq
  PASS: syntax-select-expr-04.rq
  PASS: syntax-select-expr-05.rq
  PASS: syntax-aggregate-01.rq
  PASS: syntax-aggregate-02.rq
  PASS: syntax-aggregate-03.rq
  PASS: syntax-aggregate-04.rq
  PASS: syntax-aggregate-05.rq
  PASS: syntax-aggregate-06.rq
  PASS: syntax-aggregate-07.rq
  PASS: syntax-aggregate-08.rq
  PASS: syntax-aggregate-09.rq
  PASS: syntax-aggregate-10.rq
  PASS: syntax-aggregate-11.rq
  PASS: syntax-aggregate-12.rq
  PASS: syntax-aggregate-13.rq
  PASS: syntax-aggregate-14.rq
  PASS: syntax-aggregate-15.rq
  PASS: syntax-subquery-01.rq
  PASS: syntax-subquery-02.rq
  PASS: syntax-subquery-03.rq
  PASS: syntax-not-exists-01.rq
  PASS: syntax-not-exists-02.rq
  PASS: syntax-not-exists-03.rq
  PASS: syntax-exists-01.rq
  PASS: syntax-exists-02.rq
  PASS: syntax-exists-03.rq
  PASS: syntax-minus-01.rq
  PASS: syntax-oneof-01.rq
  PASS: syntax-oneof-02.rq
  PASS: syntax-oneof-03.rq
  PASS: syntax-bindingBINDscopes-01.rq
  PASS: syntax-bindings-02a.rq with VALUES clause
  PASS: syntax-bindings-03a.rq with VALUES clause
  PASS: syntax-bindings-05a.rq with VALUES clause
  PASS: syntax-bind-02.rq
  PASS: syntax-construct-where-01.rq
  PASS: syntax-construct-where-02.rq
  PASS: syn-bad-01.rq
  PASS: syn-bad-02.rq
  PASS: syn-bad-03.rq
  PASS: syn-bad-04.rq
  PASS: syn-bad-05.rq
  PASS: syn-bad-06.rq
  PASS: syn-bad-07.rq
  PASS: syn-bad-08.rq
  PASS: syntax-bindings-09.rq
  PASS: PrefixName with hex-encoded colons
  PASS: PrefixName with unescaped colons
  PASS: syntax-BINDscope1.rq
  PASS: syntax-BINDscope2.rq
  PASS: syntax-BINDscope3.rq
  PASS: syntax-BINDscope4.rq
  PASS: syntax-BINDscope5.rq
  PASS: syntax-BINDscope6.rq
  PASS: syntax-BINDscope7.rq
  PASS: syntax-BINDscope8.rq
  PASS: syntax-propertyPaths-01.rq
  PASS: syntax-SELECTscope1.rq
  PASS: syntax-SELECTscope2
  PASS: syntax-SELECTscope3.rq
  PASS: syn-pname-01
  PASS: syn-pname-02
  PASS: syn-pname-03
  PASS: syn-pname-04
  PASS: syn-pname-05
  PASS: syn-pname-06
  PASS: syn-pname-07
  PASS: syn-pname-08
  PASS: syn-pname-09
  PASS: syn-bad-pname-01
  PASS: syn-bad-pname-02
  PASS: syn-bad-pname-03
  PASS: syn-bad-pname-04
  PASS: syn-bad-pname-05
  PASS: syn-bad-pname-06
  PASS: syn-bad-pname-07
  PASS: syn-bad-pname-08
  PASS: syn-bad-pname-09
  PASS: syn-bad-pname-10
  PASS: syn-bad-pname-11
  PASS: syn-bad-pname-12
  PASS: syn-bad-pname-13
  PASS: syn-pp-in-collection
  PASS: \U unicode codepoint escaping in literal
  PASS: Invalid multi-pass codepoint escaping (\u then \U)
  PASS: Invalid multi-pass codepoint escaping (\U then \u)
  PASS: utf8 literal using codepoints at notable unicode boundaries
  PASS: \U and \u unicode codepoint escaping in literal using codepoints at notable unicode boundaries
  PASS: \u unicode codepoint escaping in literal using partial surrogate pair
  PASS: Too few values in a VALUE clause compared to the number of variables
  PASS: Too many values in a VALUE clause compared to the number of variables
  [suite time: 0.0s]

--- syntax-update-1 ---
  PASS: syntax-update-01.ru
  PASS: syntax-update-02.ru
  PASS: syntax-update-03.ru
  PASS: syntax-update-04.ru
  PASS: syntax-update-05.ru
  PASS: syntax-update-06.ru
  PASS: syntax-update-07.ru
  PASS: syntax-update-08.ru
  PASS: syntax-update-09.ru
  PASS: syntax-update-10.ru
  PASS: syntax-update-11.ru
  PASS: syntax-update-12.ru
  PASS: syntax-update-13.ru
  PASS: syntax-update-14.ru
  PASS: syntax-update-15.ru
  PASS: syntax-update-16.ru
  PASS: syntax-update-17.ru
  PASS: syntax-update-18.ru
  PASS: syntax-update-19.ru
  PASS: syntax-update-20.ru
  PASS: syntax-update-21.ru
  PASS: syntax-update-22.ru
  PASS: syntax-update-23.ru
  PASS: syntax-update-24.ru
  PASS: syntax-update-25.ru
  PASS: syntax-update-26.ru
  PASS: syntax-update-27.ru
  PASS: syntax-update-28.ru
  PASS: syntax-update-29.ru
  PASS: syntax-update-30.ru
  PASS: syntax-update-31.ru
  PASS: syntax-update-32.ru
  PASS: syntax-update-33.ru
  PASS: syntax-update-34.ru
  PASS: syntax-update-35.ru
  PASS: syntax-update-36.ru
  PASS: syntax-update-37.ru
  PASS: syntax-update-38.ru
  PASS: syntax-update-39.ru
  PASS: syntax-update-40.ru
  PASS: syntax-update-bad-01.ru
  PASS: syntax-update-bad-02.ru
  PASS: syntax-update-bad-03.ru
  PASS: syntax-update-bad-04.ru
  PASS: syntax-update-bad-05.ru
  PASS: syntax-update-bad-06.ru
  PASS: syntax-update-bad-07.ru
  PASS: syntax-update-bad-08.ru
  PASS: syntax-update-bad-09.ru
  PASS: syntax-update-bad-10.ru
  PASS: syntax-update-bad-11.ru
  PASS: syntax-update-bad-12.ru
  PASS: syntax-update-53.ru
  PASS: syntax-update-54.ru
  [suite time: 0.0s]

--- syntax-update-2 ---
  PASS: syntax-update-other-01 (21ms)
  [suite time: 0.0s]

--- update-silent ---
  PASS: LOAD SILENT
  PASS: LOAD SILENT INTO
  PASS: CLEAR SILENT GRAPH iri
  PASS: CLEAR SILENT DEFAULT
  PASS: CREATE SILENT iri
  PASS: DROP SILENT GRAPH iri
  PASS: DROP SILENT DEFAULT
  PASS: COPY SILENT
  PASS: COPY SILENT TO DEFAULT
  PASS: MOVE SILENT
  PASS: MOVE SILENT TO DEFAULT
  PASS: ADD SILENT
  PASS: ADD SILENT TO DEFAULT
  [suite time: 0.0s]

========================================
Suite Results:
  add                                 pass:8 fail:0 skip:0 unsupported:0
  aggregates                          pass:47 fail:0 skip:0 unsupported:0
  basic-update                        pass:13 fail:0 skip:0 unsupported:0
  bind                                pass:10 fail:0 skip:0 unsupported:0
  bindings                            pass:11 fail:0 skip:0 unsupported:0
  cast                                pass:6 fail:0 skip:0 unsupported:0
  clear                               pass:4 fail:0 skip:0 unsupported:0
  construct                           pass:7 fail:0 skip:0 unsupported:0
  copy                                pass:6 fail:0 skip:0 unsupported:0
  csv-tsv-res                         pass:6 fail:0 skip:0 unsupported:0
  delete                              pass:19 fail:0 skip:0 unsupported:0
  delete-data                         pass:6 fail:0 skip:0 unsupported:0
  delete-insert                       pass:17 fail:0 skip:0 unsupported:0
  delete-where                        pass:6 fail:0 skip:0 unsupported:0
  drop                                pass:4 fail:0 skip:0 unsupported:0
  entailment                          pass:70 fail:0 skip:0 unsupported:0
  exists                              pass:6 fail:0 skip:0 unsupported:0
  functions                           pass:75 fail:0 skip:0 unsupported:0
  grouping                            pass:6 fail:0 skip:0 unsupported:0
  http-rdf-update                     pass:19 fail:0 skip:0 unsupported:0
  json-res                            pass:4 fail:0 skip:0 unsupported:0
  move                                pass:6 fail:0 skip:0 unsupported:0
  negation                            pass:12 fail:0 skip:0 unsupported:0
  project-expression                  pass:7 fail:0 skip:0 unsupported:0
  property-path                       pass:33 fail:0 skip:0 unsupported:0
  protocol                            pass:34 fail:0 skip:0 unsupported:0
  service                             pass:7 fail:0 skip:0 unsupported:0
  service-description                 pass:3 fail:0 skip:0 unsupported:0
  subquery                            pass:14 fail:0 skip:0 unsupported:0
  syntax-fed                          pass:3 fail:0 skip:0 unsupported:0
  syntax-query                        pass:94 fail:0 skip:0 unsupported:0
  syntax-update-1                     pass:54 fail:0 skip:0 unsupported:0
  syntax-update-2                     pass:1 fail:0 skip:0 unsupported:0
  update-silent                       pass:13 fail:0 skip:0 unsupported:0
========================================
TOTAL: 631 pass, 0 fail, 0 skip, 0 unsupported
========================================

Harness Diagnostics (escape branches, #316):
HARNESS-DIAG add                            budget_exceeded:0 gsp_seed:0 no_manifest:0 zero_tests:0 skip:0 unsupported:0
HARNESS-DIAG aggregates                     budget_exceeded:0 gsp_seed:0 no_manifest:0 zero_tests:0 skip:0 unsupported:0
HARNESS-DIAG basic-update                   budget_exceeded:0 gsp_seed:0 no_manifest:0 zero_tests:0 skip:0 unsupported:0
HARNESS-DIAG bind                           budget_exceeded:0 gsp_seed:0 no_manifest:0 zero_tests:0 skip:0 unsupported:0
HARNESS-DIAG bindings                       budget_exceeded:0 gsp_seed:0 no_manifest:0 zero_tests:0 skip:0 unsupported:0
HARNESS-DIAG cast                           budget_exceeded:0 gsp_seed:0 no_manifest:0 zero_tests:0 skip:0 unsupported:0
HARNESS-DIAG clear                          budget_exceeded:0 gsp_seed:0 no_manifest:0 zero_tests:0 skip:0 unsupported:0
HARNESS-DIAG construct                      budget_exceeded:0 gsp_seed:0 no_manifest:0 zero_tests:0 skip:0 unsupported:0
HARNESS-DIAG copy                           budget_exceeded:0 gsp_seed:0 no_manifest:0 zero_tests:0 skip:0 unsupported:0
HARNESS-DIAG csv-tsv-res                    budget_exceeded:0 gsp_seed:0 no_manifest:0 zero_tests:0 skip:0 unsupported:0
HARNESS-DIAG delete                         budget_exceeded:0 gsp_seed:0 no_manifest:0 zero_tests:0 skip:0 unsupported:0
HARNESS-DIAG delete-data                    budget_exceeded:0 gsp_seed:0 no_manifest:0 zero_tests:0 skip:0 unsupported:0
HARNESS-DIAG delete-insert                  budget_exceeded:0 gsp_seed:0 no_manifest:0 zero_tests:0 skip:0 unsupported:0
HARNESS-DIAG delete-where                   budget_exceeded:0 gsp_seed:0 no_manifest:0 zero_tests:0 skip:0 unsupported:0
HARNESS-DIAG drop                           budget_exceeded:0 gsp_seed:0 no_manifest:0 zero_tests:0 skip:0 unsupported:0
HARNESS-DIAG entailment                     budget_exceeded:0 gsp_seed:0 no_manifest:0 zero_tests:0 skip:0 unsupported:0
HARNESS-DIAG exists                         budget_exceeded:0 gsp_seed:0 no_manifest:0 zero_tests:0 skip:0 unsupported:0
HARNESS-DIAG functions                      budget_exceeded:0 gsp_seed:0 no_manifest:0 zero_tests:0 skip:0 unsupported:0
HARNESS-DIAG grouping                       budget_exceeded:0 gsp_seed:0 no_manifest:0 zero_tests:0 skip:0 unsupported:0
HARNESS-DIAG http-rdf-update                budget_exceeded:0 gsp_seed:1 no_manifest:0 zero_tests:0 skip:0 unsupported:0
HARNESS-DIAG json-res                       budget_exceeded:0 gsp_seed:0 no_manifest:0 zero_tests:0 skip:0 unsupported:0
HARNESS-DIAG move                           budget_exceeded:0 gsp_seed:0 no_manifest:0 zero_tests:0 skip:0 unsupported:0
HARNESS-DIAG negation                       budget_exceeded:0 gsp_seed:0 no_manifest:0 zero_tests:0 skip:0 unsupported:0
HARNESS-DIAG project-expression             budget_exceeded:0 gsp_seed:0 no_manifest:0 zero_tests:0 skip:0 unsupported:0
HARNESS-DIAG property-path                  budget_exceeded:0 gsp_seed:0 no_manifest:0 zero_tests:0 skip:0 unsupported:0
HARNESS-DIAG protocol                       budget_exceeded:0 gsp_seed:0 no_manifest:0 zero_tests:0 skip:0 unsupported:0
HARNESS-DIAG service                        budget_exceeded:0 gsp_seed:0 no_manifest:0 zero_tests:0 skip:0 unsupported:0
HARNESS-DIAG service-description            budget_exceeded:0 gsp_seed:0 no_manifest:0 zero_tests:0 skip:0 unsupported:0
HARNESS-DIAG subquery                       budget_exceeded:0 gsp_seed:0 no_manifest:0 zero_tests:0 skip:0 unsupported:0
HARNESS-DIAG syntax-fed                     budget_exceeded:0 gsp_seed:0 no_manifest:0 zero_tests:0 skip:0 unsupported:0
HARNESS-DIAG syntax-query                   budget_exceeded:0 gsp_seed:0 no_manifest:0 zero_tests:0 skip:0 unsupported:0
HARNESS-DIAG syntax-update-1                budget_exceeded:0 gsp_seed:0 no_manifest:0 zero_tests:0 skip:0 unsupported:0
HARNESS-DIAG syntax-update-2                budget_exceeded:0 gsp_seed:0 no_manifest:0 zero_tests:0 skip:0 unsupported:0
HARNESS-DIAG update-silent                  budget_exceeded:0 gsp_seed:0 no_manifest:0 zero_tests:0 skip:0 unsupported:0
HARNESS-DIAG-TOTAL budget_exceeded:0 gsp_seed:1 no_manifest:0 zero_tests:0 skip:0 unsupported:0 discovered_tests:631


=== W3C RDF 1.1 Test Runner ===
Test base: ../../third_party/testing/w3c/rdf/rdf11


--- rdf-mt ---
  PASS: datatypes-intensional-xsd-integer-decimal-compatible
  PASS: datatypes-non-well-formed-literal-1
  PASS: datatypes-non-well-formed-literal-2
  PASS: datatypes-semantic-equivalence-within-type-1
  PASS: datatypes-semantic-equivalence-within-type-2
  PASS: datatypes-semantic-equivalence-between-datatypes
  PASS: datatypes-range-clash
  PASS: datatypes-test008
  PASS: datatypes-test009
  PASS: datatypes-test010
  PASS: datatypes-plain-literal-and-xsd-string
  PASS: horst-01-subClassOf-intensional
  PASS: horst-01-subPropertyOf-intensional
  PASS: rdf-charmod-uris-test003
  PASS: rdf-charmod-uris-test004
  PASS: rdfms-seq-representation-test002
  PASS: rdfms-seq-representation-test003
  PASS: rdfms-seq-representation-test004
  PASS: rdfms-xmllang-test007a
  PASS: rdfms-xmllang-test007b
  PASS: rdfms-xmllang-test007c
  PASS: rdfs-container-membership-superProperty-test001
  PASS: rdfs-domain-and-range-intensionality-range
  PASS: rdfs-domain-and-range-intensionality-domain
  unsup: rdfs-entailment-test001 — rdf:XMLLiteral well-formedness detection not implemented (RDF 1.1 sec 5.1: XMLLiteral support is optional)
  PASS: rdfs-entailment-test002
  PASS: rdfs-no-cycles-in-subClassOf-test001
  PASS: rdfs-no-cycles-in-subPropertyOf-test001
  PASS: rdfs-subClassOf-a-Property-test001
  PASS: rdfs-subPropertyOf-semantics-test001
  PASS: statement-entailment-test001
  PASS: statement-entailment-test002
  PASS: statement-entailment-test003
  PASS: statement-entailment-test004
  PASS: tex-01-language-tag-case-1
  PASS: tex-01-language-tag-case-2
  PASS: xmlsch-02-whitespace-facet-1
  PASS: xmlsch-02-whitespace-facet-2
  PASS: xmlsch-02-whitespace-facet-4
  [suite time: 0.0s]

--- rdf-n-quads ---
  PASS: nq-syntax-uri-01
  PASS: nq-syntax-uri-02
  PASS: nq-syntax-uri-03
  PASS: nq-syntax-uri-04
  PASS: nq-syntax-uri-05
  PASS: nq-syntax-uri-06
  PASS: nq-syntax-bnode-01
  PASS: nq-syntax-bnode-02
  PASS: nq-syntax-bnode-03
  PASS: nq-syntax-bnode-04
  PASS: nq-syntax-bnode-05
  PASS: nq-syntax-bnode-06
  PASS: nq-syntax-bad-literal-01
  PASS: nq-syntax-bad-literal-02
  PASS: nq-syntax-bad-literal-03
  PASS: nq-syntax-bad-uri-01
  PASS: nq-syntax-bad-quint-01
  PASS: nt-syntax-file-01
  PASS: nt-syntax-file-02
  PASS: nt-syntax-file-03
  PASS: nt-syntax-uri-01
  PASS: nt-syntax-uri-02
  PASS: nt-syntax-uri-03
  PASS: nt-syntax-uri-04
  PASS: nt-syntax-string-01
  PASS: nt-syntax-string-02
  PASS: nt-syntax-string-03
  PASS: nt-syntax-str-esc-01
  PASS: nt-syntax-str-esc-02
  PASS: nt-syntax-str-esc-03
  PASS: nt-syntax-bnode-01
  PASS: nt-syntax-bnode-02
  PASS: nt-syntax-bnode-03
  PASS: nt-syntax-datatypes-01
  PASS: nt-syntax-datatypes-02
  PASS: nt-syntax-bad-uri-01
  PASS: nt-syntax-bad-uri-02
  PASS: nt-syntax-bad-uri-03
  PASS: nt-syntax-bad-uri-04
  PASS: nt-syntax-bad-uri-05
  PASS: nt-syntax-bad-uri-06
  PASS: nt-syntax-bad-uri-07
  PASS: nt-syntax-bad-uri-08
  PASS: nt-syntax-bad-uri-09
  PASS: nt-syntax-bad-prefix-01
  PASS: nt-syntax-bad-base-01
  PASS: nt-syntax-bad-bnode-01
  PASS: nt-syntax-bad-bnode-02
  PASS: nt-syntax-bad-struct-01
  PASS: nt-syntax-bad-struct-02
  PASS: nt-syntax-bad-lang-01
  PASS: nt-syntax-bad-esc-01
  PASS: nt-syntax-bad-esc-02
  PASS: nt-syntax-bad-esc-03
  PASS: nt-syntax-bad-string-01
  PASS: nt-syntax-bad-string-02
  PASS: nt-syntax-bad-string-03
  PASS: nt-syntax-bad-string-04
  PASS: nt-syntax-bad-string-05
  PASS: nt-syntax-bad-string-06
  PASS: nt-syntax-bad-string-07
  PASS: nt-syntax-bad-num-01
  PASS: nt-syntax-bad-num-02
  PASS: nt-syntax-bad-num-03
  PASS: nt-syntax-subm-01
  PASS: comment_following_triple
  PASS: literal
  PASS: literal_all_controls
  PASS: literal_all_punctuation
  PASS: literal_ascii_boundaries
  PASS: literal_with_2_dquotes
  PASS: literal_with_2_squotes
  PASS: literal_with_BACKSPACE
  PASS: literal_with_CARRIAGE_RETURN
  PASS: literal_with_CHARACTER_TABULATION
  PASS: literal_with_dquote
  PASS: literal_with_FORM_FEED
  PASS: literal_with_LINE_FEED
  PASS: literal_with_numeric_escape4
  PASS: literal_with_numeric_escape8
  PASS: literal_with_REVERSE_SOLIDUS
  PASS: literal_with_REVERSE_SOLIDUS2
  PASS: literal_with_squote
  PASS: literal_with_UTF8_boundaries
  PASS: langtagged_string
  PASS: lantag_with_subtag
  PASS: minimal_whitespace
  [suite time: 0.0s]

--- rdf-n-triples ---
  PASS: nt-syntax-file-01
  PASS: nt-syntax-file-02
  PASS: nt-syntax-file-03
  PASS: nt-syntax-uri-01
  PASS: nt-syntax-uri-02
  PASS: nt-syntax-uri-03
  PASS: nt-syntax-uri-04
  PASS: nt-syntax-string-01
  PASS: nt-syntax-string-02
  PASS: nt-syntax-string-03
  PASS: nt-syntax-str-esc-01
  PASS: nt-syntax-str-esc-02
  PASS: nt-syntax-str-esc-03
  PASS: nt-syntax-bnode-01
  PASS: nt-syntax-bnode-02
  PASS: nt-syntax-bnode-03
  PASS: nt-syntax-datatypes-01
  PASS: nt-syntax-datatypes-02
  PASS: nt-syntax-bad-uri-01
  PASS: nt-syntax-bad-uri-02
  PASS: nt-syntax-bad-uri-03
  PASS: nt-syntax-bad-uri-04
  PASS: nt-syntax-bad-uri-05
  PASS: nt-syntax-bad-uri-06
  PASS: nt-syntax-bad-uri-07
  PASS: nt-syntax-bad-uri-08
  PASS: nt-syntax-bad-uri-09
  PASS: nt-syntax-bad-prefix-01
  PASS: nt-syntax-bad-base-01
  PASS: nt-syntax-bad-bnode-01
  PASS: nt-syntax-bad-bnode-02
  PASS: nt-syntax-bad-struct-01
  PASS: nt-syntax-bad-struct-02
  PASS: nt-syntax-bad-lang-01
  PASS: nt-syntax-bad-esc-01
  PASS: nt-syntax-bad-esc-02
  PASS: nt-syntax-bad-esc-03
  PASS: nt-syntax-bad-string-01
  PASS: nt-syntax-bad-string-02
  PASS: nt-syntax-bad-string-03
  PASS: nt-syntax-bad-string-04
  PASS: nt-syntax-bad-string-05
  PASS: nt-syntax-bad-string-06
  PASS: nt-syntax-bad-string-07
  PASS: nt-syntax-bad-num-01
  PASS: nt-syntax-bad-num-02
  PASS: nt-syntax-bad-num-03
  PASS: nt-syntax-subm-01
  PASS: comment_following_triple
  PASS: literal
  PASS: literal_all_controls
  PASS: literal_all_punctuation
  PASS: literal_ascii_boundaries
  PASS: literal_with_2_dquotes
  PASS: literal_with_2_squotes
  PASS: literal_with_BACKSPACE
  PASS: literal_with_CARRIAGE_RETURN
  PASS: literal_with_CHARACTER_TABULATION
  PASS: literal_with_dquote
  PASS: literal_with_FORM_FEED
  PASS: literal_with_LINE_FEED
  PASS: literal_with_numeric_escape4
  PASS: literal_with_numeric_escape8
  PASS: literal_with_REVERSE_SOLIDUS
  PASS: literal_with_REVERSE_SOLIDUS2
  PASS: literal_with_squote
  PASS: literal_with_UTF8_boundaries
  PASS: langtagged_string
  PASS: lantag_with_subtag
  PASS: minimal_whitespace
  [suite time: 0.0s]

--- rdf-trig ---
  PASS: anonymous_blank_node_graph
  PASS: labeled_blank_node_graph
  PASS: alternating_iri_graphs
  PASS: alternating_bnode_graphs
  PASS: trig-syntax-bad-base-04
  PASS: trig-syntax-bad-base-05
  PASS: trig-syntax-bad-prefix-06
  PASS: trig-syntax-bad-prefix-07
  PASS: trig-syntax-struct-06
  PASS: trig-syntax-struct-07
  PASS: trig-syntax-minimal-whitespace-01
  PASS: IRI_subject
  PASS: IRI_with_four_digit_numeric_escape
  PASS: IRI_with_eight_digit_numeric_escape
  PASS: IRI_with_all_punctuation
  PASS: bareword_a_predicate
  PASS: old_style_prefix
  PASS: SPARQL_style_prefix
  PASS: prefixed_IRI_predicate
  PASS: prefixed_IRI_object
  PASS: prefix_only_IRI
  PASS: prefix_with_PN_CHARS_BASE_character_boundaries
  PASS: prefix_with_non_leading_extras
  PASS: default_namespace_IRI
  PASS: prefix_reassigned_and_used
  PASS: reserved_escaped_localName
  PASS: percent_escaped_localName
  PASS: HYPHEN_MINUS_in_localName
  PASS: underscore_in_localName
  PASS: localname_with_COLON
  PASS: localName_with_assigned_nfc_bmp_PN_CHARS_BASE_character_boundaries
  PASS: localName_with_assigned_nfc_PN_CHARS_BASE_character_boundaries
  PASS: localName_with_nfc_PN_CHARS_BASE_character_boundaries
  PASS: localName_with_leading_underscore
  PASS: localName_with_leading_digit
  PASS: localName_with_non_leading_extras
  PASS: old_style_base
  PASS: SPARQL_style_base
  PASS: labeled_blank_node_subject
  PASS: labeled_blank_node_object
  PASS: labeled_blank_node_with_PN_CHARS_BASE_character_boundaries
  PASS: labeled_blank_node_with_leading_underscore
  PASS: labeled_blank_node_with_leading_digit
  PASS: labeled_blank_node_with_non_leading_extras
  PASS: anonymous_blank_node_subject
  PASS: anonymous_blank_node_object
  PASS: sole_blankNodePropertyList
  PASS: blankNodePropertyList_as_subject
  PASS: blankNodePropertyList_as_object
  PASS: blankNodePropertyList_as_object_containing_objectList
  PASS: blankNodePropertyList_as_object_containing_objectList_of_two_objects
  PASS: blankNodePropertyList_with_multiple_triples
  PASS: nested_blankNodePropertyLists
  PASS: blankNodePropertyList_containing_collection
  PASS: collection_subject
  PASS: collection_object
  PASS: empty_collection
  PASS: nested_collection
  PASS: first
  PASS: last
  PASS: LITERAL1
  PASS: LITERAL1_ascii_boundaries
  PASS: LITERAL1_with_UTF8_boundaries
  PASS: LITERAL1_all_controls
  PASS: LITERAL1_all_punctuation
  PASS: LITERAL_LONG1
  PASS: LITERAL_LONG1_ascii_boundaries
  PASS: LITERAL_LONG1_with_UTF8_boundaries
  PASS: LITERAL_LONG1_with_1_squote
  PASS: LITERAL_LONG1_with_2_squotes
  PASS: LITERAL2
  PASS: LITERAL2_ascii_boundaries
  PASS: LITERAL2_with_UTF8_boundaries
  PASS: LITERAL_LONG2
  PASS: LITERAL_LONG2_ascii_boundaries
  PASS: LITERAL_LONG2_with_UTF8_boundaries
  PASS: LITERAL_LONG2_with_1_squote
  PASS: LITERAL_LONG2_with_2_squotes
  PASS: literal_with_CHARACTER_TABULATION
  PASS: literal_with_BACKSPACE
  PASS: literal_with_LINE_FEED
  PASS: literal_with_CARRIAGE_RETURN
  PASS: literal_with_FORM_FEED
  PASS: literal_with_REVERSE_SOLIDUS
  PASS: literal_with_escaped_CHARACTER_TABULATION
  PASS: literal_with_escaped_BACKSPACE
  PASS: literal_with_escaped_LINE_FEED
  PASS: literal_with_escaped_CARRIAGE_RETURN
  PASS: literal_with_escaped_FORM_FEED
  PASS: literal_with_numeric_escape4
  PASS: literal_with_numeric_escape8
  PASS: IRIREF_datatype
  PASS: prefixed_name_datatype
  PASS: bareword_integer
  PASS: bareword_decimal
  PASS: bareword_double
  PASS: double_lower_case_e
  PASS: negative_numeric
  PASS: positive_numeric
  PASS: numeric_with_leading_0
  PASS: literal_true
  PASS: literal_false
  PASS: langtagged_non_LONG
  PASS: langtagged_LONG
  PASS: lantag_with_subtag
  PASS: objectList_with_two_objects
  PASS: predicateObjectList_with_two_objectLists
  PASS: predicateObjectList_with_blankNodePropertyList_as_object
  PASS: repeated_semis_at_end
  PASS: repeated_semis_not_at_end
  PASS: comment_following_localName
  PASS: number_sign_following_localName
  PASS: comment_following_PNAME_NS
  PASS: number_sign_following_PNAME_NS
  PASS: LITERAL_LONG2_with_REVERSE_SOLIDUS
  PASS: trig-syntax-bad-num-05
  PASS: two_LITERAL_LONG2s
  PASS: langtagged_LONG_with_subtag
  PASS: trig-syntax-file-01
  PASS: trig-syntax-file-02
  PASS: trig-syntax-file-03
  PASS: trig-syntax-uri-01
  PASS: trig-syntax-uri-02
  PASS: trig-syntax-uri-03
  PASS: trig-syntax-uri-04
  PASS: trig-syntax-base-01
  PASS: trig-syntax-base-02
  PASS: trig-syntax-base-03
  PASS: trig-syntax-base-04
  PASS: trig-syntax-prefix-01
  PASS: trig-syntax-prefix-02
  PASS: trig-syntax-prefix-03
  PASS: trig-syntax-prefix-04
  PASS: trig-syntax-prefix-05
  PASS: trig-syntax-prefix-06
  PASS: trig-syntax-prefix-07
  PASS: trig-syntax-prefix-08
  PASS: trig-syntax-prefix-09
  PASS: trig-syntax-string-01
  PASS: trig-syntax-string-02
  PASS: trig-syntax-string-03
  PASS: trig-syntax-string-04
  PASS: trig-syntax-string-05
  PASS: trig-syntax-string-06
  PASS: trig-syntax-string-07
  PASS: trig-syntax-string-08
  PASS: trig-syntax-string-09
  PASS: trig-syntax-string-10
  PASS: trig-syntax-string-11
  PASS: trig-syntax-str-esc-01
  PASS: trig-syntax-str-esc-02
  PASS: trig-syntax-str-esc-03
  PASS: trig-syntax-pname-esc-01
  PASS: trig-syntax-pname-esc-02
  PASS: trig-syntax-pname-esc-03
  PASS: trig-syntax-bnode-01
  PASS: trig-syntax-bnode-02
  PASS: trig-syntax-bnode-03
  PASS: trig-syntax-bnode-04
  PASS: trig-syntax-bnode-05
  PASS: trig-syntax-bnode-06
  PASS: trig-syntax-bnode-07
  PASS: trig-syntax-bnode-08
  PASS: trig-syntax-bnode-09
  PASS: trig-syntax-bnode-10
  PASS: trig-syntax-number-01
  PASS: trig-syntax-number-02
  PASS: trig-syntax-number-03
  PASS: trig-syntax-number-04
  PASS: trig-syntax-number-05
  PASS: trig-syntax-number-06
  PASS: trig-syntax-number-07
  PASS: trig-syntax-number-08
  PASS: trig-syntax-number-09
  PASS: trig-syntax-number-10
  PASS: trig-syntax-number-11
  PASS: trig-syntax-number-12
  PASS: trig-syntax-number-13
  PASS: trig-syntax-datatypes-01
  PASS: trig-syntax-datatypes-02
  PASS: trig-syntax-kw-01
  PASS: trig-syntax-kw-02
  PASS: trig-syntax-kw-03
  PASS: trig-syntax-struct-01
  PASS: trig-syntax-struct-02
  PASS: trig-syntax-struct-03
  PASS: trig-syntax-struct-04
  PASS: trig-syntax-struct-05
  PASS: trig-syntax-lists-01
  PASS: trig-syntax-lists-02
  PASS: trig-syntax-lists-03
  PASS: trig-syntax-lists-04
  PASS: trig-syntax-lists-05
  PASS: trig-syntax-bad-uri-01
  PASS: trig-syntax-bad-uri-02
  PASS: trig-syntax-bad-uri-03
  PASS: trig-syntax-bad-uri-04
  PASS: trig-syntax-bad-uri-05
  PASS: trig-syntax-bad-prefix-01
  PASS: trig-syntax-bad-prefix-02
  PASS: trig-syntax-bad-prefix-03
  PASS: trig-syntax-bad-prefix-04
  PASS: trig-syntax-bad-prefix-05
  PASS: trig-syntax-bad-base-01
  PASS: trig-syntax-bad-base-02
  PASS: trig-syntax-bad-base-03
  PASS: trig-syntax-bad-bnode-01
  PASS: trig-syntax-bad-bnode-02
  PASS: trig-syntax-bad-struct-02
  PASS: trig-syntax-bad-struct-03
  PASS: trig-syntax-bad-struct-04
  PASS: trig-syntax-bad-struct-05
  PASS: trig-syntax-bad-struct-06
  PASS: trig-syntax-bad-struct-07
  PASS: trig-syntax-bad-kw-01
  PASS: trig-syntax-bad-kw-02
  PASS: trig-syntax-bad-kw-03
  PASS: trig-syntax-bad-kw-04
  PASS: trig-syntax-bad-kw-05
  PASS: trig-syntax-bad-n3-extras-01
  PASS: trig-syntax-bad-n3-extras-02
  PASS: trig-syntax-bad-n3-extras-03
  PASS: trig-syntax-bad-n3-extras-04
  PASS: trig-syntax-bad-n3-extras-05
  PASS: trig-syntax-bad-n3-extras-06
  PASS: trig-syntax-bad-n3-extras-07
  PASS: trig-syntax-bad-n3-extras-08
  PASS: trig-syntax-bad-n3-extras-09
  PASS: trig-syntax-bad-n3-extras-10
  PASS: trig-syntax-bad-n3-extras-11
  PASS: trig-syntax-bad-n3-extras-12
  PASS: trig-syntax-bad-n3-extras-13
  PASS: trig-syntax-bad-numeric-escape-01
  PASS: trig-syntax-bad-numeric-escape-02
  PASS: trig-syntax-bad-numeric-escape-03
  PASS: trig-syntax-bad-numeric-escape-04
  PASS: trig-syntax-bad-numeric-escape-05
  PASS: trig-syntax-bad-numeric-escape-06
  PASS: trig-syntax-bad-numeric-escape-07
  PASS: trig-syntax-bad-numeric-escape-08
  PASS: trig-syntax-bad-numeric-escape-09
  PASS: trig-syntax-bad-numeric-escape-10
  PASS: trig-syntax-bad-struct-09
  PASS: trig-syntax-bad-struct-10
  PASS: trig-syntax-bad-struct-12
  PASS: trig-syntax-bad-struct-13
  PASS: trig-syntax-bad-struct-14
  PASS: trig-syntax-bad-struct-15
  PASS: trig-syntax-bad-struct-16
  PASS: trig-syntax-bad-struct-17
  PASS: trig-syntax-bad-lang-01
  PASS: trig-syntax-bad-esc-01
  PASS: trig-syntax-bad-esc-02
  PASS: trig-syntax-bad-esc-03
  PASS: trig-syntax-bad-esc-04
  PASS: trig-syntax-bad-pname-01
  PASS: trig-syntax-bad-pname-02
  PASS: trig-syntax-bad-pname-03
  PASS: trig-syntax-bad-string-01
  PASS: trig-syntax-bad-string-02
  PASS: trig-syntax-bad-string-03
  PASS: trig-syntax-bad-string-04
  PASS: trig-syntax-bad-string-05
  PASS: trig-syntax-bad-string-06
  PASS: trig-syntax-bad-string-07
  PASS: trig-syntax-bad-num-01
  PASS: trig-syntax-bad-num-02
  PASS: trig-syntax-bad-num-03
  PASS: trig-syntax-bad-num-04
  PASS: trig-syntax-bad-num-05
  PASS: trig-eval-struct-01
  PASS: trig-eval-struct-02
  PASS: trig-subm-01
  PASS: trig-subm-02
  PASS: trig-subm-03
  PASS: trig-subm-04
  PASS: trig-subm-05
  PASS: trig-subm-06
  PASS: trig-subm-07
  PASS: trig-subm-08
  PASS: trig-subm-09
  PASS: trig-subm-10
  PASS: trig-subm-11
  PASS: trig-subm-12
  PASS: trig-subm-13
  PASS: trig-subm-14
  PASS: trig-subm-15
  PASS: trig-subm-16
  PASS: trig-subm-17
  PASS: trig-subm-18
  PASS: trig-subm-19
  PASS: trig-subm-20
  PASS: trig-subm-21
  PASS: trig-subm-22
  PASS: trig-subm-23
  PASS: trig-subm-24
  PASS: trig-subm-25
  PASS: trig-subm-26
  PASS: trig-subm-27
  PASS: trig-eval-bad-01
  PASS: trig-eval-bad-02
  PASS: trig-eval-bad-03
  PASS: trig-eval-bad-04
  PASS: trig-syntax-bad-blank-label-dot-end
  PASS: trig-syntax-bad-ln-dash-start
  PASS: trig-syntax-bad-ln-escape-start
  PASS: trig-syntax-bad-ln-escape
  PASS: trig-syntax-bad-missing-ns-dot-end
  PASS: trig-syntax-bad-missing-ns-dot-start
  PASS: trig-syntax-bad-ns-dot-end
  PASS: trig-syntax-bad-ns-dot-start
  PASS: trig-syntax-bad-number-dot-in-anon
  PASS: trig-syntax-bad-list-01
  PASS: trig-syntax-bad-list-02
  PASS: trig-syntax-bad-list-03
  PASS: trig-syntax-bad-list-04
  PASS: trig-syntax-blank-label
  PASS: trig-syntax-ln-colons
  PASS: trig-syntax-ln-dots
  PASS: trig-syntax-ns-dots
  PASS: trig-kw-graph-01
  PASS: trig-kw-graph-02
  PASS: trig-kw-graph-03
  PASS: trig-kw-graph-04
  PASS: trig-kw-graph-05
  PASS: trig-kw-graph-06
  PASS: trig-kw-graph-07
  PASS: trig-kw-graph-08
  PASS: trig-kw-graph-09
  PASS: trig-kw-graph-10
  PASS: trig-graph-bad-01
  PASS: trig-graph-bad-02
  PASS: trig-graph-bad-03
  PASS: trig-graph-bad-04
  PASS: trig-graph-bad-05
  PASS: trig-graph-bad-06
  PASS: trig-graph-bad-07
  PASS: trig-graph-bad-08
  PASS: trig-graph-bad-09
  PASS: trig-graph-bad-10
  PASS: trig-graph-bad-11
  PASS: trig-bnodeplist-graph-bad-01
  PASS: trig-collection-graph-bad-01
  PASS: trig-collection-graph-bad-02
  PASS: trig-turtle-01
  PASS: trig-turtle-02
  PASS: trig-turtle-03
  PASS: trig-turtle-04
  PASS: trig-turtle-05
  PASS: trig-turtle-06
  PASS: trig-turtle-bad-01
  PASS: trig-turtle-bad-02
  PASS: IRI-resolution-01
  PASS: IRI-resolution-02
  PASS: IRI-resolution-07
  PASS: IRI-resolution-08
  [suite time: 0.4s]

--- rdf-turtle ---
  PASS: IRI_subject
  PASS: IRI_with_four_digit_numeric_escape
  PASS: IRI_with_eight_digit_numeric_escape
  PASS: IRI_with_all_punctuation
  PASS: bareword_a_predicate
  PASS: old_style_prefix
  PASS: SPARQL_style_prefix
  PASS: prefixed_IRI_predicate
  PASS: prefixed_IRI_object
  PASS: prefix_only_IRI
  PASS: prefix_with_PN_CHARS_BASE_character_boundaries
  PASS: prefix_with_non_leading_extras
  PASS: default_namespace_IRI
  PASS: prefix_reassigned_and_used
  PASS: reserved_escaped_localName
  PASS: percent_escaped_localName
  PASS: HYPHEN_MINUS_in_localName
  PASS: underscore_in_localName
  PASS: localname_with_COLON
  PASS: localName_with_assigned_nfc_bmp_PN_CHARS_BASE_character_boundaries
  PASS: localName_with_assigned_nfc_PN_CHARS_BASE_character_boundaries
  PASS: localName_with_nfc_PN_CHARS_BASE_character_boundaries
  PASS: localName_with_leading_underscore
  PASS: localName_with_leading_digit
  PASS: localName_with_non_leading_extras
  PASS: old_style_base
  PASS: SPARQL_style_base
  PASS: labeled_blank_node_subject
  PASS: labeled_blank_node_object
  PASS: labeled_blank_node_with_PN_CHARS_BASE_character_boundaries
  PASS: labeled_blank_node_with_leading_underscore
  PASS: labeled_blank_node_with_leading_digit
  PASS: labeled_blank_node_with_non_leading_extras
  PASS: anonymous_blank_node_subject
  PASS: anonymous_blank_node_object
  PASS: sole_blankNodePropertyList
  PASS: blankNodePropertyList_as_subject
  PASS: blankNodePropertyList_as_object
  PASS: blankNodePropertyList_as_object_containing_objectList
  PASS: blankNodePropertyList_as_object_containing_objectList_of_two_objects
  PASS: blankNodePropertyList_with_multiple_triples
  PASS: nested_blankNodePropertyLists
  PASS: blankNodePropertyList_containing_collection
  PASS: collection_subject
  PASS: collection_object
  PASS: empty_collection
  PASS: nested_collection
  PASS: first
  PASS: last
  PASS: LITERAL1
  PASS: LITERAL1_ascii_boundaries
  PASS: LITERAL1_with_UTF8_boundaries
  PASS: LITERAL1_all_controls
  PASS: LITERAL1_all_punctuation
  PASS: LITERAL_LONG1
  PASS: LITERAL_LONG1_ascii_boundaries
  PASS: LITERAL_LONG1_with_UTF8_boundaries
  PASS: LITERAL_LONG1_with_1_squote
  PASS: LITERAL_LONG1_with_2_squotes
  PASS: LITERAL2
  PASS: LITERAL2_ascii_boundaries
  PASS: LITERAL2_with_UTF8_boundaries
  PASS: LITERAL_LONG2
  PASS: LITERAL_LONG2_ascii_boundaries
  PASS: LITERAL_LONG2_with_UTF8_boundaries
  PASS: LITERAL_LONG2_with_1_squote
  PASS: LITERAL_LONG2_with_2_squotes
  PASS: literal_with_CHARACTER_TABULATION
  PASS: literal_with_BACKSPACE
  PASS: literal_with_LINE_FEED
  PASS: literal_with_CARRIAGE_RETURN
  PASS: literal_with_FORM_FEED
  PASS: literal_with_REVERSE_SOLIDUS
  PASS: literal_with_escaped_CHARACTER_TABULATION
  PASS: literal_with_escaped_BACKSPACE
  PASS: literal_with_escaped_LINE_FEED
  PASS: literal_with_escaped_CARRIAGE_RETURN
  PASS: literal_with_escaped_FORM_FEED
  PASS: literal_with_numeric_escape4
  PASS: literal_with_numeric_escape8
  PASS: IRIREF_datatype
  PASS: prefixed_name_datatype
  PASS: bareword_integer
  PASS: bareword_decimal
  PASS: bareword_double
  PASS: double_lower_case_e
  PASS: negative_numeric
  PASS: positive_numeric
  PASS: numeric_with_leading_0
  PASS: literal_true
  PASS: literal_false
  PASS: langtagged_non_LONG
  PASS: langtagged_LONG
  PASS: lantag_with_subtag
  PASS: objectList_with_two_objects
  PASS: predicateObjectList_with_two_objectLists
  PASS: predicateObjectList_with_blankNodePropertyList_as_object
  PASS: repeated_semis_at_end
  PASS: repeated_semis_not_at_end
  PASS: comment_following_localName
  PASS: number_sign_following_localName
  PASS: comment_following_PNAME_NS
  PASS: number_sign_following_PNAME_NS
  PASS: LITERAL_LONG2_with_REVERSE_SOLIDUS
  PASS: turtle-syntax-bad-num-05
  PASS: two_LITERAL_LONG2s
  PASS: langtagged_LONG_with_subtag
  PASS: turtle-syntax-file-01
  PASS: turtle-syntax-file-02
  PASS: turtle-syntax-file-03
  PASS: turtle-syntax-uri-01
  PASS: turtle-syntax-uri-02
  PASS: turtle-syntax-uri-03
  PASS: turtle-syntax-uri-04
  PASS: turtle-syntax-base-01
  PASS: turtle-syntax-base-02
  PASS: turtle-syntax-base-03
  PASS: turtle-syntax-base-04
  PASS: turtle-syntax-prefix-01
  PASS: turtle-syntax-prefix-02
  PASS: turtle-syntax-prefix-03
  PASS: turtle-syntax-prefix-04
  PASS: turtle-syntax-prefix-05
  PASS: turtle-syntax-prefix-06
  PASS: turtle-syntax-prefix-07
  PASS: turtle-syntax-prefix-08
  PASS: turtle-syntax-prefix-09
  PASS: turtle-syntax-string-01
  PASS: turtle-syntax-string-02
  PASS: turtle-syntax-string-03
  PASS: turtle-syntax-string-04
  PASS: turtle-syntax-string-05
  PASS: turtle-syntax-string-06
  PASS: turtle-syntax-string-07
  PASS: turtle-syntax-string-08
  PASS: turtle-syntax-string-09
  PASS: turtle-syntax-string-10
  PASS: turtle-syntax-string-11
  PASS: turtle-syntax-str-esc-01
  PASS: turtle-syntax-str-esc-02
  PASS: turtle-syntax-str-esc-03
  PASS: turtle-syntax-pname-esc-01
  PASS: turtle-syntax-pname-esc-02
  PASS: turtle-syntax-pname-esc-03
  PASS: turtle-syntax-bnode-01
  PASS: turtle-syntax-bnode-02
  PASS: turtle-syntax-bnode-03
  PASS: turtle-syntax-bnode-04
  PASS: turtle-syntax-bnode-05
  PASS: turtle-syntax-bnode-06
  PASS: turtle-syntax-bnode-07
  PASS: turtle-syntax-bnode-08
  PASS: turtle-syntax-bnode-09
  PASS: turtle-syntax-bnode-10
  PASS: turtle-syntax-number-01
  PASS: turtle-syntax-number-02
  PASS: turtle-syntax-number-03
  PASS: turtle-syntax-number-04
  PASS: turtle-syntax-number-05
  PASS: turtle-syntax-number-06
  PASS: turtle-syntax-number-07
  PASS: turtle-syntax-number-08
  PASS: turtle-syntax-number-09
  PASS: turtle-syntax-number-10
  PASS: turtle-syntax-number-11
  PASS: turtle-syntax-number-12
  PASS: turtle-syntax-number-13
  PASS: turtle-syntax-datatypes-01
  PASS: turtle-syntax-datatypes-02
  PASS: turtle-syntax-kw-01
  PASS: turtle-syntax-kw-02
  PASS: turtle-syntax-kw-03
  PASS: turtle-syntax-struct-01
  PASS: turtle-syntax-struct-02
  PASS: turtle-syntax-struct-03
  PASS: turtle-syntax-struct-04
  PASS: turtle-syntax-struct-05
  PASS: turtle-eval-lists-01
  PASS: turtle-eval-lists-02
  PASS: turtle-eval-lists-03
  PASS: turtle-eval-lists-04
  PASS: turtle-eval-lists-05
  PASS: turtle-eval-lists-06
  PASS: turtle-syntax-bad-uri-01
  PASS: turtle-syntax-bad-uri-02
  PASS: turtle-syntax-bad-uri-03
  PASS: turtle-syntax-bad-uri-04
  PASS: turtle-syntax-bad-uri-05
  PASS: turtle-syntax-bad-prefix-01
  PASS: turtle-syntax-bad-prefix-02
  PASS: turtle-syntax-bad-prefix-03
  PASS: turtle-syntax-bad-prefix-04
  PASS: turtle-syntax-bad-prefix-05
  PASS: turtle-syntax-bad-base-01
  PASS: turtle-syntax-bad-base-02
  PASS: turtle-syntax-bad-base-03
  PASS: turtle-syntax-bad-bnode-01
  PASS: turtle-syntax-bad-bnode-02
  PASS: turtle-syntax-bad-struct-01
  PASS: turtle-syntax-bad-struct-02
  PASS: turtle-syntax-bad-struct-03
  PASS: turtle-syntax-bad-struct-04
  PASS: turtle-syntax-bad-struct-05
  PASS: turtle-syntax-bad-struct-06
  PASS: turtle-syntax-bad-struct-07
  PASS: turtle-syntax-bad-kw-01
  PASS: turtle-syntax-bad-kw-02
  PASS: turtle-syntax-bad-kw-03
  PASS: turtle-syntax-bad-kw-04
  PASS: turtle-syntax-bad-kw-05
  PASS: turtle-syntax-bad-n3-extras-01
  PASS: turtle-syntax-bad-n3-extras-02
  PASS: turtle-syntax-bad-n3-extras-03
  PASS: turtle-syntax-bad-n3-extras-04
  PASS: turtle-syntax-bad-n3-extras-05
  PASS: turtle-syntax-bad-n3-extras-06
  PASS: turtle-syntax-bad-n3-extras-07
  PASS: turtle-syntax-bad-n3-extras-08
  PASS: turtle-syntax-bad-n3-extras-09
  PASS: turtle-syntax-bad-n3-extras-10
  PASS: turtle-syntax-bad-n3-extras-11
  PASS: turtle-syntax-bad-n3-extras-12
  PASS: turtle-syntax-bad-n3-extras-13
  PASS: turtle-syntax-bad-numeric-escape-01
  PASS: turtle-syntax-bad-numeric-escape-02
  PASS: turtle-syntax-bad-numeric-escape-03
  PASS: turtle-syntax-bad-numeric-escape-04
  PASS: turtle-syntax-bad-numeric-escape-05
  PASS: turtle-syntax-bad-numeric-escape-06
  PASS: turtle-syntax-bad-numeric-escape-07
  PASS: turtle-syntax-bad-numeric-escape-08
  PASS: turtle-syntax-bad-numeric-escape-09
  PASS: turtle-syntax-bad-numeric-escape-10
  PASS: turtle-syntax-bad-struct-08
  PASS: turtle-syntax-bad-struct-09
  PASS: turtle-syntax-bad-struct-10
  PASS: turtle-syntax-bad-struct-11
  PASS: turtle-syntax-bad-struct-12
  PASS: turtle-syntax-bad-struct-13
  PASS: turtle-syntax-bad-struct-14
  PASS: turtle-syntax-bad-struct-15
  PASS: turtle-syntax-bad-struct-16
  PASS: turtle-syntax-bad-struct-17
  PASS: turtle-syntax-bad-lang-01
  PASS: turtle-syntax-bad-esc-01
  PASS: turtle-syntax-bad-esc-02
  PASS: turtle-syntax-bad-esc-03
  PASS: turtle-syntax-bad-esc-04
  PASS: turtle-syntax-bad-pname-01
  PASS: turtle-syntax-bad-pname-02
  PASS: turtle-syntax-bad-pname-03
  PASS: turtle-syntax-bad-string-01
  PASS: turtle-syntax-bad-string-02
  PASS: turtle-syntax-bad-string-03
  PASS: turtle-syntax-bad-string-04
  PASS: turtle-syntax-bad-string-05
  PASS: turtle-syntax-bad-string-06
  PASS: turtle-syntax-bad-string-07
  PASS: turtle-syntax-bad-num-01
  PASS: turtle-syntax-bad-num-02
  PASS: turtle-syntax-bad-num-03
  PASS: turtle-syntax-bad-num-04
  PASS: turtle-syntax-bad-num-05
  PASS: turtle-eval-struct-01
  PASS: turtle-eval-struct-02
  PASS: turtle-subm-01
  PASS: turtle-subm-02
  PASS: turtle-subm-03
  PASS: turtle-subm-04
  PASS: turtle-subm-05
  PASS: turtle-subm-06
  PASS: turtle-subm-07
  PASS: turtle-subm-08
  PASS: turtle-subm-09
  PASS: turtle-subm-10
  PASS: turtle-subm-11
  PASS: turtle-subm-12
  PASS: turtle-subm-13
  PASS: turtle-subm-14
  PASS: turtle-subm-15
  PASS: turtle-subm-16
  PASS: turtle-subm-17
  PASS: turtle-subm-18
  PASS: turtle-subm-19
  PASS: turtle-subm-20
  PASS: turtle-subm-21
  PASS: turtle-subm-22
  PASS: turtle-subm-23
  PASS: turtle-subm-24
  PASS: turtle-subm-25
  PASS: turtle-subm-26
  PASS: turtle-subm-27
  PASS: turtle-eval-bad-01
  PASS: turtle-eval-bad-02
  PASS: turtle-eval-bad-03
  PASS: turtle-eval-bad-04
  PASS: turtle-syntax-bad-blank-label-dot-end
  PASS: turtle-syntax-bad-ln-dash-start
  PASS: turtle-syntax-bad-ln-escape-start
  PASS: turtle-syntax-bad-ln-escape
  PASS: turtle-syntax-bad-missing-ns-dot-end
  PASS: turtle-syntax-bad-missing-ns-dot-start
  PASS: turtle-syntax-bad-ns-dot-end
  PASS: turtle-syntax-bad-ns-dot-start
  PASS: turtle-syntax-bad-number-dot-in-anon
  PASS: turtle-syntax-blank-label
  PASS: turtle-syntax-ln-colons
  PASS: turtle-syntax-ln-dots
  PASS: turtle-syntax-ns-dots
  PASS: IRI-resolution-01
  PASS: IRI-resolution-02
  PASS: IRI-resolution-07
  PASS: IRI-resolution-08
  [suite time: 0.4s]

--- rdf-xml ---
  PASS: amp-in-url-test001
  PASS: datatypes-test001
  PASS: datatypes-test002
  PASS: rdf-charmod-literals-test001
  PASS: rdf-charmod-uris-test001
  PASS: rdf-charmod-uris-test002
  PASS: rdf-containers-syntax-vs-schema-error001
  PASS: rdf-containers-syntax-vs-schema-error002
  PASS: rdf-containers-syntax-vs-schema-test001
  PASS: rdf-containers-syntax-vs-schema-test002
  PASS: rdf-containers-syntax-vs-schema-test003
  PASS: rdf-containers-syntax-vs-schema-test004
  PASS: rdf-containers-syntax-vs-schema-test006
  PASS: rdf-containers-syntax-vs-schema-test007
  PASS: rdf-containers-syntax-vs-schema-test008
  PASS: rdf-element-not-mandatory-test001
  PASS: rdf-node-element-test001
  PASS: rdf-ns-prefix-confusion-test0001
  PASS: rdf-ns-prefix-confusion-test0003
  PASS: rdf-ns-prefix-confusion-test0004
  PASS: rdf-ns-prefix-confusion-test0005
  PASS: rdf-ns-prefix-confusion-test0006
  PASS: rdf-ns-prefix-confusion-test0009
  PASS: rdf-ns-prefix-confusion-test0010
  PASS: rdf-ns-prefix-confusion-test0011
  PASS: rdf-ns-prefix-confusion-test0012
  PASS: rdf-ns-prefix-confusion-test0013
  PASS: rdf-ns-prefix-confusion-test0014
  PASS: rdfms-abouteach-error001
  PASS: rdfms-abouteach-error002
  PASS: rdfms-difference-between-ID-and-about-error1
  PASS: rdfms-difference-between-ID-and-about-test1
  PASS: rdfms-difference-between-ID-and-about-test2
  PASS: rdfms-difference-between-ID-and-about-test3
  PASS: rdfms-duplicate-member-props-test001
  PASS: rdfms-empty-property-elements-error001
  PASS: rdfms-empty-property-elements-error002
  PASS: rdfms-empty-property-elements-test001
  PASS: rdfms-empty-property-elements-test002
  PASS: rdfms-empty-property-elements-test004
  PASS: rdfms-empty-property-elements-test005
  PASS: rdfms-empty-property-elements-test006
  PASS: rdfms-empty-property-elements-test007
  PASS: rdfms-empty-property-elements-test008
  PASS: rdfms-empty-property-elements-test010
  PASS: rdfms-empty-property-elements-test011
  PASS: rdfms-empty-property-elements-test012
  PASS: rdfms-empty-property-elements-test013
  PASS: rdfms-empty-property-elements-test014
  PASS: rdfms-empty-property-elements-test015
  PASS: rdfms-empty-property-elements-test016
  PASS: rdfms-empty-property-elements-test017
  PASS: rdfms-identity-anon-resources-test001
  PASS: rdfms-identity-anon-resources-test002
  PASS: rdfms-identity-anon-resources-test003
  PASS: rdfms-identity-anon-resources-test004
  PASS: rdfms-identity-anon-resources-test005
  PASS: rdfms-not-id-and-resource-attr-test001
  PASS: rdfms-not-id-and-resource-attr-test002
  PASS: rdfms-not-id-and-resource-attr-test004
  PASS: rdfms-not-id-and-resource-attr-test005
  PASS: rdfms-para196-test001
  PASS: rdfms-rdf-id-error001
  PASS: rdfms-rdf-id-error002
  PASS: rdfms-rdf-id-error003
  PASS: rdfms-rdf-id-error004
  PASS: rdfms-rdf-id-error005
  PASS: rdfms-rdf-id-error006
  PASS: rdfms-rdf-id-error007
  PASS: rdfms-rdf-names-use-error-001
  PASS: rdfms-rdf-names-use-error-002
  PASS: rdfms-rdf-names-use-error-003
  PASS: rdfms-rdf-names-use-error-004
  PASS: rdfms-rdf-names-use-error-005
  PASS: rdfms-rdf-names-use-error-006
  PASS: rdfms-rdf-names-use-error-007
  PASS: rdfms-rdf-names-use-error-008
  PASS: rdfms-rdf-names-use-error-009
  PASS: rdfms-rdf-names-use-error-010
  PASS: rdfms-rdf-names-use-error-011
  PASS: rdfms-rdf-names-use-error-012
  PASS: rdfms-rdf-names-use-error-013
  PASS: rdfms-rdf-names-use-error-014
  PASS: rdfms-rdf-names-use-error-015
  PASS: rdfms-rdf-names-use-error-016
  PASS: rdfms-rdf-names-use-error-017
  PASS: rdfms-rdf-names-use-error-018
  PASS: rdfms-rdf-names-use-error-019
  PASS: rdfms-rdf-names-use-error-020
  PASS: rdfms-rdf-names-use-test-001
  PASS: rdfms-rdf-names-use-test-002
  PASS: rdfms-rdf-names-use-test-003
  PASS: rdfms-rdf-names-use-test-004
  PASS: rdfms-rdf-names-use-test-005
  PASS: rdfms-rdf-names-use-test-006
  PASS: rdfms-rdf-names-use-test-007
  PASS: rdfms-rdf-names-use-test-008
  PASS: rdfms-rdf-names-use-test-009
  PASS: rdfms-rdf-names-use-test-010
  PASS: rdfms-rdf-names-use-test-011
  PASS: rdfms-rdf-names-use-test-012
  PASS: rdfms-rdf-names-use-test-013
  PASS: rdfms-rdf-names-use-test-014
  PASS: rdfms-rdf-names-use-test-015
  PASS: rdfms-rdf-names-use-test-016
  PASS: rdfms-rdf-names-use-test-017
  PASS: rdfms-rdf-names-use-test-018
  PASS: rdfms-rdf-names-use-test-019
  PASS: rdfms-rdf-names-use-test-020
  PASS: rdfms-rdf-names-use-test-021
  PASS: rdfms-rdf-names-use-test-022
  PASS: rdfms-rdf-names-use-test-023
  PASS: rdfms-rdf-names-use-test-024
  PASS: rdfms-rdf-names-use-test-025
  PASS: rdfms-rdf-names-use-test-026
  PASS: rdfms-rdf-names-use-test-027
  PASS: rdfms-rdf-names-use-test-028
  PASS: rdfms-rdf-names-use-test-029
  PASS: rdfms-rdf-names-use-test-030
  PASS: rdfms-rdf-names-use-test-031
  PASS: rdfms-rdf-names-use-test-032
  PASS: rdfms-rdf-names-use-test-033
  PASS: rdfms-rdf-names-use-test-034
  PASS: rdfms-rdf-names-use-test-035
  PASS: rdfms-rdf-names-use-test-036
  PASS: rdfms-rdf-names-use-test-037
  PASS: rdfms-rdf-names-use-warn-001
  PASS: rdfms-rdf-names-use-warn-002
  PASS: rdfms-rdf-names-use-warn-003
  PASS: rdfms-reification-required-test001
  PASS: rdfms-reification-required-test002
  PASS: rdfms-seq-representation-test001
  PASS: rdfms-seq-representation-test002
  PASS: rdfms-syntax-incomplete-test001
  PASS: rdfms-syntax-incomplete-test002
  PASS: rdfms-syntax-incomplete-test003
  PASS: rdfms-syntax-incomplete-test004
  PASS: r  [139/166] rdf-xml/rdfms-syntax-incomplete-error002 ok
  [140/166] rdf-xml/rdfms-syntax-incomplete-error003 ok
  [141/166] rdf-xml/rdfms-syntax-incomplete-error004 ok
  [142/166] rdf-xml/rdfms-syntax-incomplete-error005 ok
  [143/166] rdf-xml/rdfms-syntax-incomplete-error006 ok
  [144/166] rdf-xml/rdfms-uri-substructure-test001 ok
  [145/166] rdf-xml/rdfms-xmllang-test003 ok
  [146/166] rdf-xml/rdfms-xmllang-test004 ok
  [147/166] rdf-xml/rdfms-xmllang-test005 ok
  [148/166] rdf-xml/rdfms-xmllang-test006 ok
  [149/166] rdf-xml/rdfs-domain-and-range-test001 ok
  [150/166] rdf-xml/rdfs-domain-and-range-test002 ok
  [151/166] rdf-xml/unrecognised-xml-attributes-test001 ok
  [152/166] rdf-xml/unrecognised-xml-attributes-test002 ok
  [153/166] rdf-xml/xml-canon-test001 ok
  [154/166] rdf-xml/xml-canon-test002 ok
  [155/166] rdf-xml/xmlbase-test001 ok
  [156/166] rdf-xml/xmlbase-test002 ok
  [157/166] rdf-xml/xmlbase-test003 ok
  [158/166] rdf-xml/xmlbase-test004 ok
  [159/166] rdf-xml/xmlbase-test006 ok
  [160/166] rdf-xml/xmlbase-test007 ok
  [161/166] rdf-xml/xmlbase-test008 ok
  [162/166] rdf-xml/xmlbase-test009 ok
  [163/166] rdf-xml/xmlbase-test010 ok
  [164/166] rdf-xml/xmlbase-test011 ok
  [165/166] rdf-xml/xmlbase-test013 ok
  [166/166] rdf-xml/xmlbase-test014 ok
dfms-syntax-incomplete-error001
  PASS: rdfms-syntax-incomplete-error002
  PASS: rdfms-syntax-incomplete-error003
  PASS: rdfms-syntax-incomplete-error004
  PASS: rdfms-syntax-incomplete-error005
  PASS: rdfms-syntax-incomplete-error006
  PASS: rdfms-uri-substructure-test001
  PASS: rdfms-xmllang-test003
  PASS: rdfms-xmllang-test004
  PASS: rdfms-xmllang-test005
  PASS: rdfms-xmllang-test006
  PASS: rdfs-domain-and-range-test001
  PASS: rdfs-domain-and-range-test002
  PASS: unrecognised-xml-attributes-test001
  PASS: unrecognised-xml-attributes-test002
  PASS: xml-canon-test001
  PASS: xml-canon-test002
  PASS: xmlbase-test001
  PASS: xmlbase-test002
  PASS: xmlbase-test003
  PASS: xmlbase-test004
  PASS: xmlbase-test006
  PASS: xmlbase-test007
  PASS: xmlbase-test008
  PASS: xmlbase-test009
  PASS: xmlbase-test010
  PASS: xmlbase-test011
  PASS: xmlbase-test013
  PASS: xmlbase-test014
  [suite time: 0.2s]

========================================
Suite Results:
  rdf-mt                              pass:38 fail:0 skip:0 unsupported:1
  rdf-n-quads                         pass:87 fail:0 skip:0 unsupported:0
  rdf-n-triples                       pass:70 fail:0 skip:0 unsupported:0
  rdf-trig                            pass:356 fail:0 skip:0 unsupported:0
  rdf-turtle                          pass:313 fail:0 skip:0 unsupported:0
  rdf-xml                             pass:166 fail:0 skip:0 unsupported:0
========================================
TOTAL: 1030 pass, 0 fail, 0 skip, 1 unsupported
========================================

Harness Diagnostics (escape branches, #316):
HARNESS-DIAG rdf-mt                         budget_exceeded:0 gsp_seed:0 no_manifest:0 zero_tests:0 skip:0 unsupported:1
HARNESS-DIAG rdf-n-quads                    budget_exceeded:0 gsp_seed:0 no_manifest:0 zero_tests:0 skip:0 unsupported:0
HARNESS-DIAG rdf-n-triples                  budget_exceeded:0 gsp_seed:0 no_manifest:0 zero_tests:0 skip:0 unsupported:0
HARNESS-DIAG rdf-trig                       budget_exceeded:0 gsp_seed:0 no_manifest:0 zero_tests:0 skip:0 unsupported:0
HARNESS-DIAG rdf-turtle                     budget_exceeded:0 gsp_seed:0 no_manifest:0 zero_tests:0 skip:0 unsupported:0
HARNESS-DIAG rdf-xml                        budget_exceeded:0 gsp_seed:0 no_manifest:0 zero_tests:0 skip:0 unsupported:0
HARNESS-DIAG-TOTAL budget_exceeded:0 gsp_seed:0 no_manifest:0 zero_tests:0 skip:0 unsupported:1 discovered_tests:1031
